exit_code,monitor_cadence_seconds,resource_stop,sampled_peak_rss_mb,sampled_process_disk_read_bytes,sampled_process_disk_write_bytes,spawn_to_exit_wall_seconds,status,task,task_path,n,days,core_manifest_status,core_error,evidence_type
2,0.05,,27.015625,0,0,0.11286270799973863,failed,partial-n1000000-t1,evidence/benchmarks/20261007T141428-cpu-benchmark-04a950dda22c/partial-n1000000-t1,1000000,1,,,bounded_actual_partial_attempt
2,0.05,,27.203125,0,0,0.11294091599984313,failed,single-n1000-t30-r0,evidence/benchmarks/20261007T141428-cpu-benchmark-04a950dda22c/single-n1000-t30-r0,1000,30,,,bounded_actual_partial_attempt
2,0.05,,27.65625,0,0,0.10837116700031402,failed,single-n1000-t30-r1,evidence/benchmarks/20261007T141428-cpu-benchmark-04a950dda22c/single-n1000-t30-r1,1000,30,,,bounded_actual_partial_attempt
2,0.05,,27.875,0,0,0.10786449999977776,failed,single-n1000-t30-r2,evidence/benchmarks/20261007T141428-cpu-benchmark-04a950dda22c/single-n1000-t30-r2,1000,30,,,bounded_actual_partial_attempt
2,0.05,,28.71875,0,0,0.12214683299998796,failed,single-n10000-t30-r0,evidence/benchmarks/20261007T141428-cpu-benchmark-04a950dda22c/single-n10000-t30-r0,10000,30,,,bounded_actual_partial_attempt
2,0.05,,28.09375,0,0,0.11628450000034718,failed,single-n10000-t30-r1,evidence/benchmarks/20261007T141428-cpu-benchmark-04a950dda22c/single-n10000-t30-r1,10000,30,,,bounded_actual_partial_attempt
2,0.05,,27.171875,0,0,0.11290312499977517,failed,single-n10000-t30-r2,evidence/benchmarks/20261007T141428-cpu-benchmark-04a950dda22c/single-n10000-t30-r2,10000,30,,,bounded_actual_partial_attempt
2,0.05,,28.75,0,0,0.11428087500007678,failed,single-n100000-t3-r0,evidence/benchmarks/20261007T141428-cpu-benchmark-04a950dda22c/single-n100000-t3-r0,100000,3,,,bounded_actual_partial_attempt
2,0.05,,28.015625,0,0,0.11342508400002771,failed,single-n100000-t3-r1,evidence/benchmarks/20261007T141428-cpu-benchmark-04a950dda22c/single-n100000-t3-r1,100000,3,,,bounded_actual_partial_attempt
2,0.05,,26.859375,0,0,0.10754591700015226,failed,single-n100000-t3-r2,evidence/benchmarks/20261007T141428-cpu-benchmark-04a950dda22c/single-n100000-t3-r2,100000,3,,,bounded_actual_partial_attempt
2,0.05,,27.734375,0,0,0.10801908299981733,failed,single-n120-t60-r1,evidence/benchmarks/20261007T141428-cpu-benchmark-04a950dda22c/single-n120-t60-r1,120,60,,,bounded_actual_partial_attempt
2,0.05,,28.453125,0,0,0.11369979200026137,failed,single-n120-t60-r2,evidence/benchmarks/20261007T141428-cpu-benchmark-04a950dda22c/single-n120-t60-r2,120,60,,,bounded_actual_partial_attempt
2,0.05,,28.4375,0,0,0.12172620899991671,failed,strong-r0-w1-world0,evidence/benchmarks/20261007T141428-cpu-benchmark-04a950dda22c/strong-r0-w1-world0,1000,30,,,bounded_actual_partial_attempt
2,0.05,,27.9375,0,0,0.1141111249999085,failed,strong-r0-w1-world1,evidence/benchmarks/20261007T141428-cpu-benchmark-04a950dda22c/strong-r0-w1-world1,1000,30,,,bounded_actual_partial_attempt
2,0.05,,28.4375,0,0,0.11914391700020133,failed,strong-r0-w1-world2,evidence/benchmarks/20261007T141428-cpu-benchmark-04a950dda22c/strong-r0-w1-world2,1000,30,,,bounded_actual_partial_attempt
2,0.05,,27.765625,0,0,0.11467399999992267,failed,strong-r0-w1-world3,evidence/benchmarks/20261007T141428-cpu-benchmark-04a950dda22c/strong-r0-w1-world3,1000,30,,,bounded_actual_partial_attempt
2,0.05,,28.875,0,0,0.1228134590000991,failed,strong-r0-w2-world0,evidence/benchmarks/20261007T141428-cpu-benchmark-04a950dda22c/strong-r0-w2-world0,1000,30,,,bounded_actual_partial_attempt
2,0.05,,28.703125,0,0,0.12258258300016678,failed,strong-r0-w2-world1,evidence/benchmarks/20261007T141428-cpu-benchmark-04a950dda22c/strong-r0-w2-world1,1000,30,,,bounded_actual_partial_attempt
2,0.05,,28.21875,0,0,0.1222093340002175,failed,strong-r0-w2-world2,evidence/benchmarks/20261007T141428-cpu-benchmark-04a950dda22c/strong-r0-w2-world2,1000,30,,,bounded_actual_partial_attempt
2,0.05,,27.171875,0,0,0.11618941599999744,failed,strong-r0-w2-world3,evidence/benchmarks/20261007T141428-cpu-benchmark-04a950dda22c/strong-r0-w2-world3,1000,30,,,bounded_actual_partial_attempt
2,0.05,,27.75,0,0,0.11899608300018372,failed,strong-r0-w4-world0,evidence/benchmarks/20261007T141428-cpu-benchmark-04a950dda22c/strong-r0-w4-world0,1000,30,,,bounded_actual_partial_attempt
2,0.05,,28.203125,0,0,0.11876254199978575,failed,strong-r0-w4-world1,evidence/benchmarks/20261007T141428-cpu-benchmark-04a950dda22c/strong-r0-w4-world1,1000,30,,,bounded_actual_partial_attempt
2,0.05,,27.796875,0,0,0.11880441599987535,failed,strong-r0-w4-world2,evidence/benchmarks/20261007T141428-cpu-benchmark-04a950dda22c/strong-r0-w4-world2,1000,30,,,bounded_actual_partial_attempt
2,0.05,,27.796875,0,0,0.11833304100036912,failed,strong-r0-w4-world3,evidence/benchmarks/20261007T141428-cpu-benchmark-04a950dda22c/strong-r0-w4-world3,1000,30,,,bounded_actual_partial_attempt
2,0.05,,27.90625,0,0,0.11942050000016025,failed,strong-r1-w1-world0,evidence/benchmarks/20261007T141428-cpu-benchmark-04a950dda22c/strong-r1-w1-world0,1000,30,,,bounded_actual_partial_attempt
2,0.05,,27.03125,0,0,0.11292637499991542,failed,strong-r1-w1-world1,evidence/benchmarks/20261007T141428-cpu-benchmark-04a950dda22c/strong-r1-w1-world1,1000,30,,,bounded_actual_partial_attempt
2,0.05,,27.359375,0,0,0.10642241699997612,failed,strong-r1-w1-world2,evidence/benchmarks/20261007T141428-cpu-benchmark-04a950dda22c/strong-r1-w1-world2,1000,30,,,bounded_actual_partial_attempt
2,0.05,,27.734375,0,0,0.11087720800014722,failed,strong-r1-w1-world3,evidence/benchmarks/20261007T141428-cpu-benchmark-04a950dda22c/strong-r1-w1-world3,1000,30,,,bounded_actual_partial_attempt
2,0.05,,28.046875,0,0,0.11693095900000117,failed,strong-r1-w2-world0,evidence/benchmarks/20261007T141428-cpu-benchmark-04a950dda22c/strong-r1-w2-world0,1000,30,,,bounded_actual_partial_attempt
2,0.05,,28.84375,0,0,0.11704529200005709,failed,strong-r1-w2-world1,evidence/benchmarks/20261007T141428-cpu-benchmark-04a950dda22c/strong-r1-w2-world1,1000,30,,,bounded_actual_partial_attempt
2,0.05,,26.828125,0,0,0.10657045800007836,failed,strong-r1-w2-world2,evidence/benchmarks/20261007T141428-cpu-benchmark-04a950dda22c/strong-r1-w2-world2,1000,30,,,bounded_actual_partial_attempt
2,0.05,,27.796875,0,0,0.11547633300006055,failed,strong-r1-w2-world3,evidence/benchmarks/20261007T141428-cpu-benchmark-04a950dda22c/strong-r1-w2-world3,1000,30,,,bounded_actual_partial_attempt
2,0.05,,28.171875,0,0,0.11926629199979288,failed,strong-r1-w4-world0,evidence/benchmarks/20261007T141428-cpu-benchmark-04a950dda22c/strong-r1-w4-world0,1000,30,,,bounded_actual_partial_attempt
2,0.05,,28.65625,0,0,0.1205849580001086,failed,strong-r1-w4-world1,evidence/benchmarks/20261007T141428-cpu-benchmark-04a950dda22c/strong-r1-w4-world1,1000,30,,,bounded_actual_partial_attempt
2,0.05,,27.8125,0,0,0.11893937500008178,failed,strong-r1-w4-world2,evidence/benchmarks/20261007T141428-cpu-benchmark-04a950dda22c/strong-r1-w4-world2,1000,30,,,bounded_actual_partial_attempt
2,0.05,,28.65625,0,0,0.11854300000004514,failed,strong-r1-w4-world3,evidence/benchmarks/20261007T141428-cpu-benchmark-04a950dda22c/strong-r1-w4-world3,1000,30,,,bounded_actual_partial_attempt
2,0.05,,26.734375,0,0,0.10531916699983412,failed,strong-r2-w1-world0,evidence/benchmarks/20261007T141428-cpu-benchmark-04a950dda22c/strong-r2-w1-world0,1000,30,,,bounded_actual_partial_attempt
2,0.05,,27.90625,0,0,0.11458858399964811,failed,strong-r2-w1-world1,evidence/benchmarks/20261007T141428-cpu-benchmark-04a950dda22c/strong-r2-w1-world1,1000,30,,,bounded_actual_partial_attempt
2,0.05,,27.78125,0,0,0.1193863749999764,failed,strong-r2-w1-world2,evidence/benchmarks/20261007T141428-cpu-benchmark-04a950dda22c/strong-r2-w1-world2,1000,30,,,bounded_actual_partial_attempt
2,0.05,,27.921875,0,0,0.11462500000016007,failed,strong-r2-w1-world3,evidence/benchmarks/20261007T141428-cpu-benchmark-04a950dda22c/strong-r2-w1-world3,1000,30,,,bounded_actual_partial_attempt
2,0.05,,27.796875,0,0,0.11940804200003186,failed,strong-r2-w2-world0,evidence/benchmarks/20261007T141428-cpu-benchmark-04a950dda22c/strong-r2-w2-world0,1000,30,,,bounded_actual_partial_attempt
2,0.05,,27.984375,0,0,0.11966491700013648,failed,strong-r2-w2-world1,evidence/benchmarks/20261007T141428-cpu-benchmark-04a950dda22c/strong-r2-w2-world1,1000,30,,,bounded_actual_partial_attempt
2,0.05,,27.78125,0,0,0.11987420900004508,failed,strong-r2-w2-world2,evidence/benchmarks/20261007T141428-cpu-benchmark-04a950dda22c/strong-r2-w2-world2,1000,30,,,bounded_actual_partial_attempt
2,0.05,,28.03125,0,0,0.11960883299980196,failed,strong-r2-w2-world3,evidence/benchmarks/20261007T141428-cpu-benchmark-04a950dda22c/strong-r2-w2-world3,1000,30,,,bounded_actual_partial_attempt
2,0.05,,28.96875,0,0,0.12458974999981365,failed,strong-r2-w4-world0,evidence/benchmarks/20261007T141428-cpu-benchmark-04a950dda22c/strong-r2-w4-world0,1000,30,,,bounded_actual_partial_attempt
2,0.05,,28.953125,0,0,0.11892670800034466,failed,strong-r2-w4-world1,evidence/benchmarks/20261007T141428-cpu-benchmark-04a950dda22c/strong-r2-w4-world1,1000,30,,,bounded_actual_partial_attempt
2,0.05,,28.640625,0,0,0.11486879200037947,failed,strong-r2-w4-world2,evidence/benchmarks/20261007T141428-cpu-benchmark-04a950dda22c/strong-r2-w4-world2,1000,30,,,bounded_actual_partial_attempt
2,0.05,,29.03125,0,0,0.12428300000010495,failed,strong-r2-w4-world3,evidence/benchmarks/20261007T141428-cpu-benchmark-04a950dda22c/strong-r2-w4-world3,1000,30,,,bounded_actual_partial_attempt
2,0.05,,26.796875,0,0,0.11352841600000829,failed,weak-r0-w1-world0,evidence/benchmarks/20261007T141428-cpu-benchmark-04a950dda22c/weak-r0-w1-world0,1000,30,,,bounded_actual_partial_attempt
2,0.05,,28.203125,0,0,0.11911845900021945,failed,weak-r0-w1-world1,evidence/benchmarks/20261007T141428-cpu-benchmark-04a950dda22c/weak-r0-w1-world1,1000,30,,,bounded_actual_partial_attempt
2,0.05,,26.828125,0,0,0.11221983299992644,failed,weak-r0-w2-world0,evidence/benchmarks/20261007T141428-cpu-benchmark-04a950dda22c/weak-r0-w2-world0,1000,30,,,bounded_actual_partial_attempt
2,0.05,,26.75,0,0,0.10727091699982338,failed,weak-r0-w2-world1,evidence/benchmarks/20261007T141428-cpu-benchmark-04a950dda22c/weak-r0-w2-world1,1000,30,,,bounded_actual_partial_attempt
2,0.05,,26.875,0,0,0.1140106249999917,failed,weak-r0-w2-world2,evidence/benchmarks/20261007T141428-cpu-benchmark-04a950dda22c/weak-r0-w2-world2,1000,30,,,bounded_actual_partial_attempt
2,0.05,,28.984375,0,0,0.11648133400012739,failed,weak-r0-w2-world3,evidence/benchmarks/20261007T141428-cpu-benchmark-04a950dda22c/weak-r0-w2-world3,1000,30,,,bounded_actual_partial_attempt
2,0.05,,28.0,0,0,0.11181066700009978,failed,weak-r0-w4-world0,evidence/benchmarks/20261007T141428-cpu-benchmark-04a950dda22c/weak-r0-w4-world0,1000,30,,,bounded_actual_partial_attempt
2,0.05,,27.8125,0,0,0.11148874999980762,failed,weak-r0-w4-world1,evidence/benchmarks/20261007T141428-cpu-benchmark-04a950dda22c/weak-r0-w4-world1,1000,30,,,bounded_actual_partial_attempt
2,0.05,,28.8125,0,0,0.11900695899976199,failed,weak-r0-w4-world2,evidence/benchmarks/20261007T141428-cpu-benchmark-04a950dda22c/weak-r0-w4-world2,1000,30,,,bounded_actual_partial_attempt
2,0.05,,27.625,0,0,0.10891375000028347,failed,weak-r0-w4-world3,evidence/benchmarks/20261007T141428-cpu-benchmark-04a950dda22c/weak-r0-w4-world3,1000,30,,,bounded_actual_partial_attempt
2,0.05,,27.734375,0,0,0.1175659169998653,failed,weak-r0-w4-world4,evidence/benchmarks/20261007T141428-cpu-benchmark-04a950dda22c/weak-r0-w4-world4,1000,30,,,bounded_actual_partial_attempt
2,0.05,,27.640625,0,0,0.11343704099999741,failed,weak-r0-w4-world5,evidence/benchmarks/20261007T141428-cpu-benchmark-04a950dda22c/weak-r0-w4-world5,1000,30,,,bounded_actual_partial_attempt
2,0.05,,28.609375,0,0,0.12047054100003152,failed,weak-r0-w4-world6,evidence/benchmarks/20261007T141428-cpu-benchmark-04a950dda22c/weak-r0-w4-world6,1000,30,,,bounded_actual_partial_attempt
2,0.05,,27.765625,0,0,0.10772187500015207,failed,weak-r0-w4-world7,evidence/benchmarks/20261007T141428-cpu-benchmark-04a950dda22c/weak-r0-w4-world7,1000,30,,,bounded_actual_partial_attempt
2,0.05,,26.8125,0,0,0.10790799999995215,failed,weak-r1-w1-world0,evidence/benchmarks/20261007T141428-cpu-benchmark-04a950dda22c/weak-r1-w1-world0,1000,30,,,bounded_actual_partial_attempt
2,0.05,,27.1875,0,0,0.1140339580001637,failed,weak-r1-w1-world1,evidence/benchmarks/20261007T141428-cpu-benchmark-04a950dda22c/weak-r1-w1-world1,1000,30,,,bounded_actual_partial_attempt
2,0.05,,27.84375,0,0,0.11891208299994105,failed,weak-r1-w2-world0,evidence/benchmarks/20261007T141428-cpu-benchmark-04a950dda22c/weak-r1-w2-world0,1000,30,,,bounded_actual_partial_attempt
2,0.05,,28.78125,0,0,0.12296854199985319,failed,weak-r1-w2-world1,evidence/benchmarks/20261007T141428-cpu-benchmark-04a950dda22c/weak-r1-w2-world1,1000,30,,,bounded_actual_partial_attempt
2,0.05,,26.625,0,0,0.10816079200003514,failed,weak-r1-w2-world2,evidence/benchmarks/20261007T141428-cpu-benchmark-04a950dda22c/weak-r1-w2-world2,1000,30,,,bounded_actual_partial_attempt
2,0.05,,28.203125,0,0,0.1160794999996142,failed,weak-r1-w2-world3,evidence/benchmarks/20261007T141428-cpu-benchmark-04a950dda22c/weak-r1-w2-world3,1000,30,,,bounded_actual_partial_attempt
2,0.05,,27.171875,0,0,0.11661745899982634,failed,weak-r1-w4-world0,evidence/benchmarks/20261007T141428-cpu-benchmark-04a950dda22c/weak-r1-w4-world0,1000,30,,,bounded_actual_partial_attempt
2,0.05,,28.171875,0,0,0.11899162500003513,failed,weak-r1-w4-world1,evidence/benchmarks/20261007T141428-cpu-benchmark-04a950dda22c/weak-r1-w4-world1,1000,30,,,bounded_actual_partial_attempt
2,0.05,,27.75,0,0,0.1134754999998222,failed,weak-r1-w4-world2,evidence/benchmarks/20261007T141428-cpu-benchmark-04a950dda22c/weak-r1-w4-world2,1000,30,,,bounded_actual_partial_attempt
2,0.05,,27.3125,0,0,0.11592587499990259,failed,weak-r1-w4-world3,evidence/benchmarks/20261007T141428-cpu-benchmark-04a950dda22c/weak-r1-w4-world3,1000,30,,,bounded_actual_partial_attempt
2,0.05,,27.015625,0,0,0.11325629200018739,failed,weak-r1-w4-world4,evidence/benchmarks/20261007T141428-cpu-benchmark-04a950dda22c/weak-r1-w4-world4,1000,30,,,bounded_actual_partial_attempt
2,0.05,,28.765625,0,0,0.11799841699985336,failed,weak-r1-w4-world5,evidence/benchmarks/20261007T141428-cpu-benchmark-04a950dda22c/weak-r1-w4-world5,1000,30,,,bounded_actual_partial_attempt
2,0.05,,28.96875,0,0,0.11822179199998573,failed,weak-r1-w4-world6,evidence/benchmarks/20261007T141428-cpu-benchmark-04a950dda22c/weak-r1-w4-world6,1000,30,,,bounded_actual_partial_attempt
2,0.05,,26.984375,0,0,0.1120697910000672,failed,weak-r1-w4-world7,evidence/benchmarks/20261007T141428-cpu-benchmark-04a950dda22c/weak-r1-w4-world7,1000,30,,,bounded_actual_partial_attempt
2,0.05,,28.578125,0,0,0.11849691599991274,failed,weak-r2-w1-world0,evidence/benchmarks/20261007T141428-cpu-benchmark-04a950dda22c/weak-r2-w1-world0,1000,30,,,bounded_actual_partial_attempt
2,0.05,,28.328125,0,0,0.11574324999992314,failed,weak-r2-w1-world1,evidence/benchmarks/20261007T141428-cpu-benchmark-04a950dda22c/weak-r2-w1-world1,1000,30,,,bounded_actual_partial_attempt
2,0.05,,27.453125,0,0,0.11647804199992606,failed,weak-r2-w2-world0,evidence/benchmarks/20261007T141428-cpu-benchmark-04a950dda22c/weak-r2-w2-world0,1000,30,,,bounded_actual_partial_attempt
2,0.05,,28.703125,0,0,0.12109937500008527,failed,weak-r2-w2-world1,evidence/benchmarks/20261007T141428-cpu-benchmark-04a950dda22c/weak-r2-w2-world1,1000,30,,,bounded_actual_partial_attempt
2,0.05,,28.875,0,0,0.11473812500025815,failed,weak-r2-w2-world2,evidence/benchmarks/20261007T141428-cpu-benchmark-04a950dda22c/weak-r2-w2-world2,1000,30,,,bounded_actual_partial_attempt
2,0.05,,28.1875,0,0,0.11033916700034752,failed,weak-r2-w2-world3,evidence/benchmarks/20261007T141428-cpu-benchmark-04a950dda22c/weak-r2-w2-world3,1000,30,,,bounded_actual_partial_attempt
2,0.05,,28.703125,0,0,0.1186224170000969,failed,weak-r2-w4-world0,evidence/benchmarks/20261007T141428-cpu-benchmark-04a950dda22c/weak-r2-w4-world0,1000,30,,,bounded_actual_partial_attempt
2,0.05,,27.15625,0,0,0.11712325000007695,failed,weak-r2-w4-world1,evidence/benchmarks/20261007T141428-cpu-benchmark-04a950dda22c/weak-r2-w4-world1,1000,30,,,bounded_actual_partial_attempt
2,0.05,,28.828125,0,0,0.1183887910001431,failed,weak-r2-w4-world2,evidence/benchmarks/20261007T141428-cpu-benchmark-04a950dda22c/weak-r2-w4-world2,1000,30,,,bounded_actual_partial_attempt
2,0.05,,28.75,0,0,0.11840379099976417,failed,weak-r2-w4-world3,evidence/benchmarks/20261007T141428-cpu-benchmark-04a950dda22c/weak-r2-w4-world3,1000,30,,,bounded_actual_partial_attempt
2,0.05,,27.046875,0,0,0.11503729199966983,failed,weak-r2-w4-world4,evidence/benchmarks/20261007T141428-cpu-benchmark-04a950dda22c/weak-r2-w4-world4,1000,30,,,bounded_actual_partial_attempt
2,0.05,,27.9375,0,0,0.11789162500008388,failed,weak-r2-w4-world5,evidence/benchmarks/20261007T141428-cpu-benchmark-04a950dda22c/weak-r2-w4-world5,1000,30,,,bounded_actual_partial_attempt
2,0.05,,28.4375,0,0,0.11824912499969287,failed,weak-r2-w4-world6,evidence/benchmarks/20261007T141428-cpu-benchmark-04a950dda22c/weak-r2-w4-world6,1000,30,,,bounded_actual_partial_attempt
2,0.05,,28.890625,0,0,0.11617408300026,failed,weak-r2-w4-world7,evidence/benchmarks/20261007T141428-cpu-benchmark-04a950dda22c/weak-r2-w4-world7,1000,30,,,bounded_actual_partial_attempt
