trajectory,factor,effect_per_full_design_range
0,review_error_sd,0.04386616112264296
0,review_capacity_per_member_day,-0.0070073537799275635
0,alpha,0.0
0,update_interval_days,0.0
0,autonomy_response,-0.10630896629902037
0,cooperation_strength,0.12681972219160004
1,review_error_sd,0.03337902134323189
1,cooperation_strength,0.12438310959595822
1,alpha,0.0
1,update_interval_days,0.0
1,review_capacity_per_member_day,0.0014235460741136572
1,autonomy_response,-0.05848451216318484
2,update_interval_days,0.0
2,alpha,0.0
2,review_error_sd,0.035163938361250306
2,cooperation_strength,0.13139756872532524
2,autonomy_response,-0.16552644242464565
2,review_capacity_per_member_day,0.039500690499073246
3,autonomy_response,-0.07490021205714226
3,alpha,-0.022284540086124644
3,cooperation_strength,0.1183918098856752
3,review_capacity_per_member_day,0.059386744565367515
3,review_error_sd,0.03600195914912229
3,update_interval_days,0.026362553021834614
4,review_error_sd,0.051452274320669115
4,alpha,0.0
4,update_interval_days,0.0
4,review_capacity_per_member_day,-0.0008081538409600019
4,cooperation_strength,0.1415510967232436
4,autonomy_response,-0.04592576516763536
5,alpha,-0.03237100554208178
5,cooperation_strength,0.13610625160525977
5,review_capacity_per_member_day,-0.07580608944163258
5,update_interval_days,-0.018271483677071848
5,review_error_sd,0.06718442406714607
5,autonomy_response,0.002136411558091744
6,review_capacity_per_member_day,-0.06170496298331185
6,autonomy_response,-0.10856330000067632
6,cooperation_strength,0.11904969584987862
6,update_interval_days,0.02459988186198161
6,alpha,-0.01868800548077675
6,review_error_sd,0.033703934509973436
7,review_error_sd,0.02812285823417104
7,alpha,0.0
7,cooperation_strength,0.14140702426234086
7,review_capacity_per_member_day,-0.09312616068113777
7,autonomy_response,-0.09502021698418561
7,update_interval_days,0.016636513463174563
