decision_errors,decisions_completed,max_individual_time_booked_hours,produced_work_units,effort_hours,cooperation_units,decision_regret_units,backlog_peak_records,review_hours,verification_resource_units,reviews_rejected,fraudulent_records_detected,honest_records_rejected,confirmed_records,fraudulent_records_accepted,appeal_hours,corrections,appeals_denied,model_version,world,regime,backend,attack,n,days_completed,update_interval_days,confirmation_mean_days,confirmation_p95_days,appeal_mean_days,unfinished_records,unfinished_appeals,last_authority_contribution_tv,last_signed_gini_gap,trajectory,step,alpha,review_capacity_per_member_day,review_error_sd,autonomy_response,cooperation_strength
18.0,240.0,1.0000000000000002,3665.7820677783598,3805.01166530387,2049.386120375048,2.9275302450238163,1607,566.4000000000602,0.0,1349.0,0.0,1349.0,4331.0,0.0,13.350000000000021,85.0,2.0,0.1.0,4000,sublinear,central,none,120,60,1,7.735626876010159,13.0,10.105882352941176,1607,4,0.03174774797471224,-0.04293147012621079,0,0,0.8,0.8,0.2,0.0,0.0
26.0,240.0,1.0000000000000002,3794.1042649914784,3787.943034106451,2353.992462904046,4.0979929118936935,1607,566.4000000000602,0.0,1451.0,0.0,1451.0,4233.0,0.0,13.950000000000022,91.0,2.0,0.1.0,4001,sublinear,central,none,120,60,1,7.795416961965509,13.0,10.846153846153847,1607,1,0.04256380511778455,-0.055637071638176265,0,0,0.8,0.8,0.2,0.0,0.0
20.0,240.0,1.0000000000000002,3664.114794339645,3838.648407367732,2173.951395698309,2.7003183763816425,1610,566.4000000000602,0.0,1348.0,0.0,1348.0,4319.0,0.0,11.700000000000017,76.0,1.0,0.1.0,4002,sublinear,central,none,120,60,1,7.715906459828664,13.0,10.710526315789474,1610,5,0.034647556430695815,-0.04608625339411546,0,0,0.8,0.8,0.2,0.0,0.0
18.0,240.0,1.0000000000000002,3767.874739852842,3742.4927518325408,1990.5680014143777,2.922236584146013,1601,566.4000000000602,0.0,1801.0,0.0,1801.0,3884.0,0.0,13.20000000000002,84.0,2.0,0.1.0,4000,sublinear,central,none,120,60,1,7.820545829042224,13.0,10.119047619047619,1601,4,0.02723043641287199,-0.037230633897936585,0,1,0.8,0.8,0.4,0.0,0.0
26.0,240.0,1.0000000000000002,3890.7020884478593,3750.9640873576973,2302.2192045682646,4.0979929118936935,1604,566.4000000000602,0.0,1767.0,0.0,1767.0,3910.0,0.0,12.450000000000019,81.0,2.0,0.1.0,4001,sublinear,central,none,120,60,1,7.862148337595908,13.0,11.037037037037036,1604,1,0.037263732715760244,-0.04907729596857935,0,1,0.8,0.8,0.4,0.0,0.0
21.0,240.0,1.0000000000000002,3781.2606588918125,3795.875747528215,2124.783846676983,3.2180294696216585,1602,566.4000000000602,0.0,1713.0,0.0,1713.0,3957.0,0.0,10.950000000000015,71.0,1.0,0.1.0,4002,sublinear,central,none,120,60,1,7.795552185999495,13.0,10.619718309859154,1602,5,0.029751723092606923,-0.039784564137840095,0,1,0.8,0.8,0.4,0.0,0.0
17.0,240.0,1.0000000000000002,3746.5825261012938,3734.0146077142035,1999.3832069705745,2.275566045171101,217,708.0000000000924,0.0,2244.0,0.0,2244.0,4858.0,0.0,16.200000000000024,104.0,1.0,0.1.0,4000,sublinear,central,none,120,60,1,2.064223960477563,2.0,5.0,205,3,0.027372241691772225,-0.03746830671485086,0,2,0.8,1.2,0.4,0.0,0.0
25.0,240.0,1.0000000000000002,3875.6277867060603,3738.007667012381,2324.349719621901,3.9432528329153516,215,708.0000000000924,0.0,2199.0,0.0,2199.0,4890.0,0.0,14.100000000000023,90.0,2.0,0.1.0,4001,sublinear,central,none,120,60,1,2.0552147239263805,2.0,5.0,203,4,0.03642158060691996,-0.04789379082111062,0,2,0.8,1.2,0.4,0.0,0.0
20.0,240.0,1.0000000000000002,3767.1742271696817,3788.4608095911367,2144.6293390232804,2.8039466639862627,214,708.0000000000924,0.0,2144.0,0.0,2144.0,4937.0,0.0,13.20000000000002,86.0,1.0,0.1.0,4002,sublinear,central,none,120,60,1,2.052258456552562,2.0,5.0,206,11,0.029143544410581056,-0.03889620113601622,0,2,0.8,1.2,0.4,0.0,0.0
16.0,240.0,1.0000000000000002,3746.5825261012938,3734.0146077142035,1999.3832069705745,1.9983680472819683,217,708.0000000000924,0.0,2244.0,0.0,2244.0,4858.0,0.0,16.200000000000024,104.0,1.0,0.1.0,4000,sublinear,central,none,120,60,1,2.064223960477563,2.0,5.0,205,3,0.006831582637797018,-0.009310273504554094,0,3,0.95,1.2,0.4,0.0,0.0
26.0,240.0,1.0000000000000002,3875.6277867060603,3738.007667012381,2324.349719621901,4.0979929118936935,215,708.0000000000924,0.0,2199.0,0.0,2199.0,4890.0,0.0,14.100000000000023,90.0,2.0,0.1.0,4001,sublinear,central,none,120,60,1,2.0552147239263805,2.0,5.0,203,4,0.009139376335497502,-0.01194747408228193,0,3,0.95,1.2,0.4,0.0,0.0
22.0,240.0,1.0000000000000002,3767.1742271696817,3788.4608095911367,2144.6293390232804,3.454320739291137,214,708.0000000000924,0.0,2144.0,0.0,2144.0,4937.0,0.0,13.20000000000002,86.0,1.0,0.1.0,4002,sublinear,central,none,120,60,1,2.052258456552562,2.0,5.0,206,11,0.007301429919702977,-0.009709519632281775,0,3,0.95,1.2,0.4,0.0,0.0
15.0,240.0,1.0000000000000002,3746.5825261012938,3734.0146077142035,1999.3832069705745,1.8899977060311737,217,708.0000000000924,0.0,2244.0,0.0,2244.0,4858.0,0.0,16.200000000000024,104.0,1.0,0.1.0,4000,sublinear,central,none,120,60,5,2.064223960477563,2.0,5.0,205,3,0.01766740161274919,-0.011065274946483537,0,4,0.95,1.2,0.4,0.0,0.0
26.0,240.0,1.0000000000000002,3875.6277867060603,3738.007667012381,2324.349719621901,4.366623099580832,215,708.0000000000924,0.0,2199.0,0.0,2199.0,4890.0,0.0,14.100000000000023,90.0,2.0,0.1.0,4001,sublinear,central,none,120,60,5,2.0552147239263805,2.0,5.0,203,4,0.01746817124195521,-0.009838358382737632,0,4,0.95,1.2,0.4,0.0,0.0
24.0,240.0,1.0000000000000002,3767.1742271696817,3788.4608095911367,2144.6293390232804,4.152301183208829,214,708.0000000000924,0.0,2144.0,0.0,2144.0,4937.0,0.0,13.20000000000002,86.0,1.0,0.1.0,4002,sublinear,central,none,120,60,5,2.052258456552562,2.0,5.0,206,11,0.01706571998596558,-0.01034642532625471,0,4,0.95,1.2,0.4,0.0,0.0
19.0,240.0,1.0000000000000002,3469.0307497702083,3538.834684324345,1940.8199829166524,3.140515948352848,217,708.0000000000924,0.0,2416.0,0.0,2416.0,4676.0,0.0,15.000000000000025,97.0,,0.1.0,4000,sublinear,central,none,120,60,5,2.0622326775021387,2.0,5.0,208,3,0.01842479061844304,-0.011516245032448517,0,5,0.95,1.2,0.4,0.5,0.0
26.0,240.0,1.0000000000000002,3529.6508607829815,3530.646392439026,2241.64718369669,4.5179260277829405,213,708.0000000000924,0.0,2405.0,0.0,2405.0,4679.0,0.0,12.90000000000002,82.0,2.0,0.1.0,4001,sublinear,central,none,120,60,5,2.0525753366103867,2.0,5.0,200,4,0.020341870958474062,-0.007915879250014857,0,5,0.95,1.2,0.4,0.5,0.0
23.0,240.0,1.0000000000000002,3625.2783720709,3704.208442528227,2105.5501007057123,3.9210560636267138,216,708.0000000000924,0.0,2235.0,0.0,2235.0,4845.0,0.0,12.75000000000002,83.0,1.0,0.1.0,4002,sublinear,central,none,120,60,5,2.051393188854489,2.0,5.0,204,10,0.01805555813164446,-0.008069331545742485,0,5,0.95,1.2,0.4,0.5,0.0
18.0,240.0,1.0000000000000002,3742.144712200631,3556.9650840075706,1973.7971012843034,2.7538442790689106,220,708.0000000000924,0.0,2261.0,0.0,2261.0,4833.0,0.0,15.750000000000027,102.0,,0.1.0,4000,sublinear,central,none,120,60,5,2.063314711359404,2.0,5.0,211,3,0.017842380401194298,-0.01172042575082878,0,6,0.95,1.2,0.4,0.5,0.3
26.0,240.0,1.0000000000000002,3881.5084010008763,3571.9294521604834,2298.4397208391747,4.311586673195229,215,708.0000000000924,0.0,2216.0,0.0,2216.0,4868.0,0.0,13.20000000000002,84.0,2.0,0.1.0,4001,sublinear,central,none,120,60,5,2.0517666392769103,2.0,5.0,202,4,0.01994619007825638,-0.008600780913891652,0,6,0.95,1.2,0.4,0.5,0.3
24.0,240.0,1.0000000000000002,3913.408869202101,3729.822021079041,2148.783451947334,4.0345083938042885,218,708.0000000000924,0.0,2067.0,0.0,2067.0,5014.0,0.0,13.05000000000002,85.0,1.0,0.1.0,4002,sublinear,central,none,120,60,5,2.050857598723574,2.0,5.0,205,11,0.01749142984306673,-0.00873344641767778,0,6,0.95,1.2,0.4,0.5,0.3
21.0,240.0,1.0000000000000002,3881.792585591503,3818.836495711217,2142.016736571094,4.136202284572204,235,708.0000000000924,0.0,1193.0,0.0,1193.0,5880.0,0.0,14.550000000000024,94.0,,0.1.0,4003,sublinear,central,none,120,60,1,2.0479591836734694,2.0,5.0,224,5,0.1279441080182093,-0.1708083692244273,1,0,0.4,1.2,0.0,0.0,0.3
19.0,240.0,1.0000000000000002,3857.3918071399457,3842.2463444749724,2224.4061906144607,3.774652021037936,240,708.0000000000924,0.0,1205.0,0.0,1205.0,5879.0,0.0,15.450000000000026,102.0,,0.1.0,4004,sublinear,central,none,120,60,1,2.052049668310937,2.0,5.0,219,9,0.12493585768334257,-0.16609526704154742,1,0,0.4,1.2,0.0,0.0,0.3
19.0,240.0,1.0000000000000002,3711.562455141991,3796.8065183554418,2319.5313287482754,2.2212938816354693,228,708.0000000000924,0.0,1404.0,0.0,1404.0,5685.0,0.0,17.100000000000016,110.0,1.0,0.1.0,4005,sublinear,central,none,120,60,1,2.058047493403694,2.0,5.0,224,4,0.1424154930513946,-0.1859740650777847,1,0,0.4,1.2,0.0,0.0,0.3
22.0,240.0,1.0000000000000002,3969.576150898763,3809.621089894705,2127.9491074375906,4.418135949758264,228,708.0000000000924,0.0,1639.0,0.0,1639.0,5444.0,0.0,14.550000000000024,95.0,,0.1.0,4003,sublinear,central,none,120,60,1,2.052351212343865,2.0,5.0,214,4,0.11517597652669827,-0.15526029145898781,1,1,0.4,1.2,0.2,0.0,0.3
19.0,240.0,1.0000000000000002,3927.462984575969,3832.9331672760036,2226.8390058508903,3.855065379122455,227,708.0000000000924,0.0,1622.0,0.0,1622.0,5464.0,0.0,14.550000000000024,96.0,,0.1.0,4004,sublinear,central,none,120,60,1,2.052708638360176,2.0,5.0,211,8,0.11273719568456152,-0.1517832032878833,1,1,0.4,1.2,0.2,0.0,0.3
18.0,240.0,1.0000000000000002,3794.036666069976,3799.7932253519393,2312.066480434461,1.9936118015932567,225,708.0000000000924,0.0,1780.0,0.0,1780.0,5297.0,0.0,14.850000000000025,95.0,1.0,0.1.0,4005,sublinear,central,none,120,60,1,2.0538040400226545,2.0,5.0,221,2,0.1292642031505184,-0.17004013134375032,1,1,0.4,1.2,0.2,0.0,0.3
21.0,240.0,1.0000000000000002,4254.981761273828,3822.649781630775,2144.4353592426296,4.186285411498097,230,708.0000000000924,0.0,1484.0,0.0,1484.0,5599.0,0.0,14.700000000000024,96.0,,0.1.0,4003,sublinear,central,none,120,60,1,2.0514377567422755,2.0,5.0,215,3,0.11723410238553875,-0.1572182596091453,1,2,0.4,1.2,0.2,0.0,0.6
20.0,240.0,1.0000000000000002,4228.514448630289,3847.049171934982,2239.574630931352,4.338318537988784,229,708.0000000000924,0.0,1482.0,0.0,1482.0,5604.0,0.0,14.850000000000025,98.0,,0.1.0,4004,sublinear,central,none,120,60,1,2.0524625267665955,2.0,5.0,213,8,0.11475587224420591,-0.1544303435826456,1,2,0.4,1.2,0.2,0.0,0.6
17.0,240.0,1.0000000000000002,4103.137980731491,3814.524388949054,2338.4478968289536,1.6825198204640648,226,708.0000000000924,0.0,1616.0,0.0,1616.0,5464.0,0.0,15.600000000000026,100.0,1.0,0.1.0,4005,sublinear,central,none,120,60,1,2.054904831625183,2.0,5.0,223,2,0.13139914740068603,-0.17288797908353176,1,2,0.4,1.2,0.2,0.0,0.6
22.0,240.0,1.0000000000000002,4254.981761273828,3822.649781630775,2144.4353592426296,4.319717239069184,230,708.0000000000924,0.0,1484.0,0.0,1484.0,5599.0,0.0,14.700000000000024,96.0,,0.1.0,4003,sublinear,central,none,120,60,1,2.0514377567422755,2.0,5.0,215,3,0.07854492877965905,-0.10414279444906843,1,3,0.6,1.2,0.2,0.0,0.6
18.0,240.0,1.0000000000000002,4228.514448630289,3847.049171934982,2239.574630931352,3.528346770631478,229,708.0000000000924,0.0,1482.0,0.0,1482.0,5604.0,0.0,14.850000000000025,98.0,,0.1.0,4004,sublinear,central,none,120,60,1,2.0524625267665955,2.0,5.0,213,8,0.07638128412246281,-0.10225113768833795,1,3,0.6,1.2,0.2,0.0,0.6
17.0,240.0,1.0000000000000002,4103.137980731491,3814.524388949054,2338.4478968289536,1.9054437528667296,226,708.0000000000924,0.0,1616.0,0.0,1616.0,5464.0,0.0,15.600000000000026,100.0,1.0,0.1.0,4005,sublinear,central,none,120,60,1,2.054904831625183,2.0,5.0,223,2,0.08919555950373531,-0.1154394328829329,1,3,0.6,1.2,0.2,0.0,0.6
22.0,240.0,1.0000000000000002,4254.981761273828,3822.649781630775,2144.4353592426296,4.319717239069184,230,708.0000000000924,0.0,1484.0,0.0,1484.0,5599.0,0.0,14.700000000000024,96.0,,0.1.0,4003,sublinear,central,none,120,60,5,2.0514377567422755,2.0,5.0,215,3,0.07953776962014981,-0.10367279447874206,1,4,0.6,1.2,0.2,0.0,0.6
19.0,240.0,1.0000000000000002,4228.514448630289,3847.049171934982,2239.574630931352,4.011599929497807,229,708.0000000000924,0.0,1482.0,0.0,1482.0,5604.0,0.0,14.850000000000025,98.0,,0.1.0,4004,sublinear,central,none,120,60,5,2.0524625267665955,2.0,5.0,213,8,0.0767253493533562,-0.10118310633163957,1,4,0.6,1.2,0.2,0.0,0.6
17.0,240.0,1.0000000000000002,4103.137980731491,3814.524388949054,2338.4478968289536,1.9054437528667296,226,708.0000000000924,0.0,1616.0,0.0,1616.0,5464.0,0.0,15.600000000000026,100.0,1.0,0.1.0,4005,sublinear,central,none,120,60,5,2.054904831625183,2.0,5.0,223,2,0.09022456572614407,-0.11485599018280981,1,4,0.6,1.2,0.2,0.0,0.6
22.0,240.0,1.0000000000000002,4276.490259600535,3772.928189272579,2203.7732088154517,4.259235124827046,230,708.0000000000924,0.0,1484.0,0.0,1484.0,5598.0,0.0,14.700000000000024,96.0,,0.1.0,4003,sublinear,central,none,120,60,5,2.0514469453376205,2.0,5.0,216,3,0.08007538010568903,-0.10407319448434593,1,5,0.6,1.6,0.2,0.0,0.6
19.0,240.0,1.0000000000000002,4224.814869388445,3808.9946353363202,2276.056140925178,4.011599929497807,229,708.0000000000924,0.0,1479.0,0.0,1479.0,5608.0,0.0,15.000000000000025,99.0,,0.1.0,4004,sublinear,central,none,120,60,5,2.052960057061341,2.0,5.0,213,8,0.0762282885527834,-0.10008317078825385,1,5,0.6,1.6,0.2,0.0,0.6
17.0,240.0,1.0000000000000002,4095.5785933802463,3775.0920769788445,2371.877323721878,1.9054437528667296,226,708.0000000000924,0.0,1618.0,0.0,1618.0,5463.0,0.0,15.600000000000026,100.0,1.0,0.1.0,4005,sublinear,central,none,120,60,5,2.0549148819330036,2.0,5.0,222,3,0.08989978576027345,-0.11379827038894103,1,5,0.6,1.6,0.2,0.0,0.6
22.0,240.0,1.0000000000000002,4107.049468564412,3644.456892917096,2210.1823483368025,4.194440977686542,227,708.0000000000924,0.0,1629.0,0.0,1629.0,5452.0,0.0,13.800000000000022,90.0,,0.1.0,4003,sublinear,central,none,120,60,5,2.049523110785033,2.0,5.0,211,4,0.07556458933792407,-0.09986209724778339,1,6,0.6,1.6,0.2,0.5,0.6
18.0,240.0,1.0000000000000002,4167.63066372865,3796.874477483481,2295.712568791016,3.6319485057019683,229,708.0000000000924,0.0,1450.0,0.0,1450.0,5634.0,0.0,14.700000000000024,97.0,,0.1.0,4004,sublinear,central,none,120,60,5,2.0516506922257722,2.0,5.0,214,8,0.06666610963476714,-0.08996895100495295,1,6,0.6,1.6,0.2,0.5,0.6
19.0,240.0,1.0000000000000002,3901.115102501235,3661.4542383548132,2317.753142402526,1.9305636298816993,227,708.0000000000924,0.0,1730.0,0.0,1730.0,5352.0,0.0,15.600000000000026,100.0,1.0,0.1.0,4005,sublinear,central,none,120,60,5,2.0560538116591927,2.0,5.0,221,3,0.07885337920235766,-0.10354835790374264,1,6,0.6,1.6,0.2,0.5,0.6
21.0,240.0,1.0000000000000002,4317.935170925527,3857.6670181954682,2331.3883612594873,3.3024508047591064,1619,566.4000000000602,0.0,724.0,0.0,724.0,4958.0,0.0,15.450000000000026,97.0,2.0,0.1.0,4006,sublinear,central,none,120,60,5,7.6847519160952,13.0,10.45360824742268,1619,6,0.11469587380887097,-0.15893669237341643,2,0,0.4,0.8,0.0,0.0,0.6
20.0,240.0,1.0,4124.035147285513,3846.8064715396536,2125.8493991407813,3.101661070204404,1622,566.4000000000602,0.0,782.0,0.0,782.0,4900.0,0.0,15.600000000000026,101.0,,0.1.0,4007,sublinear,central,none,120,60,5,7.691020408163265,13.0,10.05940594059406,1622,4,0.1179114301975194,-0.16278218968843108,2,0,0.4,0.8,0.0,0.0,0.6
19.0,240.0,1.0000000000000002,4280.786275936966,3844.3500138615427,2086.689074752996,3.4831645426146696,1618,566.4000000000602,0.0,853.0,0.0,853.0,4812.0,0.0,12.60000000000002,81.0,1.0,0.1.0,4008,sublinear,central,none,120,60,5,7.670615128844555,13.0,10.790123456790123,1618,2,0.12707305271087962,-0.17045425763369082,2,0,0.4,0.8,0.0,0.0,0.6
21.0,240.0,1.0000000000000002,4317.935170925527,3857.6670181954682,2331.3883612594873,3.3024508047591064,1619,566.4000000000602,0.0,724.0,0.0,724.0,4958.0,0.0,15.450000000000026,97.0,2.0,0.1.0,4006,sublinear,central,none,120,60,10,7.6847519160952,13.0,10.45360824742268,1619,6,0.11620289643181014,-0.1603938519913285,2,1,0.4,0.8,0.0,0.0,0.6
21.0,240.0,1.0,4124.035147285513,3846.8064715396536,2125.8493991407813,3.2271527516567806,1622,566.4000000000602,0.0,782.0,0.0,782.0,4900.0,0.0,15.600000000000026,101.0,,0.1.0,4007,sublinear,central,none,120,60,10,7.691020408163265,13.0,10.05940594059406,1622,4,0.11903723558415825,-0.1641488467320783,2,1,0.4,0.8,0.0,0.0,0.6
19.0,240.0,1.0000000000000002,4280.786275936966,3844.3500138615427,2086.689074752996,3.4831645426146696,1618,566.4000000000602,0.0,853.0,0.0,853.0,4812.0,0.0,12.60000000000002,81.0,1.0,0.1.0,4008,sublinear,central,none,120,60,10,7.670615128844555,13.0,10.790123456790123,1618,2,0.1287087049935932,-0.17218839476748238,2,1,0.4,0.8,0.0,0.0,0.6
21.0,240.0,1.0000000000000002,4317.935170925527,3857.6670181954682,2331.3883612594873,3.5170719572818814,1619,566.4000000000602,0.0,724.0,0.0,724.0,4958.0,0.0,15.450000000000026,97.0,2.0,0.1.0,4006,sublinear,central,none,120,60,10,7.6847519160952,13.0,10.45360824742268,1619,6,0.07806355498438214,-0.10602508985951534,2,2,0.6,0.8,0.0,0.0,0.6
21.0,240.0,1.0,4124.035147285513,3846.8064715396536,2125.8493991407813,3.2271527516567806,1622,566.4000000000602,0.0,782.0,0.0,782.0,4900.0,0.0,15.600000000000026,101.0,,0.1.0,4007,sublinear,central,none,120,60,10,7.691020408163265,13.0,10.05940594059406,1622,4,0.08080202074240195,-0.10870630514412313,2,2,0.6,0.8,0.0,0.0,0.6
20.0,240.0,1.0000000000000002,4280.786275936966,3844.3500138615427,2086.689074752996,3.773888374291085,1618,566.4000000000602,0.0,853.0,0.0,853.0,4812.0,0.0,12.60000000000002,81.0,1.0,0.1.0,4008,sublinear,central,none,120,60,10,7.670615128844555,13.0,10.790123456790123,1618,2,0.086634020541184,-0.1132671041744027,2,2,0.6,0.8,0.0,0.0,0.6
20.0,240.0,1.0000000000000002,4390.465821476659,3835.5536579219824,2292.3757933480806,3.445670174249564,1618,566.4000000000602,0.0,1061.0,0.0,1061.0,4620.0,0.0,15.150000000000025,96.0,2.0,0.1.0,4006,sublinear,central,none,120,60,10,7.79047619047619,13.0,10.59375,1618,6,0.07049261012263286,-0.09319440395314299,2,3,0.6,0.8,0.2,0.0,0.6
21.0,240.0,1.0,4205.062238405014,3809.4014922009246,2105.3417878015,3.2271527516567806,1615,566.4000000000602,0.0,1184.0,0.0,1184.0,4501.0,0.0,15.000000000000025,98.0,,0.1.0,4007,sublinear,central,none,120,60,10,7.779604532326149,13.0,10.081632653061224,1615,5,0.07372602418130235,-0.09684870389377642,2,3,0.6,0.8,0.2,0.0,0.6
19.0,240.0,1.0000000000000002,4380.408890467334,3848.163903593466,2107.779712065896,3.5441212604925947,1607,566.4000000000602,0.0,1153.0,0.0,1153.0,4520.0,0.0,12.150000000000018,78.0,1.0,0.1.0,4008,sublinear,central,none,120,60,10,7.678097345132743,13.0,10.782051282051283,1607,2,0.08175521823567847,-0.10772058499217825,2,3,0.6,0.8,0.2,0.0,0.6
21.0,240.0,1.0000000000000002,4738.784083429063,3855.2149097301776,2321.8322114481066,3.5231679714828403,1619,566.4000000000602,0.0,915.0,0.0,915.0,4767.0,0.0,15.450000000000026,97.0,2.0,0.1.0,4006,sublinear,central,none,120,60,10,7.775540172015943,13.0,10.639175257731958,1619,6,0.07077103745832924,-0.09417889731531986,2,4,0.6,0.8,0.2,0.0,0.9
22.0,240.0,1.0000000000000002,4502.524889354047,3826.4457964831577,2117.9164995843707,3.4947579872568473,1618,566.4000000000602,0.0,1057.0,0.0,1057.0,4627.0,0.0,15.300000000000026,100.0,,0.1.0,4007,sublinear,central,none,120,60,10,7.783661119515885,13.0,10.07,1618,4,0.07341396363352998,-0.09659177416031928,2,4,0.6,0.8,0.2,0.0,0.9
18.0,240.0,1.0000000000000002,4680.690472388238,3857.5800818183284,2112.735010093002,3.253397428816179,1608,566.4000000000602,0.0,1041.0,0.0,1041.0,4635.0,0.0,12.75000000000002,82.0,1.0,0.1.0,4008,sublinear,central,none,120,60,10,7.683926645091693,13.0,10.792682926829269,1608,2,0.08306006629182658,-0.10933274556842107,2,4,0.6,0.8,0.2,0.0,0.9
18.0,240.0,1.0000000000000002,4320.4958033690245,3756.5924626628475,2200.9137699916682,3.216996649548268,1614,566.4000000000602,0.0,1129.0,0.0,1129.0,4553.0,0.0,14.700000000000024,93.0,2.0,0.1.0,4006,sublinear,central,none,120,60,10,7.671205798374698,13.0,10.559139784946236,1614,5,0.06008893106424903,-0.07900801430273305,2,5,0.6,0.8,0.2,0.5,0.9
21.0,240.0,1.0000000000000002,4111.204234913095,3738.463049360398,2050.1170454090384,3.3483573381643814,1612,566.4000000000602,0.0,1223.0,0.0,1223.0,4465.0,0.0,15.000000000000025,98.0,,0.1.0,4007,sublinear,central,none,120,60,10,7.711310190369541,13.0,10.081632653061224,1612,5,0.05972097982204051,-0.07808482402301986,2,5,0.6,0.8,0.2,0.5,0.9
20.0,240.0,1.0000000000000002,4298.509021431781,3780.939135419043,2024.1481562213285,3.8494837664825163,1604,566.4000000000602,0.0,1204.0,0.0,1204.0,4475.0,0.0,12.60000000000002,81.0,1.0,0.1.0,4008,sublinear,central,none,120,60,10,7.604245810055866,13.0,10.716049382716049,1604,2,0.07099019802371007,-0.09336794139622431,2,5,0.6,0.8,0.2,0.5,0.9
19.0,240.0,1.0000000000000002,4413.151892582429,3739.4539141079044,2276.6614676922386,3.5575162545134194,229,708.0000000000924,0.0,1359.0,0.0,1359.0,5739.0,0.0,18.75,119.0,3.0,0.1.0,4006,sublinear,central,none,120,60,10,2.062205959226346,2.0,5.0,224,3,0.05978835017270934,-0.08210924399006933,2,6,0.6,1.2,0.2,0.5,0.9
20.0,240.0,1.0000000000000002,4230.313560917568,3729.460820961372,2131.034490830175,3.2015084976789527,230,708.0000000000924,0.0,1503.0,0.0,1503.0,5610.0,0.0,19.049999999999997,125.0,,0.1.0,4007,sublinear,central,none,120,60,10,2.0668449197860963,2.0,5.0,214,2,0.06206575570246571,-0.07991389717591814,2,6,0.6,1.2,0.2,0.5,0.9
20.0,240.0,1.0000000000000002,4371.148577807231,3754.6492665878986,2067.9631103186384,3.8494837664825163,234,708.0000000000924,0.0,1508.0,0.0,1508.0,5571.0,0.0,14.550000000000024,95.0,1.0,0.1.0,4008,sublinear,central,none,120,60,10,2.051337282355053,2.0,5.010526315789473,217,10,0.07047086636679181,-0.09499606810327293,2,6,0.6,1.2,0.2,0.5,0.9
17.0,240.0,1.0000000000000002,4195.88102039147,3795.415331611541,1956.187890555754,2.0049519115061614,228,708.0000000000924,0.0,1477.0,0.0,1477.0,5618.0,0.0,17.70000000000001,117.0,,0.1.0,4009,sublinear,central,none,120,60,10,2.0624777500889997,2.0,5.0,223,6,0.0715779238399268,-0.09258943999658971,3,0,0.6,1.2,0.2,0.5,0.6
20.0,240.0,1.0000000000000002,4266.714826997705,3764.966089621213,2364.1775570891414,3.3210138283320085,230,708.0000000000924,0.0,1379.0,0.0,1379.0,5720.0,0.0,17.250000000000014,113.0,2.0,0.1.0,4010,sublinear,central,none,120,60,10,2.0592657342657343,2.0,5.0,214,9,0.06516148961517337,-0.08804922510829717,3,0,0.6,1.2,0.2,0.5,0.6
21.0,240.0,1.0000000000000002,4061.842011434563,3788.24793276536,1928.630624982124,3.9787749281374216,229,708.0000000000924,0.0,1609.0,0.0,1609.0,5467.0,0.0,13.650000000000022,89.0,2.0,0.1.0,4011,sublinear,central,none,120,60,10,2.048838485458204,2.0,5.0,213,7,0.0683973407752059,-0.0888703879556874,3,0,0.6,1.2,0.2,0.5,0.6
19.0,240.0,1.0000000000000002,4006.9566327790503,3606.964895395588,1898.0027889644916,2.30049059751253,228,708.0000000000924,0.0,1789.0,0.0,1789.0,5303.0,0.0,16.50000000000002,110.0,,0.1.0,4009,sublinear,central,none,120,60,10,2.0622289270224403,2.0,5.0,218,6,0.07740621743390426,-0.09615670765148854,3,1,0.6,1.2,0.2,1.0,0.6
21.0,240.0,1.0000000000000002,4106.032063960163,3647.433792642462,2305.0774228068744,3.3426903432579933,228,708.0000000000924,0.0,1593.0,0.0,1593.0,5507.0,0.0,16.50000000000002,108.0,2.0,0.1.0,4010,sublinear,central,none,120,60,10,2.0588342110041764,2.0,5.0,208,8,0.06477004241611724,-0.08637401362219457,3,1,0.6,1.2,0.2,1.0,0.6
21.0,240.0,1.0000000000000002,3872.1676352730997,3646.2324594040015,1879.470520341843,3.9787749281374216,229,708.0000000000924,0.0,1873.0,0.0,1873.0,5200.0,0.0,12.75000000000002,84.0,1.0,0.1.0,4011,sublinear,central,none,120,60,10,2.0484615384615386,2.0,5.0,211,7,0.06736425271317065,-0.08595093071493048,3,1,0.6,1.2,0.2,1.0,0.6
18.0,240.0,1.0000000000000002,3956.392433758367,3520.4078605364475,1889.7371941469175,2.3191588505456084,228,708.0000000000924,0.0,1893.0,0.0,1893.0,5200.0,0.0,16.050000000000026,107.0,,0.1.0,4009,sublinear,central,none,120,60,10,2.061730769230769,2.0,5.0,214,6,0.052287598405303615,-0.04788665372698928,3,2,0.8,1.2,0.2,1.0,0.6
21.0,240.0,1.0000000000000002,4014.8273923859733,3566.7473902217434,2283.4667384606596,3.3426903432579933,228,708.0000000000924,0.0,1735.0,0.0,1735.0,5366.0,0.0,16.200000000000024,106.0,2.0,0.1.0,4010,sublinear,central,none,120,60,10,2.0592620201267238,2.0,5.0,205,9,0.04368987996093641,-0.04341927975634459,3,2,0.8,1.2,0.2,1.0,0.6
21.0,240.0,1.0000000000000002,3838.9015728278646,3587.4557864857034,1889.8037746459377,3.9787749281374216,229,708.0000000000924,0.0,1945.0,0.0,1945.0,5127.0,0.0,12.300000000000018,81.0,1.0,0.1.0,4011,sublinear,central,none,120,60,10,2.0473961380924517,2.0,5.0,209,7,0.044455828759507,-0.03532344954315113,3,2,0.8,1.2,0.2,1.0,0.6
18.0,240.0,1.0000000000000002,4218.506643495913,3538.4296911440683,1907.9938400380047,2.3191588505456084,231,708.0000000000924,0.0,1751.0,0.0,1751.0,5341.0,0.0,16.50000000000002,109.0,,0.1.0,4009,sublinear,central,none,120,60,10,2.061224489795918,2.0,5.0,218,6,0.05197123773692388,-0.049180517333865505,3,3,0.8,1.2,0.2,1.0,0.9
21.0,240.0,1.0000000000000002,4351.458037535327,3592.930217841598,2326.0865887105756,3.3426903432579933,233,708.0000000000924,0.0,1558.0,0.0,1558.0,5545.0,0.0,17.250000000000014,112.0,2.0,0.1.0,4010,sublinear,central,none,120,60,10,2.060595130748422,2.0,5.0,210,9,0.04281793634183351,-0.04462863442571729,3,3,0.8,1.2,0.2,1.0,0.9
21.0,240.0,1.0000000000000002,4092.577749117828,3599.405169612935,1902.7655653638224,3.9787749281374216,230,708.0000000000924,0.0,1818.0,0.0,1818.0,5258.0,0.0,13.05000000000002,86.0,1.0,0.1.0,4011,sublinear,central,none,120,60,10,2.0490680867249904,2.0,5.0,210,7,0.04426990637709209,-0.03719128788394284,3,3,0.8,1.2,0.2,1.0,0.9
19.0,240.0,1.0000000000000002,4359.377367073649,3494.05119648439,1999.5153415471138,2.3482088074302876,231,708.0000000000924,0.0,1671.0,0.0,1671.0,5420.0,0.0,16.65000000000002,110.0,,0.1.0,4009,sublinear,central,none,120,60,10,2.0608856088560885,2.0,5.0,220,6,0.053486330855166866,-0.050589236097162184,3,4,0.8,1.6,0.2,1.0,0.9
19.0,240.0,1.0000000000000002,4437.508909748543,3547.1187091048664,2395.5994585331077,2.983686099338804,233,708.0000000000924,0.0,1483.0,0.0,1483.0,5614.0,0.0,17.100000000000016,112.0,2.0,0.1.0,4010,sublinear,central,none,120,60,10,2.060028500178126,2.0,5.008928571428571,215,8,0.043406407961318096,-0.04589469541744691,3,4,0.8,1.6,0.2,1.0,0.9
22.0,240.0,1.0000000000000002,4293.240714197519,3555.448609740195,1984.7798995081794,4.206758373583265,230,708.0000000000924,0.0,1705.0,0.0,1705.0,5372.0,0.0,13.500000000000021,89.0,1.0,0.1.0,4011,sublinear,central,none,120,60,10,2.0497021593447506,2.0,5.0,212,7,0.045824186613710495,-0.043766283757936696,3,4,0.8,1.6,0.2,1.0,0.9
19.0,240.0,1.0000000000000002,4490.163135956912,3512.9480691201,1967.4218504846115,2.3482088074302876,219,708.0000000000924,0.0,1968.0,0.0,1968.0,5128.0,0.0,16.50000000000002,109.0,,0.1.0,4009,sublinear,central,none,120,60,10,2.063767550702028,2.0,5.0,214,6,0.04693072013979918,-0.04445296435538545,3,5,0.8,1.6,0.4,1.0,0.9
21.0,240.0,1.0000000000000002,4507.594474103654,3532.507720796835,2325.161551208231,3.4117678534354496,223,708.0000000000924,0.0,1902.0,0.0,1902.0,5193.0,0.0,15.300000000000026,100.0,2.0,0.1.0,4010,sublinear,central,none,120,60,10,2.0577700751010974,2.0,5.0,205,7,0.04049774290072562,-0.04286761290290745,3,5,0.8,1.6,0.4,1.0,0.9
22.0,240.0,1.0000000000000002,4351.583486832828,3547.4019910456345,1938.8494876259613,4.206758373583265,225,708.0000000000924,0.0,2076.0,0.0,2076.0,4998.0,0.0,12.000000000000018,79.0,1.0,0.1.0,4011,sublinear,central,none,120,60,10,2.047418967587035,2.0,5.0,205,6,0.04241786547224523,-0.039596783665399614,3,5,0.8,1.6,0.4,1.0,0.9
20.0,240.0,1.0000000000000002,4572.324441071592,3618.959985639498,1984.3682551940515,2.5086827963899228,222,708.0000000000924,0.0,1885.0,0.0,1885.0,5205.0,0.0,16.50000000000002,109.0,,0.1.0,4009,sublinear,central,none,120,60,20,2.0628242074927954,2.0,5.0,220,5,0.06133045208200175,-0.04090694035491481,3,6,0.8,1.6,0.4,1.0,0.9
20.0,240.0,1.0000000000000002,4625.540688837783,3609.3505202259676,2374.9257269514155,3.1285501296625013,224,708.0000000000924,0.0,1806.0,0.0,1806.0,5289.0,0.0,15.750000000000027,103.0,2.0,0.1.0,4010,sublinear,central,none,120,60,20,2.0584231423709585,2.0,5.0,208,8,0.06037183566713387,-0.03399239786610305,3,6,0.8,1.6,0.4,1.0,0.9
23.0,240.0,1.0000000000000002,4451.176569758558,3630.8563029032853,1963.687584919654,4.475221384205636,225,708.0000000000924,0.0,2005.0,0.0,2005.0,5075.0,0.0,12.75000000000002,83.0,2.0,0.1.0,4011,sublinear,central,none,120,60,20,2.049064039408867,2.0,5.0,203,6,0.06304103902523447,-0.033936986322077686,3,6,0.8,1.6,0.4,1.0,0.9
17.0,240.0,1.0000000000000002,4366.914198092587,3810.5355529454805,2238.76046318513,3.9136575093406805,231,708.0000000000924,0.0,1442.0,0.0,1442.0,5645.0,0.0,14.700000000000024,98.0,,0.1.0,4012,sublinear,central,none,120,60,5,2.0522586359610275,2.0,5.010204081632653,211,7,0.07471623320271964,-0.09902175134137994,4,0,0.6,1.2,0.2,0.0,0.6
23.0,240.0,1.0000000000000002,4215.4479570406065,3851.1194099181635,2214.692637345263,3.7016319710682954,231,708.0000000000924,0.0,1452.0,0.0,1452.0,5632.0,0.0,15.150000000000025,94.0,2.0,0.1.0,4013,sublinear,central,none,120,60,5,2.050071022727273,2.0,5.0,215,4,0.07410343369950492,-0.09465921044056111,4,0,0.6,1.2,0.2,0.0,0.6
23.0,240.0,1.0000000000000002,4403.064712918043,3833.2554731119944,2467.984666563062,2.6317328248787737,231,708.0000000000924,0.0,1370.0,0.0,1370.0,5714.0,0.0,15.750000000000027,98.0,,0.1.0,4014,sublinear,central,none,120,60,5,2.0514525726286315,2.0,5.0,221,3,0.08198018344145039,-0.11049727739463067,4,0,0.6,1.2,0.2,0.0,0.6
18.0,240.0,1.0000000000000002,4481.867245914963,3788.879388287989,2207.102380957715,4.05602086887479,223,708.0000000000924,0.0,1892.0,0.0,1892.0,5197.0,0.0,12.90000000000002,86.0,,0.1.0,4012,sublinear,central,none,120,60,5,2.049836444102367,2.0,5.011627906976744,197,6,0.06355148894430193,-0.08559671562731139,4,1,0.6,1.2,0.4,0.0,0.6
23.0,240.0,1.0000000000000002,4347.680446378586,3815.664340811129,2171.075680571638,3.7016319710682954,224,708.0000000000924,0.0,1909.0,0.0,1909.0,5173.0,0.0,14.100000000000023,87.0,2.0,0.1.0,4013,sublinear,central,none,120,60,5,2.050454281848057,2.0,5.0,210,4,0.05991988474307843,-0.07922186267310624,4,1,0.6,1.2,0.4,0.0,0.6
22.0,240.0,1.0000000000000002,4526.335550866504,3813.570402432155,2428.976438255524,2.497405664830269,222,708.0000000000924,0.0,1818.0,0.0,1818.0,5273.0,0.0,14.550000000000024,92.0,,0.1.0,4014,sublinear,central,none,120,60,5,2.0523421202351604,2.0,5.0,206,3,0.07115113647123014,-0.09624180412293007,4,1,0.6,1.2,0.4,0.0,0.6
19.0,240.0,1.0000000000000002,4481.867245914963,3788.879388287989,2207.102380957715,4.132726027893457,223,708.0000000000924,0.0,1892.0,0.0,1892.0,5197.0,0.0,12.90000000000002,86.0,,0.1.0,4012,sublinear,central,none,120,60,5,2.049836444102367,2.0,5.011627906976744,197,6,0.03350596339804354,-0.041619479323036106,4,2,0.8,1.2,0.4,0.0,0.6
23.0,240.0,1.0000000000000002,4347.680446378586,3815.664340811129,2171.075680571638,3.7016319710682954,224,708.0000000000924,0.0,1909.0,0.0,1909.0,5173.0,0.0,14.100000000000023,87.0,2.0,0.1.0,4013,sublinear,central,none,120,60,5,2.050454281848057,2.0,5.0,210,4,0.031007373535809166,-0.037609909526608205,4,2,0.8,1.2,0.4,0.0,0.6
22.0,240.0,1.0000000000000002,4526.335550866504,3813.570402432155,2428.976438255524,2.7559447894920917,222,708.0000000000924,0.0,1818.0,0.0,1818.0,5273.0,0.0,14.550000000000024,92.0,,0.1.0,4014,sublinear,central,none,120,60,5,2.0523421202351604,2.0,5.0,206,3,0.038392670439058654,-0.049186203776177696,4,2,0.8,1.2,0.4,0.0,0.6
19.0,240.0,1.0000000000000002,4481.867245914963,3788.879388287989,2207.102380957715,4.164302283695144,223,708.0000000000924,0.0,1892.0,0.0,1892.0,5197.0,0.0,12.90000000000002,86.0,,0.1.0,4012,sublinear,central,none,120,60,10,2.049836444102367,2.0,5.011627906976744,197,6,0.036398862103834036,-0.03951897414673067,4,3,0.8,1.2,0.4,0.0,0.6
23.0,240.0,1.0000000000000002,4347.680446378586,3815.664340811129,2171.075680571638,3.7016319710682954,224,708.0000000000924,0.0,1909.0,0.0,1909.0,5173.0,0.0,14.100000000000023,87.0,2.0,0.1.0,4013,sublinear,central,none,120,60,10,2.050454281848057,2.0,5.0,210,4,0.036156531324138395,-0.03916771859525335,4,3,0.8,1.2,0.4,0.0,0.6
22.0,240.0,1.0000000000000002,4526.335550866504,3813.570402432155,2428.976438255524,2.7559447894920917,222,708.0000000000924,0.0,1818.0,0.0,1818.0,5273.0,0.0,14.550000000000024,92.0,,0.1.0,4014,sublinear,central,none,120,60,10,2.0523421202351604,2.0,5.0,206,3,0.0395558339368433,-0.04647404237277021,4,3,0.8,1.2,0.4,0.0,0.6
18.0,240.0,1.0000000000000002,4466.456527483278,3732.1248571238043,2254.488537512481,4.087597124676477,223,708.0000000000924,0.0,1891.0,0.0,1891.0,5197.0,0.0,13.05000000000002,87.0,,0.1.0,4012,sublinear,central,none,120,60,10,2.0504137002116605,2.0,5.011494252873563,199,7,0.03660898212125989,-0.03923682363840153,4,4,0.8,1.6,0.4,0.0,0.6
23.0,240.0,1.0000000000000002,4318.6095080670975,3783.888288888985,2189.7999364833277,3.7016319710682954,224,708.0000000000924,0.0,1912.0,0.0,1912.0,5170.0,0.0,14.100000000000023,87.0,2.0,0.1.0,4013,sublinear,central,none,120,60,10,2.0504835589941974,2.0,5.0,210,4,0.03450773367807181,-0.03689534555417277,4,4,0.8,1.6,0.4,0.0,0.6
23.0,240.0,1.0000000000000002,4564.998499954765,3764.196844686061,2488.830251251869,2.832439103493421,221,708.0000000000924,0.0,1801.0,0.0,1801.0,5286.0,0.0,14.550000000000024,92.0,,0.1.0,4014,sublinear,central,none,120,60,10,2.0522133938706015,2.0,5.0,210,3,0.04231423650928738,-0.049901858820520555,4,4,0.8,1.6,0.4,0.0,0.6
17.0,240.0,1.0000000000000002,4795.763598037582,3741.19395228503,2277.4414560334044,3.851326706182011,223,708.0000000000924,0.0,1770.0,0.0,1770.0,5319.0,0.0,13.950000000000022,93.0,,0.1.0,4012,sublinear,central,none,120,60,10,2.052641473961271,2.0,5.010752688172043,204,7,0.03754574858343897,-0.04090466308987816,4,5,0.8,1.6,0.4,0.0,0.9
23.0,240.0,1.0000000000000002,4620.581660463366,3798.3098800688017,2218.0543516757198,3.7016319710682954,227,708.0000000000924,0.0,1777.0,0.0,1777.0,5306.0,0.0,14.250000000000023,88.0,2.0,0.1.0,4013,sublinear,central,none,120,60,10,2.0497549943460234,2.0,5.0,210,4,0.036166826242867676,-0.03929377064543381,4,5,0.8,1.6,0.4,0.0,0.9
22.0,240.0,1.0000000000000002,4952.887173411549,3772.5382625488173,2516.7172111200157,2.688506383274342,224,708.0000000000924,0.0,1665.0,0.0,1665.0,5423.0,0.0,15.150000000000025,95.0,,0.1.0,4014,sublinear,central,none,120,60,10,2.0525539369352757,2.0,5.0,213,3,0.0438621959012534,-0.05315912358922958,4,5,0.8,1.6,0.4,0.0,0.9
18.0,240.0,1.0000000000000002,4737.662920000648,3657.1392770362845,2298.1779377158796,3.898863711726612,223,708.0000000000924,0.0,1791.0,0.0,1791.0,5295.0,0.0,13.650000000000022,91.0,,0.1.0,4012,sublinear,central,none,120,60,10,2.0517469310670444,2.0,5.010989010989011,205,7,0.03750131578130586,-0.03831112085193851,4,6,0.8,1.6,0.4,0.5,0.9
24.0,240.0,1.0000000000000002,4444.648762295702,3684.454353727423,2183.261854492395,3.9789543890279053,227,708.0000000000924,0.0,1895.0,0.0,1895.0,5182.0,0.0,13.650000000000022,84.0,2.0,0.1.0,4013,sublinear,central,none,120,60,10,2.048629872636048,2.0,5.0,212,4,0.03367683820875513,-0.03515024423316011,4,6,0.8,1.6,0.4,0.5,0.9
22.0,240.0,1.0000000000000002,4856.25524040917,3685.891713396611,2516.9480100668784,2.516184065593327,224,708.0000000000924,0.0,1702.0,0.0,1702.0,5382.0,0.0,14.550000000000024,92.0,,0.1.0,4014,sublinear,central,none,120,60,10,2.051282051282051,2.0,5.0,213,3,0.04083194113403244,-0.045369436900118014,4,6,0.8,1.6,0.4,0.5,0.9
20.0,240.0,1.0000000000000002,4923.747625274389,3780.304864265547,2304.752664973389,4.048218230387193,4414,283.1999999999959,0.0,464.0,0.0,464.0,2364.0,0.0,6.300000000000004,40.0,,0.1.0,4015,sublinear,central,none,120,60,1,19.444162436548222,35.0,21.75,4414,0,0.030694722366532964,-0.04109414696962637,5,0,0.8,0.4,0.2,-0.5,0.6
22.0,240.0,1.0000000000000002,4687.991415470259,3791.2165604448705,1866.8213653029306,4.086895251439236,4400,283.1999999999959,0.0,518.0,0.0,518.0,2319.0,0.0,5.700000000000003,37.0,1.0,0.1.0,4016,sublinear,central,none,120,60,1,19.294954721862872,35.0,20.405405405405407,4400,1,0.034011226344229054,-0.04537475418765873,5,0,0.8,0.4,0.2,-0.5,0.6
22.0,240.0,1.0,4359.945275314114,3812.7140795219298,1975.176220232136,5.271651567345693,4402,283.1999999999959,0.0,518.0,0.0,518.0,2319.0,0.0,5.850000000000003,39.0,,0.1.0,4017,sublinear,central,none,120,60,1,19.23846485554118,35.0,19.025641025641026,4402,1,0.03344894601520566,-0.04399166913376348,5,0,0.8,0.4,0.2,-0.5,0.6
18.0,240.0,1.0000000000000002,4871.835857004826,3771.7671449688023,2288.5866701066475,3.8348042168100567,4414,283.1999999999959,0.0,473.0,0.0,473.0,2355.0,0.0,6.300000000000004,40.0,,0.1.0,4015,sublinear,central,none,120,60,1,19.43949044585987,35.0,21.75,4414,0,0.007526010939286959,-0.010010832850170744,5,1,0.95,0.4,0.2,-0.5,0.6
22.0,240.0,1.0000000000000002,4607.546918954969,3776.6470696455726,1845.1975457934593,4.086895251439236,4400,283.1999999999959,0.0,542.0,0.0,542.0,2294.0,0.0,5.5500000000000025,36.0,1.0,0.1.0,4016,sublinear,central,none,120,60,1,19.309067131647776,35.0,20.47222222222222,4400,1,0.00818145125167869,-0.010867391124810652,5,1,0.95,0.4,0.2,-0.5,0.6
24.0,240.0,1.0,4301.60688926925,3798.7035225186382,1951.0008380311774,5.484210057458451,4402,283.1999999999959,0.0,537.0,0.0,537.0,2299.0,0.0,5.700000000000003,38.0,,0.1.0,4017,sublinear,central,none,120,60,1,19.196607220530666,35.0,18.605263157894736,4402,1,0.008148980563127125,-0.010617007011185862,5,1,0.95,0.4,0.2,-0.5,0.6
18.0,240.0,1.0000000000000002,5243.4946529748395,3779.963371357822,2295.1881031179073,3.8348042168100567,4415,283.1999999999959,0.0,425.0,0.0,425.0,2402.0,0.0,6.300000000000004,40.0,,0.1.0,4015,sublinear,central,none,120,60,1,19.402581182348044,35.0,21.75,4415,0,0.007472112672277351,-0.009992637673032219,5,2,0.95,0.4,0.2,-0.5,0.9
22.0,240.0,1.0000000000000002,4918.178197113015,3784.2139156779795,1854.7578570927233,4.086895251439236,4401,283.1999999999959,0.0,502.0,0.0,502.0,2333.0,0.0,5.5500000000000025,36.0,1.0,0.1.0,4016,sublinear,central,none,120,60,1,19.236605229318474,35.0,20.47222222222222,4401,1,0.008209053230608082,-0.01090401712741889,5,2,0.95,0.4,0.2,-0.5,0.9
25.0,240.0,1.0,4599.28182669906,3808.8582658276464,1962.224123040618,5.489357399855562,4402,283.1999999999959,0.0,473.0,0.0,473.0,2366.0,0.0,6.150000000000004,41.0,,0.1.0,4017,sublinear,central,none,120,60,1,19.238799661876584,35.0,19.536585365853657,4402,1,0.00811349814281046,-0.010524583016730475,5,2,0.95,0.4,0.2,-0.5,0.9
20.0,240.0,1.0000000000000002,5064.798209463121,3803.250418877814,2377.335863908442,3.7807805589938717,1613,566.4000000000602,0.0,962.0,0.0,962.0,4700.0,0.0,11.250000000000016,75.0,,0.1.0,4015,sublinear,central,none,120,60,1,7.719361702127659,13.0,10.253333333333334,1613,2,0.008803313424127993,-0.011303223774180839,5,3,0.95,0.8,0.2,-0.5,0.9
23.0,240.0,1.0000000000000002,4735.027309065367,3790.138594824103,1896.5434658499016,5.316238686399483,1614,566.4000000000602,0.0,1171.0,0.0,1171.0,4487.0,0.0,10.950000000000015,70.0,1.0,0.1.0,4016,sublinear,central,none,120,60,1,7.651437486070871,13.0,10.228571428571428,1614,5,0.009729523039604306,-0.012450033799084742,5,3,0.95,0.8,0.2,-0.5,0.9
24.0,240.0,1.0000000000000002,4415.325314278674,3808.95577863822,1996.4530839397662,5.870696822576845,1601,566.4000000000602,0.0,1271.0,0.0,1271.0,4402.0,0.0,11.250000000000016,72.0,1.0,0.1.0,4017,sublinear,central,none,120,60,1,7.542707860063607,13.0,9.98611111111111,1601,4,0.010875334093798286,-0.013376759053175244,5,3,0.95,0.8,0.2,-0.5,0.9
20.0,240.0,1.0000000000000002,5036.28244628886,3810.0638050283505,2365.504178655577,3.7807805589938717,1614,566.4000000000602,0.0,951.0,0.0,951.0,4710.0,0.0,11.250000000000016,75.0,,0.1.0,4015,sublinear,central,none,120,60,5,7.703609341825902,13.0,10.306666666666667,1614,2,0.01677456383455598,-0.013579931953860779,5,4,0.95,0.8,0.2,-0.5,0.9
21.0,240.0,1.0000000000000002,4713.661333117189,3796.3226701581802,1897.3962153148816,4.4805981499799366,1615,566.4000000000602,0.0,1135.0,0.0,1135.0,4523.0,0.0,11.100000000000016,71.0,1.0,0.1.0,4016,sublinear,central,none,120,60,5,7.637187707273934,13.0,10.23943661971831,1615,5,0.018797709948170878,-0.018888634836434673,5,4,0.95,0.8,0.2,-0.5,0.9
22.0,240.0,1.0000000000000002,4382.119885522216,3814.080173509036,1995.5879144642988,4.719834861759571,1602,566.4000000000602,0.0,1247.0,0.0,1247.0,4424.0,0.0,11.100000000000016,71.0,1.0,0.1.0,4017,sublinear,central,none,120,60,5,7.5350361663652805,13.0,10.04225352112676,1602,4,0.02098066571198866,-0.02101038612195434,5,4,0.95,0.8,0.2,-0.5,0.9
19.0,240.0,1.0000000000000002,5185.018469682521,3789.799411253392,2340.704707684648,3.487719233114873,1611,566.4000000000602,0.0,1294.0,0.0,1294.0,4366.0,0.0,10.650000000000015,71.0,,0.1.0,4015,sublinear,central,none,120,60,5,7.833256985799359,13.0,10.619718309859154,1611,3,0.017661739462220577,-0.009773374135775524,5,5,0.95,0.8,0.4,-0.5,0.9
21.0,240.0,1.0000000000000002,4881.343442315504,3785.1186578091224,1882.3798319259563,4.4805981499799366,1616,566.4000000000602,0.0,1434.0,0.0,1434.0,4221.0,0.0,10.800000000000015,69.0,1.0,0.1.0,4016,sublinear,central,none,120,60,5,7.734660033167496,13.0,10.521739130434783,1616,5,0.020161746682175814,-0.01681495613943692,5,5,0.95,0.8,0.4,-0.5,0.9
22.0,240.0,1.0000000000000002,4549.429606213694,3794.5475323376177,1992.90435957679,4.825918976362829,1602,566.4000000000602,0.0,1557.0,0.0,1557.0,4112.0,0.0,10.800000000000015,69.0,1.0,0.1.0,4017,sublinear,central,none,120,60,5,7.6755836575875485,13.0,10.101449275362318,1602,4,0.020538625511126583,-0.016881758450805626,5,5,0.95,0.8,0.4,-0.5,0.9
17.0,240.0,1.0000000000000002,5140.290899490629,3805.163637285798,2311.2787802803023,3.165454300213305,1612,566.4000000000602,0.0,1243.0,0.0,1243.0,4420.0,0.0,11.250000000000016,75.0,,0.1.0,4015,sublinear,central,none,120,60,5,7.82262443438914,13.0,10.6,1612,3,0.01729022173056493,-0.006592896435840892,5,6,0.95,0.8,0.4,0.0,0.9
19.0,240.0,1.0000000000000002,4889.794568296218,3828.041331786191,1870.1185122255372,3.6196166686478843,1616,566.4000000000602,0.0,1348.0,0.0,1348.0,4309.0,0.0,11.100000000000016,71.0,1.0,0.1.0,4016,sublinear,central,none,120,60,5,7.779995358551868,13.0,10.47887323943662,1616,6,0.017962684735935718,-0.010684150551579404,5,6,0.95,0.8,0.4,0.0,0.9
20.0,240.0,1.0000000000000002,4601.088213643132,3842.170530267595,2037.5368772297518,4.614268981072755,1609,566.4000000000602,0.0,1484.0,0.0,1484.0,4183.0,0.0,11.550000000000017,74.0,1.0,0.1.0,4017,sublinear,central,none,120,60,5,7.705474539803968,13.0,10.216216216216216,1609,4,0.019538818431835345,-0.012798478605130816,5,6,0.95,0.8,0.4,0.0,0.9
20.0,240.0,0.972882203668852,3827.0949379866593,3811.052592123022,2234.087910603991,3.5167548742959336,4404,283.1999999999959,0.0,583.0,0.0,583.0,2248.0,0.0,5.250000000000002,35.0,,0.1.0,4018,sublinear,central,none,120,60,5,19.2673487544484,35.0,22.228571428571428,4404,4,0.07701289344137141,-0.10110734216876278,6,0,0.6,0.4,0.2,0.0,0.0
23.0,240.0,0.9782460227783265,4043.5397313572043,3818.1258402741864,2226.4015936154046,4.699698669540925,4406,283.1999999999959,0.0,585.0,0.0,585.0,2267.0,0.0,8.70000000000001,57.0,,0.1.0,4019,sublinear,central,none,120,60,5,19.1733568592854,35.0,20.36842105263158,4406,1,0.07466877312530042,-0.10176795712410303,6,0,0.6,0.4,0.2,0.0,0.0
18.0,240.0,0.9755218931949184,3936.1560276243854,3802.816681924733,1975.8837362515662,3.2705635400698174,4405,283.1999999999959,0.0,608.0,0.0,608.0,2231.0,0.0,6.750000000000005,43.0,1.0,0.1.0,4020,sublinear,central,none,120,60,5,19.383684446436575,35.0,21.46511627906977,4405,5,0.07053850873733683,-0.09413112548856079,6,0,0.6,0.4,0.2,0.0,0.0
21.0,240.0,1.0000000000000002,3680.9753534360575,3823.27799097192,2247.4451739128244,3.980136831961651,1611,566.4000000000602,0.0,1329.0,0.0,1329.0,4326.0,0.0,10.050000000000013,66.0,1.0,0.1.0,4018,sublinear,central,none,120,60,5,7.742256125751271,13.0,10.378787878787879,1611,3,0.07030982916421924,-0.09548279681542812,6,1,0.6,0.8,0.2,0.0,0.0
23.0,240.0,1.0000000000000002,3896.063589406259,3831.822910003988,2248.0193376162993,4.033324249644076,1611,566.4000000000602,0.0,1327.0,0.0,1327.0,4356.0,0.0,14.100000000000023,89.0,,0.1.0,4019,sublinear,central,none,120,60,5,7.743112947658402,13.0,9.741573033707866,1611,3,0.08075603475759391,-0.10865331690470736,6,1,0.6,0.8,0.2,0.0,0.0
17.0,240.0,1.0000000000000002,3785.476020646086,3821.787545567782,1988.0291692188266,2.882821674166353,1614,566.4000000000602,0.0,1316.0,0.0,1316.0,4355.0,0.0,12.90000000000002,85.0,1.0,0.1.0,4020,sublinear,central,none,120,60,5,7.7777267508610795,13.0,10.341176470588236,1614,5,0.07085093957295976,-0.09827883406872834,6,1,0.6,0.8,0.2,0.0,0.0
22.0,240.0,1.0000000000000002,3298.5335454649257,3655.4581161282267,2117.9215579925794,3.6401341356906514,1607,566.4000000000602,0.0,1602.0,0.0,1602.0,4051.0,0.0,9.150000000000011,60.0,1.0,0.1.0,4018,sublinear,central,none,120,60,5,7.656381140459146,13.0,10.433333333333334,1607,3,0.06173161692634223,-0.0862245327170081,6,2,0.6,0.8,0.2,0.5,0.0
22.0,240.0,1.0000000000000002,3738.1279357280027,3773.496934765229,2200.303104332896,3.3324838652151305,1613,566.4000000000602,0.0,1411.0,0.0,1411.0,4275.0,0.0,14.850000000000025,94.0,,0.1.0,4019,sublinear,central,none,120,60,5,7.750175438596491,13.0,9.872340425531915,1613,3,0.06933356570227839,-0.09269129803311979,6,2,0.6,0.8,0.2,0.5,0.0
20.0,240.0,1.0000000000000002,3544.197722290604,3745.981942930321,1880.1313542197718,3.5193323576446573,1612,566.4000000000602,0.0,1432.0,0.0,1432.0,4241.0,0.0,12.90000000000002,85.0,1.0,0.1.0,4020,sublinear,central,none,120,60,5,7.778825748644188,13.0,10.329411764705883,1612,5,0.06338304250207422,-0.08890302176797966,6,2,0.6,0.8,0.2,0.5,0.0
21.0,240.0,1.0000000000000002,3597.6836336695515,3690.3819908477085,2166.643722185773,3.345070432981604,1612,566.4000000000602,0.0,1426.0,0.0,1426.0,4223.0,0.0,9.300000000000011,61.0,1.0,0.1.0,4018,sublinear,central,none,120,60,5,7.662798958086668,13.0,10.229508196721312,1612,3,0.06110097723717887,-0.08517455912937516,6,3,0.6,0.8,0.2,0.5,0.3
22.0,240.0,1.0000000000000002,4054.35989108027,3806.814128138864,2236.6969427299055,3.3324838652151305,1616,566.4000000000602,0.0,1230.0,0.0,1230.0,4454.0,0.0,15.150000000000025,95.0,1.0,0.1.0,4019,sublinear,central,none,120,60,5,7.732824427480916,13.0,9.863157894736842,1616,3,0.0679459123958116,-0.09148422255794655,6,3,0.6,0.8,0.2,0.5,0.3
20.0,240.0,1.0000000000000002,3785.973488852838,3767.621470061585,1899.0890738972205,3.8613289703244353,1612,566.4000000000602,0.0,1278.0,0.0,1278.0,4399.0,0.0,13.500000000000021,89.0,1.0,0.1.0,4020,sublinear,central,none,120,60,5,7.751307115253467,13.0,10.292134831460674,1612,5,0.06426882785512283,-0.08903125367741897,6,3,0.6,0.8,0.2,0.5,0.3
22.0,240.0,1.0000000000000002,3668.2221710002004,3735.833418324746,2204.321278509064,3.6660284344985987,1611,566.4000000000602,0.0,1377.0,0.0,1377.0,4274.0,0.0,9.450000000000012,62.0,1.0,0.1.0,4018,sublinear,central,none,120,60,10,7.630088909686476,13.0,10.193548387096774,1611,3,0.0628659138520999,-0.08145663792729452,6,4,0.6,0.8,0.2,0.5,0.3
21.0,240.0,1.0000000000000002,4076.1184704568395,3813.9736987239203,2244.3928017838994,3.1294158432363974,1615,566.4000000000602,0.0,1247.0,0.0,1247.0,4437.0,0.0,15.000000000000025,94.0,1.0,0.1.0,4019,sublinear,central,none,120,60,10,7.708812260536399,13.0,9.872340425531915,1615,3,0.07004259712058204,-0.08949432870285748,6,4,0.6,0.8,0.2,0.5,0.3
19.0,240.0,1.0000000000000002,3833.507279571619,3784.1252480492954,1923.0919175562337,3.567809436007547,1612,566.4000000000602,0.0,1256.0,0.0,1256.0,4420.0,0.0,13.350000000000021,88.0,1.0,0.1.0,4020,sublinear,central,none,120,60,10,7.7429864253393665,13.0,10.295454545454545,1612,5,0.06752941010490943,-0.08938581645807687,6,4,0.6,0.8,0.2,0.5,0.3
19.0,240.0,1.0000000000000002,3595.054818833618,3692.0741994682435,2194.4570450223414,3.021097231864241,1610,566.4000000000602,0.0,1440.0,0.0,1440.0,4210.0,0.0,9.150000000000011,60.0,1.0,0.1.0,4018,sublinear,central,none,120,60,10,7.599524940617577,13.0,10.216666666666667,1610,3,0.03930957276636296,-0.03487252158447375,6,5,0.8,0.8,0.2,0.5,0.3
21.0,240.0,1.0000000000000002,4056.8127623100268,3792.1486125804454,2247.07802367626,3.1294158432363974,1615,566.4000000000602,0.0,1283.0,0.0,1283.0,4401.0,0.0,15.000000000000025,94.0,1.0,0.1.0,4019,sublinear,central,none,120,60,10,7.690979322881163,13.0,9.872340425531915,1615,3,0.042641895216215656,-0.03871192023949921,6,5,0.8,0.8,0.2,0.5,0.3
20.0,240.0,1.0000000000000002,3779.194551381459,3751.5907449071983,1906.018615161709,4.159828535750043,1612,566.4000000000602,0.0,1309.0,0.0,1309.0,4367.0,0.0,13.350000000000021,88.0,1.0,0.1.0,4020,sublinear,central,none,120,60,10,7.713762308220747,13.0,10.295454545454545,1612,5,0.04043610787852418,-0.041956113910914146,6,5,0.8,0.8,0.2,0.5,0.3
22.0,240.0,1.0000000000000002,3673.051180344813,3661.2998540849744,2136.7368815524164,3.8464553858034183,1602,566.4000000000602,0.0,1756.0,0.0,1756.0,3903.0,0.0,9.300000000000011,61.0,1.0,0.1.0,4018,sublinear,central,none,120,60,10,7.688957212400718,13.0,10.19672131147541,1602,3,0.034543712130913576,-0.02660649826497042,6,6,0.8,0.8,0.4,0.5,0.3
22.0,240.0,1.0000000000000002,4126.232457579593,3733.879228529001,2168.261960060859,4.188689775992617,1606,566.4000000000602,0.0,1678.0,0.0,1678.0,4004.0,0.0,13.20000000000002,83.0,,0.1.0,4019,sublinear,central,none,120,60,10,7.72927072927073,13.0,9.879518072289157,1606,3,0.04154798461160926,-0.03509038196586768,6,6,0.8,0.8,0.4,0.5,0.3
21.0,240.0,1.0000000000000002,3874.446823072506,3707.191570101726,1865.5938717000743,4.248249212714901,1604,566.4000000000602,0.0,1693.0,0.0,1693.0,3977.0,0.0,11.250000000000016,74.0,1.0,0.1.0,4020,sublinear,central,none,120,60,10,7.765652501885843,13.0,10.27027027027027,1604,5,0.03715477780995205,-0.0356208805654619,6,6,0.8,0.8,0.4,0.5,0.3
28.0,240.0,0.9778933273364384,4055.7459434321404,3876.09143412931,2137.561367090509,4.846543857592185,4413,283.1999999999959,0.0,277.0,0.0,277.0,2558.0,0.0,7.350000000000007,47.0,1.0,0.1.0,4021,sublinear,central,none,120,60,10,19.3608287724785,35.0,22.914893617021278,4413,1,0.10384951405156795,-0.14038556361142235,7,0,0.4,0.4,0.0,0.0,0.3
20.0,240.0,0.9806711390820255,4498.687403764766,3853.736113206844,2087.441082218958,4.104959542191872,4409,283.1999999999959,0.0,289.0,0.0,289.0,2562.0,0.0,9.00000000000001,60.0,,0.1.0,4022,sublinear,central,none,120,60,10,19.282982045277127,35.0,22.566666666666666,4409,8,0.11094875210262706,-0.1504964983442902,7,0,0.4,0.4,0.0,0.0,0.3
25.0,240.0,0.9780726927190713,4420.983951627326,3868.5851546372296,2004.3783441319774,5.13285981972354,4412,283.1999999999959,0.0,247.0,0.0,247.0,2586.0,0.0,6.750000000000005,44.0,,0.1.0,4023,sublinear,central,none,120,60,10,19.221964423820573,35.0,22.727272727272727,4412,1,0.11516550131734932,-0.15454428271545134,7,0,0.4,0.4,0.0,0.0,0.3
28.0,240.0,0.9783761646973903,4129.554808368559,3851.4850594349055,2128.300512979691,4.96894204506313,4411,283.1999999999959,0.0,505.0,0.0,505.0,2327.0,0.0,6.600000000000005,42.0,1.0,0.1.0,4021,sublinear,central,none,120,60,10,19.079931241942415,35.0,22.928571428571427,4411,1,0.10944013535471542,-0.14610478666392554,7,1,0.4,0.4,0.2,0.0,0.3
20.0,240.0,0.9806711390820255,4562.140132669467,3832.004114827733,2066.8819146686774,4.104959542191872,4408,283.1999999999959,0.0,461.0,0.0,461.0,2385.0,0.0,8.100000000000009,54.0,,0.1.0,4022,sublinear,central,none,120,60,10,19.30188679245283,35.0,23.12962962962963,4408,8,0.11083607084979809,-0.14805648967738913,7,1,0.4,0.4,0.2,0.0,0.3
23.0,240.0,0.966721234784007,4486.206937072239,3839.1057518999696,1973.8206690600891,4.28514898000982,4407,283.1999999999959,0.0,468.0,0.0,468.0,2365.0,0.0,6.0000000000000036,39.0,,0.1.0,4023,sublinear,central,none,120,60,10,19.230021141649047,35.0,23.05128205128205,4407,1,0.11733161442838032,-0.15477039402823595,7,1,0.4,0.4,0.2,0.0,0.3
27.0,240.0,0.9783761646973903,4129.554808368559,3851.4850594349055,2128.300512979691,4.606577380619147,4411,283.1999999999959,0.0,505.0,0.0,505.0,2327.0,0.0,6.600000000000005,42.0,1.0,0.1.0,4021,sublinear,central,none,120,60,10,19.079931241942415,35.0,22.928571428571427,4411,1,0.07663810206278286,-0.09928365097943717,7,2,0.6,0.4,0.2,0.0,0.3
20.0,240.0,0.9806711390820255,4562.140132669467,3832.004114827733,2066.8819146686774,4.104959542191872,4408,283.1999999999959,0.0,461.0,0.0,461.0,2385.0,0.0,8.100000000000009,54.0,,0.1.0,4022,sublinear,central,none,120,60,10,19.30188679245283,35.0,23.12962962962963,4408,8,0.07586830261032965,-0.09803910552819586,7,2,0.6,0.4,0.2,0.0,0.3
23.0,240.0,0.966721234784007,4486.206937072239,3839.1057518999696,1973.8206690600891,4.28514898000982,4407,283.1999999999959,0.0,468.0,0.0,468.0,2365.0,0.0,6.0000000000000036,39.0,,0.1.0,4023,sublinear,central,none,120,60,10,19.230021141649047,35.0,23.05128205128205,4407,1,0.08059390926653873,-0.10243880775118505,7,2,0.6,0.4,0.2,0.0,0.3
27.0,240.0,0.9783761646973903,4460.722591034662,3862.533114835465,2137.991202000136,4.606577380619147,4411,283.1999999999959,0.0,439.0,0.0,439.0,2395.0,0.0,6.900000000000006,44.0,1.0,0.1.0,4021,sublinear,central,none,120,60,10,19.15490605427975,35.0,22.636363636363637,4411,2,0.07622760008448727,-0.09858904672802316,7,3,0.6,0.4,0.2,0.0,0.6
20.0,240.0,0.9806711390820255,4905.299043341194,3837.9064896395257,2073.607128247355,4.104959542191872,4409,283.1999999999959,0.0,418.0,0.0,418.0,2428.0,0.0,8.250000000000009,55.0,,0.1.0,4022,sublinear,central,none,120,60,10,19.301070840197692,35.0,22.818181818181817,4409,8,0.07507117283285644,-0.09712236070430402,7,3,0.6,0.4,0.2,0.0,0.6
23.0,240.0,0.966721234784007,4830.010818423261,3847.5560542319586,1983.1382057730118,4.28514898000982,4409,283.1999999999959,0.0,414.0,0.0,414.0,2417.0,0.0,6.0000000000000036,39.0,,0.1.0,4023,sublinear,central,none,120,60,10,19.22548613984278,35.0,23.05128205128205,4409,1,0.0810078298229523,-0.10384537855552889,7,3,0.6,0.4,0.2,0.0,0.6
24.0,240.0,1.0000000000000002,4246.162361475312,3872.8483137700505,2143.899657531862,3.7843185000405524,1610,566.4000000000602,0.0,1135.0,0.0,1135.0,4543.0,0.0,13.350000000000021,87.0,1.0,0.1.0,4021,sublinear,central,none,120,60,10,7.661457186880916,13.0,10.482758620689655,1610,2,0.07579174039900026,-0.0970533343338981,7,4,0.6,0.8,0.2,0.0,0.6
17.0,240.0,1.0000000000000002,4677.452071127513,3856.8015308421636,2103.556654100425,3.6893189601552594,1611,566.4000000000602,0.0,973.0,0.0,973.0,4728.0,0.0,16.80000000000002,111.0,,0.1.0,4022,sublinear,central,none,120,60,10,7.7626903553299496,13.0,10.414414414414415,1611,7,0.07606472204037155,-0.09738652346957213,7,4,0.6,0.8,0.2,0.0,0.6
24.0,240.0,1.0,4601.9096632921,3866.712366372541,1998.1048137160376,4.735858503108114,1613,566.4000000000602,0.0,1007.0,0.0,1007.0,4651.0,0.0,10.650000000000015,71.0,,0.1.0,4023,sublinear,central,none,120,60,10,7.730165555794453,13.0,10.394366197183098,1613,4,0.07957195427221977,-0.10258685324875758,7,4,0.6,0.8,0.2,0.0,0.6
27.0,240.0,1.0000000000000002,4027.944386133723,3810.462634517262,2089.3127302865423,4.444650463933381,1609,566.4000000000602,0.0,1231.0,0.0,1231.0,4448.0,0.0,13.350000000000021,87.0,1.0,0.1.0,4021,sublinear,central,none,120,60,10,7.62455035971223,13.0,10.471264367816092,1609,0,0.06729620240687408,-0.08574950407586653,7,5,0.6,0.8,0.2,0.5,0.6
19.0,240.0,1.0000000000000002,4491.353489485147,3793.501172187406,2091.194332522234,3.9717063394360874,1615,566.4000000000602,0.0,1021.0,0.0,1021.0,4675.0,0.0,16.65000000000002,110.0,,0.1.0,4022,sublinear,central,none,120,60,10,7.760213903743315,13.0,10.39090909090909,1615,7,0.0663487651078589,-0.08574178824944186,7,5,0.6,0.8,0.2,0.5,0.6
23.0,240.0,1.0000000000000002,4322.08065798992,3809.5393238254183,1973.3236846349087,5.158619898885207,1612,566.4000000000602,0.0,1071.0,0.0,1071.0,4588.0,0.0,10.650000000000015,71.0,,0.1.0,4023,sublinear,central,none,120,60,10,7.7040104620749785,13.0,10.43661971830986,1612,4,0.06316310502853849,-0.08313355204202004,7,5,0.6,0.8,0.2,0.5,0.6
25.0,240.0,1.0000000000000002,4087.634118769972,3834.7037670989457,2111.993628517586,4.194832898711278,1606,566.4000000000602,0.0,1193.0,0.0,1193.0,4488.0,0.0,13.20000000000002,86.0,1.0,0.1.0,4021,sublinear,central,none,120,60,20,7.621657754010696,13.0,10.453488372093023,1606,1,0.07778685020430579,-0.08457602798049813,7,6,0.6,0.8,0.2,0.5,0.6
19.0,240.0,1.0000000000000002,4540.70197326187,3812.449324543643,2100.581555690784,3.9717063394360874,1608,566.4000000000602,0.0,1019.0,0.0,1019.0,4684.0,0.0,16.65000000000002,110.0,,0.1.0,4022,sublinear,central,none,120,60,20,7.731212638770282,13.0,10.409090909090908,1608,7,0.07388160101027819,-0.0843570720593794,7,6,0.6,0.8,0.2,0.5,0.6
25.0,240.0,1.0000000000000002,4402.173331474091,3829.6322345616254,1984.3186342079684,5.287068160342517,1612,566.4000000000602,0.0,1059.0,0.0,1059.0,4599.0,0.0,10.500000000000014,70.0,,0.1.0,4023,sublinear,central,none,120,60,20,7.6873233311589475,13.0,10.428571428571429,1612,4,0.07235802500264062,-0.0819525192541238,7,6,0.6,0.8,0.2,0.5,0.6
