decision_errors,decisions_completed,max_individual_time_booked_hours,produced_work_units,effort_hours,cooperation_units,decision_regret_units,backlog_peak_records,review_hours,verification_resource_units,reviews_rejected,fraudulent_records_detected,honest_records_rejected,confirmed_records,fraudulent_records_accepted,appeal_hours,corrections,appeals_denied,model_version,world,regime,backend,attack,n,days_completed,update_interval_days,confirmation_mean_days,confirmation_p95_days,appeal_mean_days,unfinished_records,unfinished_appeals,last_authority_contribution_tv,last_signed_gini_gap,behavior_rule,autonomy_response
27.0,240.0,1.0000000000000002,4163.232951315864,3824.8380705626582,2272.4796115328018,4.4407997767571645,920,637.2000000000763,0.0,1397.0,0.0,1397.0,4974.0,0.0,13.800000000000022,88.0,1.0,0.1.0,4100,linear,central,none,120,60,1,4.858665058303177,8.0,7.590909090909091,920,6,0.0,1.3877787807814457e-17,linear_response,-0.25
25.0,240.0,1.0000000000000002,4118.368719273627,3857.530727664584,2272.257476485503,4.494477547954405,920,637.2000000000763,0.0,1330.0,0.0,1330.0,5038.0,0.0,13.350000000000021,85.0,1.0,0.1.0,4100,linear,central,none,120,60,1,4.865621278285034,8.0,7.576470588235294,920,7,0.0,6.938893903907228e-18,linear_response,0.0
25.0,240.0,1.0000000000000002,3952.1902517295407,3821.381439050968,2260.778398782662,4.572546821451697,920,637.2000000000763,0.0,1361.0,0.0,1361.0,5001.0,0.0,12.450000000000019,79.0,1.0,0.1.0,4100,linear,central,none,120,60,1,4.874425114977004,8.0,7.620253164556962,920,7,0.0,-6.938893903907228e-18,linear_response,0.25
27.0,240.0,1.0000000000000002,4171.533112513561,3835.376994059618,2276.743858902196,4.4407997767571645,920,637.2000000000763,0.0,1373.0,0.0,1373.0,4998.0,0.0,13.800000000000022,88.0,1.0,0.1.0,4100,sublinear,central,none,120,60,1,4.861544617847139,8.0,7.590909090909091,920,6,0.040658153040790304,-0.052698683744724494,linear_response,-0.25
26.0,240.0,1.0000000000000002,4118.368719273627,3857.530727664584,2272.257476485503,4.668961960723284,920,637.2000000000763,0.0,1330.0,0.0,1330.0,5038.0,0.0,13.350000000000021,85.0,1.0,0.1.0,4100,sublinear,central,none,120,60,1,4.865621278285034,8.0,7.576470588235294,920,7,0.037681626891921643,-0.0496407141075914,linear_response,0.0
25.0,240.0,1.0000000000000002,3957.9894824509793,3830.7731499769925,2253.261171925771,4.322355560565485,921,637.2000000000763,0.0,1349.0,0.0,1349.0,5014.0,0.0,12.75000000000002,81.0,1.0,0.1.0,4100,sublinear,central,none,120,60,1,4.871958516154766,8.0,7.604938271604938,921,7,0.03233105337733277,-0.043275852139512114,linear_response,0.25
28.0,240.0,1.0000000000000002,3178.861546711428,3877.2253454323914,1816.0159390788122,5.095865527713457,887,637.2000000000763,0.0,2367.0,0.0,2367.0,4012.0,0.0,10.050000000000013,65.0,1.0,0.1.0,4100,linear,central,none,120,60,1,4.602193419740778,7.0,7.292307692307692,887,3,0.0,1.3877787807814457e-17,satisficing,-0.25
28.0,240.0,1.0000000000000002,3527.1092934219714,3897.173182707496,1847.925234299785,5.095865527713457,886,637.2000000000763,0.0,2289.0,0.0,2289.0,4092.0,0.0,10.200000000000014,66.0,1.0,0.1.0,4100,linear,central,none,120,60,1,4.610215053763441,7.0,7.303030303030303,886,3,0.0,1.3877787807814457e-17,satisficing,0.0
26.0,240.0,1.0000000000000002,3652.588812457939,3956.849326483612,1848.2432600150391,4.764059966900093,893,637.2000000000763,0.0,2069.0,0.0,2069.0,4311.0,0.0,11.100000000000016,72.0,1.0,0.1.0,4100,linear,central,none,120,60,1,4.691950823474832,7.0,7.444444444444445,893,3,0.0,0.0,satisficing,0.25
28.0,240.0,1.0000000000000002,3216.9239580564486,3872.7509464561344,1819.1159403385757,5.095865527713457,885,637.2000000000763,0.0,2365.0,0.0,2365.0,4016.0,0.0,10.050000000000013,65.0,1.0,0.1.0,4100,sublinear,central,none,120,60,1,4.599601593625498,7.0,7.292307692307692,885,3,0.05261939051497328,-0.061451434284901144,satisficing,-0.25
26.0,240.0,1.0000000000000002,3527.1092934219714,3897.173182707496,1847.925234299785,4.517593678444721,886,637.2000000000763,0.0,2289.0,0.0,2289.0,4092.0,0.0,10.200000000000014,66.0,1.0,0.1.0,4100,sublinear,central,none,120,60,1,4.610215053763441,7.0,7.303030303030303,886,3,0.05693297516494435,-0.06794257927451573,satisficing,0.0
26.0,240.0,1.0000000000000002,3685.845588057375,3954.0215223686323,1854.1894682464717,4.51745956403475,893,637.2000000000763,0.0,2116.0,0.0,2116.0,4263.0,0.0,10.950000000000015,71.0,1.0,0.1.0,4100,sublinear,central,none,120,60,1,4.676753460004692,7.0,7.464788732394366,893,3,0.05700092856080619,-0.06813250176597666,satisficing,0.25
23.0,240.0,1.0000000000000002,4258.261084590677,3517.702889364545,2583.5083876989443,3.8899588055045733,915,637.2000000000763,0.0,1367.0,0.0,1367.0,5004.0,0.0,13.05000000000002,84.0,1.0,0.1.0,4100,linear,central,none,120,60,1,4.922062350119904,8.0,7.619047619047619,915,8,0.0,6.938893903907228e-18,reinforcement,-0.25
24.0,240.0,1.0000000000000002,4765.22072674204,3793.1755043025387,2688.138242473626,4.244354423662736,925,637.2000000000763,0.0,902.0,0.0,902.0,5468.0,0.0,14.400000000000023,92.0,1.0,0.1.0,4100,linear,central,none,120,60,1,4.9508046817849305,8.0,7.695652173913044,925,8,0.0,-2.7755575615628914e-17,reinforcement,0.0
24.0,240.0,1.0000000000000002,3372.1225204485445,2790.554459890764,2162.7701108015112,4.62213810341061,898,637.2000000000763,0.0,2257.0,0.0,2257.0,4114.0,0.0,10.500000000000014,66.0,1.0,0.1.0,4100,linear,central,none,120,60,1,4.779290228488089,8.0,7.621212121212121,898,8,0.0,-1.3877787807814457e-17,reinforcement,0.25
26.0,240.0,1.0000000000000002,4403.5538769054665,3573.007227009578,2612.0634984428348,4.696714210153933,918,637.2000000000763,0.0,1276.0,0.0,1276.0,5096.0,0.0,13.650000000000022,88.0,1.0,0.1.0,4100,sublinear,central,none,120,60,1,4.93956043956044,8.0,7.6477272727272725,918,9,0.02927599136567511,-0.04000702964703807,reinforcement,-0.25
23.0,240.0,1.0000000000000002,4765.22072674204,3793.1755043025387,2688.138242473626,3.894652788634761,925,637.2000000000763,0.0,902.0,0.0,902.0,5468.0,0.0,14.400000000000023,92.0,1.0,0.1.0,4100,sublinear,central,none,120,60,1,4.9508046817849305,8.0,7.695652173913044,925,8,0.02918982217635057,-0.03991586285753135,reinforcement,0.0
24.0,240.0,1.0000000000000002,3547.0099309716647,2939.1657203549275,2222.8644303555193,4.477628335901616,903,637.2000000000763,0.0,2046.0,0.0,2046.0,4324.0,0.0,11.100000000000016,70.0,1.0,0.1.0,4100,sublinear,central,none,120,60,1,4.810823311748381,8.0,7.6,903,8,0.032472675015964333,-0.04284909159637695,reinforcement,0.25
27.0,240.0,1.0000000000000002,4237.124868815488,3808.8239605534286,2248.377168841757,4.372437445587727,913,637.2000000000763,0.0,1341.0,0.0,1341.0,5031.0,0.0,12.90000000000002,83.0,1.0,0.1.0,4101,linear,central,none,120,60,1,4.905187835420394,8.0,7.614457831325301,913,3,0.0,2.7755575615628914e-17,linear_response,-0.25
25.0,240.0,1.0000000000000002,4114.264199619682,3844.036653518505,2158.6506494576083,4.183442118322047,912,637.2000000000763,0.0,1309.0,0.0,1309.0,5070.0,0.0,13.800000000000022,89.0,1.0,0.1.0,4101,linear,central,none,120,60,1,4.914595660749507,8.0,7.674157303370786,912,3,0.0,0.0,linear_response,0.0
27.0,240.0,1.0000000000000002,3770.216912529122,3763.5333171441225,2025.5927412395656,4.17102686836922,912,637.2000000000763,0.0,1464.0,0.0,1464.0,4913.0,0.0,13.500000000000021,87.0,1.0,0.1.0,4101,linear,central,none,120,60,1,4.912273559943008,8.0,7.64367816091954,912,3,0.0,2.0816681711721685e-17,linear_response,0.25
25.0,240.0,1.0000000000000002,4287.739415968712,3826.172934921343,2244.8890484522035,4.102477808832843,913,637.2000000000763,0.0,1320.0,0.0,1320.0,5052.0,0.0,12.90000000000002,83.0,1.0,0.1.0,4101,sublinear,central,none,120,60,1,4.907363420427553,8.0,7.614457831325301,913,3,0.041695983073101336,-0.054316771636984416,linear_response,-0.25
26.0,240.0,1.0000000000000002,4114.264199619682,3844.036653518505,2158.6506494576083,4.196547478016995,912,637.2000000000763,0.0,1309.0,0.0,1309.0,5070.0,0.0,13.800000000000022,89.0,1.0,0.1.0,4101,sublinear,central,none,120,60,1,4.914595660749507,8.0,7.674157303370786,912,3,0.03618273130803644,-0.0485750874621444,linear_response,0.0
28.0,240.0,1.0000000000000002,3801.0719567360775,3780.593372574047,2039.887118222428,4.397722869548818,913,637.2000000000763,0.0,1425.0,0.0,1425.0,4952.0,0.0,13.650000000000022,88.0,1.0,0.1.0,4101,sublinear,central,none,120,60,1,4.915791599353796,8.0,7.670454545454546,913,3,0.02801833284423346,-0.03835929233999194,linear_response,0.25
25.0,240.0,1.0000000000000002,3046.1292421186217,3869.082348585662,1736.1396496854318,3.8558032964680837,883,637.2000000000763,0.0,2455.0,0.0,2455.0,3932.0,0.0,10.650000000000015,69.0,1.0,0.1.0,4101,linear,central,none,120,60,1,4.621312309257376,7.0,7.478260869565218,883,1,0.0,-1.3877787807814457e-17,satisficing,-0.25
25.0,240.0,1.0000000000000002,3494.4505226580773,3895.6353493246434,1780.4357865932047,3.8973339024451468,885,637.2000000000763,0.0,2317.0,0.0,2317.0,4068.0,0.0,10.650000000000015,69.0,1.0,0.1.0,4101,linear,central,none,120,60,1,4.639626352015733,7.0,7.420289855072464,885,1,0.0,1.3877787807814457e-17,satisficing,0.0
25.0,240.0,1.0000000000000002,3468.474347453229,3959.169575913756,1686.5690058792868,3.8558032964680837,895,637.2000000000763,0.0,2130.0,0.0,2130.0,4248.0,0.0,11.100000000000016,72.0,1.0,0.1.0,4101,linear,central,none,120,60,1,4.710922787193974,8.0,7.430555555555555,895,1,0.0,-1.3877787807814457e-17,satisficing,0.25
25.0,240.0,1.0000000000000002,3092.505991962608,3864.6914560115215,1743.6274753923124,3.858230175163729,884,637.2000000000763,0.0,2426.0,0.0,2426.0,3961.0,0.0,10.800000000000015,70.0,1.0,0.1.0,4101,sublinear,central,none,120,60,1,4.626104519060843,7.0,7.485714285714286,884,1,0.05468751809939024,-0.06393395927811336,satisficing,-0.25
25.0,240.0,1.0000000000000002,3494.4505226580773,3895.6353493246434,1780.4357865932047,3.899760781140793,885,637.2000000000763,0.0,2317.0,0.0,2317.0,4068.0,0.0,10.650000000000015,69.0,1.0,0.1.0,4101,sublinear,central,none,120,60,1,4.639626352015733,7.0,7.420289855072464,885,1,0.061526024473705906,-0.07191673512964855,satisficing,0.0
26.0,240.0,1.0000000000000002,3538.369678795836,3952.574428752591,1722.6743093001755,3.90196396436657,896,637.2000000000763,0.0,2157.0,0.0,2157.0,4219.0,0.0,10.950000000000015,71.0,1.0,0.1.0,4101,sublinear,central,none,120,60,1,4.700165916093861,8.0,7.436619718309859,896,1,0.06026518976037669,-0.06893932387855302,satisficing,0.25
27.0,240.0,1.0000000000000002,3962.7606649152694,3368.859982331187,2401.96842907658,4.163770301516647,912,637.2000000000763,0.0,1635.0,0.0,1635.0,4730.0,0.0,11.700000000000017,75.0,1.0,0.1.0,4101,linear,central,none,120,60,1,4.946934460887949,8.0,7.626666666666667,912,3,0.0,6.938893903907228e-18,reinforcement,-0.25
27.0,240.0,1.0000000000000002,4702.660630892422,3796.3517653284134,2466.9986346800483,4.239472410935101,920,637.2000000000763,0.0,984.0,0.0,984.0,5392.0,0.0,14.550000000000024,94.0,1.0,0.1.0,4101,linear,central,none,120,60,1,4.9679154302670625,8.0,7.702127659574468,920,3,0.0,2.7755575615628914e-17,reinforcement,0.0
26.0,240.0,1.0000000000000002,2725.1941012368993,2605.402119004122,1764.5247419408327,4.482030813235624,887,637.2000000000763,0.0,2763.0,0.0,2763.0,3617.0,0.0,10.200000000000014,65.0,1.0,0.1.0,4101,linear,central,none,120,60,1,4.724910146530274,8.0,7.4,887,2,0.0,0.0,reinforcement,0.25
24.0,240.0,1.0000000000000002,4161.256459577879,3466.8973350551737,2457.361281147387,3.843522662225078,914,637.2000000000763,0.0,1457.0,0.0,1457.0,4911.0,0.0,12.450000000000019,80.0,1.0,0.1.0,4101,sublinear,central,none,120,60,1,4.961107717369171,8.0,7.6875,914,3,0.028941247355740538,-0.03983564993247163,reinforcement,-0.25
28.0,240.0,1.0000000000000002,4702.660630892422,3796.3517653284134,2466.9986346800483,4.461454529757455,920,637.2000000000763,0.0,984.0,0.0,984.0,5392.0,0.0,14.550000000000024,94.0,1.0,0.1.0,4101,sublinear,central,none,120,60,1,4.9679154302670625,8.0,7.702127659574468,920,3,0.033149969959299336,-0.04442279769518488,reinforcement,0.0
24.0,240.0,1.0000000000000002,2956.271335419293,2747.80532212547,1815.7765334864637,4.071861871690426,893,637.2000000000763,0.0,2578.0,0.0,2578.0,3797.0,0.0,10.350000000000014,66.0,1.0,0.1.0,4101,sublinear,central,none,120,60,1,4.761127205688702,8.0,7.378787878787879,893,2,0.034608625772976936,-0.04471952422847991,reinforcement,0.25
18.0,240.0,1.0000000000000002,4068.576685078779,3810.210532758331,2139.9253686059697,2.51103255246113,910,637.2000000000763,0.0,1573.0,0.0,1573.0,4818.0,0.0,15.150000000000025,100.0,,0.1.0,4102,linear,central,none,120,60,1,4.915525114155251,8.0,7.65,910,5,0.0,-2.7755575615628914e-17,linear_response,-0.25
17.0,240.0,1.0000000000000002,3860.8977860870336,3814.5117885170826,2087.8578438633663,2.7720362470416906,916,637.2000000000763,0.0,1511.0,0.0,1511.0,4875.0,0.0,15.300000000000026,101.0,,0.1.0,4102,linear,central,none,120,60,1,4.921435897435898,8.0,7.712871287128713,916,5,0.0,0.0,linear_response,0.0
15.0,240.0,1.0000000000000002,3619.066497273265,3718.580339050401,2020.0055060740183,2.2753855600488686,918,637.2000000000763,0.0,1636.0,0.0,1636.0,4743.0,0.0,14.550000000000024,96.0,,0.1.0,4102,linear,central,none,120,60,1,4.938857263335442,8.0,7.78125,918,5,0.0,-3.469446951953614e-17,linear_response,0.25
15.0,240.0,1.0,4058.0926499778484,3819.2313203544754,2140.112577284407,2.1999371713319316,911,637.2000000000763,0.0,1540.0,0.0,1540.0,4849.0,0.0,15.000000000000025,99.0,,0.1.0,4102,sublinear,central,none,120,60,1,4.919158589399876,8.0,7.646464646464646,911,5,0.04291207375488969,-0.055970220920849106,linear_response,-0.25
16.0,240.0,1.0000000000000002,3860.8977860870336,3814.5117885170826,2087.8578438633663,2.5158665582480824,916,637.2000000000763,0.0,1511.0,0.0,1511.0,4875.0,0.0,15.300000000000026,101.0,,0.1.0,4102,sublinear,central,none,120,60,1,4.921435897435898,8.0,7.712871287128713,916,5,0.03716383344634581,-0.04891015922158306,linear_response,0.0
11.0,240.0,1.0000000000000002,3668.194166475934,3749.6194376633957,2033.9382124386946,1.3508275373604899,918,637.2000000000763,0.0,1587.0,0.0,1587.0,4792.0,0.0,14.550000000000024,96.0,,0.1.0,4102,sublinear,central,none,120,60,1,4.942821368948247,8.0,7.739583333333333,918,5,0.03134279206217835,-0.042317354985196745,linear_response,0.25
19.0,240.0,1.0000000000000002,2839.9275988042245,3935.4271006776016,1620.3589236584946,3.522932746291697,876,637.2000000000763,0.0,2762.0,0.0,2762.0,3642.0,0.0,12.000000000000018,79.0,,0.1.0,4102,linear,central,none,120,60,1,4.609006040637013,7.0,7.417721518987341,876,3,0.0,-2.7755575615628914e-17,satisficing,-0.25
18.0,240.0,1.0000000000000002,3166.8579771878403,3914.973737032201,1648.438763118844,3.10120928316142,875,637.2000000000763,0.0,2623.0,0.0,2623.0,3786.0,0.0,12.60000000000002,83.0,,0.1.0,4102,linear,central,none,120,60,1,4.630480718436345,8.0,7.481927710843373,875,3,0.0,1.3877787807814457e-17,satisficing,0.0
20.0,240.0,1.0000000000000002,3146.0138743007255,3983.712589818025,1563.5992726809843,3.9112193924773164,871,637.2000000000763,0.0,2460.0,0.0,2460.0,3957.0,0.0,13.20000000000002,87.0,,0.1.0,4102,linear,central,none,120,60,1,4.6805660854182465,8.0,7.494252873563219,871,2,0.0,1.3877787807814457e-17,satisficing,0.25
18.0,240.0,1.0000000000000002,2865.1156461417386,3920.3465733950075,1625.2990966044167,3.017089332839033,875,637.2000000000763,0.0,2746.0,0.0,2746.0,3660.0,0.0,12.150000000000018,80.0,,0.1.0,4102,sublinear,central,none,120,60,1,4.604371584699454,7.0,7.4625,875,3,0.05963737825500535,-0.06805900898736662,satisficing,-0.25
18.0,240.0,1.0000000000000002,3166.8579771878403,3914.973737032201,1648.438763118844,3.10120928316142,875,637.2000000000763,0.0,2623.0,0.0,2623.0,3786.0,0.0,12.60000000000002,83.0,,0.1.0,4102,sublinear,central,none,120,60,1,4.630480718436345,8.0,7.481927710843373,875,3,0.0653002928488611,-0.07452095033900251,satisficing,0.0
20.0,240.0,1.0000000000000002,3220.017891040532,3979.445638015754,1596.2597620126512,3.715200193077159,874,637.2000000000763,0.0,2445.0,0.0,2445.0,3970.0,0.0,13.350000000000021,88.0,,0.1.0,4102,sublinear,central,none,120,60,1,4.68816120906801,8.0,7.545454545454546,874,2,0.06330922995214895,-0.0729789224766322,satisficing,0.25
15.0,240.0,1.0000000000000002,3537.8557229850335,3288.4710540498068,2257.730130650822,2.0745964050347236,911,637.2000000000763,0.0,1925.0,0.0,1925.0,4460.0,0.0,14.400000000000023,95.0,,0.1.0,4102,linear,central,none,120,60,1,4.95829596412556,8.0,7.71578947368421,911,5,0.0,-6.938893903907228e-18,reinforcement,-0.25
18.0,240.0,1.0000000000000002,4395.134733798907,3785.3254028104307,2449.848986747122,3.1309605285329623,922,637.2000000000763,0.0,1150.0,0.0,1150.0,5237.0,0.0,16.350000000000023,108.0,,0.1.0,4102,linear,central,none,120,60,1,4.977849914072943,8.0,7.7592592592592595,922,5,0.0,0.0,reinforcement,0.0
19.0,240.0,1.0000000000000002,2289.4150964048004,2323.971571392617,1570.7240853877663,3.028426953768698,870,637.2000000000763,0.0,3280.0,0.0,3280.0,3101.0,0.0,7.6500000000000075,51.0,,0.1.0,4102,linear,central,none,120,60,1,4.577233150596582,7.0,7.294117647058823,870,4,0.0,-1.3877787807814457e-17,reinforcement,0.25
13.0,240.0,1.0000000000000002,3758.6248334893417,3396.9598424075753,2328.302081611359,1.3661193794361337,913,637.2000000000763,0.0,1732.0,0.0,1732.0,4651.0,0.0,14.400000000000023,95.0,,0.1.0,4102,sublinear,central,none,120,60,1,4.975704149645238,8.0,7.747368421052632,913,5,0.03209825778666794,-0.042939919346051944,reinforcement,-0.25
18.0,240.0,1.0000000000000002,4395.134733798907,3785.3254028104307,2449.848986747122,3.1309605285329623,922,637.2000000000763,0.0,1150.0,0.0,1150.0,5237.0,0.0,16.350000000000023,108.0,,0.1.0,4102,sublinear,central,none,120,60,1,4.977849914072943,8.0,7.7592592592592595,922,5,0.03381879508572225,-0.044418814986699875,reinforcement,0.0
16.0,240.0,1.0000000000000002,2535.717407061268,2470.432709587866,1636.2453288927722,2.513942065118565,882,637.2000000000763,0.0,3071.0,0.0,3071.0,3305.0,0.0,8.70000000000001,58.0,,0.1.0,4102,sublinear,central,none,120,60,1,4.670196671709531,8.0,7.431034482758621,882,4,0.04404846593156491,-0.05429372223428995,reinforcement,0.25
29.0,240.0,1.0000000000000002,4035.979674255653,3809.5498397826855,2688.3138451644695,4.04865431586593,918,637.2000000000763,0.0,1358.0,0.0,1358.0,5014.0,0.0,13.500000000000021,89.0,,0.1.0,4103,linear,central,none,120,60,1,4.9014758675708014,8.0,7.47191011235955,918,5,0.0,0.0,linear_response,-0.25
29.0,240.0,1.0000000000000002,3976.927052827684,3811.71240314401,2661.899493613062,4.087048923645574,919,637.2000000000763,0.0,1330.0,0.0,1330.0,5042.0,0.0,13.650000000000022,90.0,,0.1.0,4103,linear,central,none,120,60,1,4.906584688615629,8.0,7.455555555555556,919,5,0.0,-2.0816681711721685e-17,linear_response,0.0
28.0,240.0,1.0000000000000002,3801.012009500899,3727.9660421253147,2595.016883397478,4.1158257378115355,919,637.2000000000763,0.0,1426.0,0.0,1426.0,4945.0,0.0,13.500000000000021,89.0,,0.1.0,4103,linear,central,none,120,60,1,4.920728008088979,8.0,7.46067415730337,919,5,0.0,-6.938893903907228e-18,linear_response,0.25
28.0,240.0,1.0000000000000002,4046.739406909279,3815.8096937082555,2693.625668322591,3.9550305017138565,918,637.2000000000763,0.0,1343.0,0.0,1343.0,5030.0,0.0,13.650000000000022,90.0,,0.1.0,4103,sublinear,central,none,120,60,1,4.90258449304175,8.0,7.466666666666667,918,5,0.03535722738986282,-0.04711857905658263,linear_response,-0.25
29.0,240.0,1.0000000000000002,3976.927052827684,3811.71240314401,2661.899493613062,4.087048923645574,919,637.2000000000763,0.0,1330.0,0.0,1330.0,5042.0,0.0,13.650000000000022,90.0,,0.1.0,4103,sublinear,central,none,120,60,1,4.906584688615629,8.0,7.455555555555556,919,5,0.033057927081155944,-0.04441175761851918,linear_response,0.0
27.0,240.0,1.0000000000000002,3822.9155779663597,3747.620973929477,2603.8060980376413,3.948826269377438,919,637.2000000000763,0.0,1395.0,0.0,1395.0,4977.0,0.0,13.650000000000022,90.0,,0.1.0,4103,sublinear,central,none,120,60,1,4.920634920634921,8.0,7.488888888888889,919,5,0.029232777979178406,-0.03951975002206323,linear_response,0.25
25.0,240.0,1.0000000000000002,3034.1187949773766,3889.825775307389,2068.461577082511,3.180071467816579,878,637.2000000000763,0.0,2372.0,0.0,2372.0,4023.0,0.0,10.950000000000015,73.0,,0.1.0,4103,linear,central,none,120,60,1,4.637086751180711,7.0,7.205479452054795,878,2,0.0,4.163336342344337e-17,satisficing,-0.25
25.0,240.0,1.0000000000000002,3284.1236074917706,3883.8043281903124,2111.34519187531,3.26198639305013,880,637.2000000000763,0.0,2278.0,0.0,2278.0,4115.0,0.0,10.950000000000015,73.0,,0.1.0,4103,linear,central,none,120,60,1,4.654434993924665,7.0,7.205479452054795,880,2,0.0,1.3877787807814457e-17,satisficing,0.0
26.0,240.0,1.0000000000000002,3425.891752253742,3937.042939208919,2103.981054314416,3.4289858614842275,890,637.2000000000763,0.0,2135.0,0.0,2135.0,4254.0,0.0,11.850000000000017,79.0,,0.1.0,4103,linear,central,none,120,60,1,4.708509637987776,8.0,7.3924050632911396,890,2,0.0,-1.3877787807814457e-17,satisficing,0.25
24.0,240.0,1.0000000000000002,3046.594279822915,3883.2283134844624,2072.4814535317323,3.155803387483963,879,637.2000000000763,0.0,2363.0,0.0,2363.0,4031.0,0.0,10.950000000000015,73.0,,0.1.0,4103,sublinear,central,none,120,60,1,4.638551227983131,7.0,7.205479452054795,879,3,0.050681705211203826,-0.05997928880886161,satisficing,-0.25
24.0,240.0,1.0000000000000002,3284.1236074917706,3883.8043281903124,2111.34519187531,3.155803387483963,880,637.2000000000763,0.0,2278.0,0.0,2278.0,4115.0,0.0,10.950000000000015,73.0,,0.1.0,4103,sublinear,central,none,120,60,1,4.654434993924665,7.0,7.205479452054795,880,2,0.0543173286282178,-0.06502240953745769,satisficing,0.0
25.0,240.0,1.0000000000000002,3437.2289662719504,3932.1752531588745,2111.163359710151,3.243889421051243,885,637.2000000000763,0.0,2176.0,0.0,2176.0,4215.0,0.0,11.400000000000016,76.0,,0.1.0,4103,sublinear,central,none,120,60,1,4.690391459074733,7.0,7.2894736842105265,885,1,0.055406236957811314,-0.06589263831794781,satisficing,0.25
24.0,240.0,1.0000000000000002,3986.532135348352,3490.2089007741315,2904.5982648060103,3.3431957210700807,922,637.2000000000763,0.0,1485.0,0.0,1485.0,4885.0,0.0,13.800000000000022,91.0,,0.1.0,4103,linear,central,none,120,60,1,4.946571136131014,8.0,7.516483516483516,922,5,0.0,1.3877787807814457e-17,reinforcement,-0.25
30.0,240.0,1.0000000000000002,4431.497727716512,3765.8182836414767,2978.428341826605,3.856808429895518,925,637.2000000000763,0.0,1032.0,0.0,1032.0,5340.0,0.0,14.550000000000024,96.0,,0.1.0,4103,linear,central,none,120,60,1,4.964044943820225,8.0,7.541666666666667,925,5,0.0,-2.0816681711721685e-17,reinforcement,0.0
30.0,240.0,1.0000000000000002,2840.8846391411903,2622.7200234630277,2226.2179919235755,4.599505144686739,886,637.2000000000763,0.0,2600.0,0.0,2600.0,3785.0,0.0,10.650000000000015,70.0,,0.1.0,4103,linear,central,none,120,60,1,4.69669749009247,8.0,7.257142857142857,886,2,0.0,-1.3877787807814457e-17,reinforcement,0.25
26.0,240.0,1.0000000000000002,4181.57614981603,3592.2224201955496,2948.955011896372,3.8141854623090232,924,637.2000000000763,0.0,1330.0,0.0,1330.0,5039.0,0.0,13.950000000000022,92.0,,0.1.0,4103,sublinear,central,none,120,60,1,4.9511807898392535,8.0,7.543478260869565,924,5,0.028642546710276873,-0.03850552451250381,reinforcement,-0.25
29.0,240.0,1.0000000000000002,4431.497727716512,3765.8182836414767,2978.428341826605,3.6976982517281884,925,637.2000000000763,0.0,1032.0,0.0,1032.0,5340.0,0.0,14.550000000000024,96.0,,0.1.0,4103,sublinear,central,none,120,60,1,4.964044943820225,8.0,7.541666666666667,925,5,0.02772499650473044,-0.03777541414855008,reinforcement,0.0
30.0,240.0,1.0000000000000002,3121.8618204744075,2811.567722592089,2359.783247917831,3.891300839110011,891,637.2000000000763,0.0,2305.0,0.0,2305.0,4082.0,0.0,11.700000000000017,77.0,,0.1.0,4103,sublinear,central,none,120,60,1,4.773885350318471,8.0,7.298701298701299,891,2,0.036059453349921285,-0.047026234111604295,reinforcement,0.25
25.0,240.0,1.0000000000000002,4006.7305944112086,3838.9434031108344,1980.6586566734763,3.5506334147083143,909,637.2000000000763,0.0,1448.0,0.0,1448.0,4931.0,0.0,13.350000000000021,88.0,1.0,0.1.0,4104,linear,central,none,120,60,1,4.881971202595822,8.0,7.75,909,3,0.0,6.938893903907228e-18,linear_response,-0.25
24.0,240.0,1.0000000000000002,3917.064012238648,3863.1266426353313,1971.85070688442,4.399048419109768,910,637.2000000000763,0.0,1371.0,0.0,1371.0,5009.0,0.0,13.650000000000022,90.0,1.0,0.1.0,4104,linear,central,none,120,60,1,4.894989019764424,8.0,7.766666666666667,910,5,0.0,0.0,linear_response,0.0
25.0,240.0,1.0000000000000002,3750.0451153796225,3832.3084251339565,1947.2255900090647,4.323203142040473,911,637.2000000000763,0.0,1368.0,0.0,1368.0,5012.0,0.0,13.800000000000022,91.0,1.0,0.1.0,4104,linear,central,none,120,60,1,4.915203511572226,8.0,7.791208791208791,911,5,0.0,2.0816681711721685e-17,linear_response,0.25
24.0,240.0,1.0000000000000002,4008.6820905216914,3847.702017258095,1981.9966264471445,3.4854361591171372,909,637.2000000000763,0.0,1424.0,0.0,1424.0,4956.0,0.0,13.500000000000021,89.0,1.0,0.1.0,4104,sublinear,central,none,120,60,1,4.887005649717514,8.0,7.786516853932584,909,3,0.04262524721540674,-0.05330906432070935,linear_response,-0.25
26.0,240.0,1.0000000000000002,3917.064012238648,3863.1266426353313,1971.85070688442,4.492068441888821,910,637.2000000000763,0.0,1371.0,0.0,1371.0,5009.0,0.0,13.650000000000022,90.0,1.0,0.1.0,4104,sublinear,central,none,120,60,1,4.894989019764424,8.0,7.766666666666667,910,5,0.03767871509743354,-0.04752193038067562,linear_response,0.0
25.0,240.0,1.0000000000000002,3772.142616897926,3840.7088741616562,1949.256654856988,4.291706191136076,912,637.2000000000763,0.0,1361.0,0.0,1361.0,5019.0,0.0,13.950000000000022,92.0,1.0,0.1.0,4104,sublinear,central,none,120,60,1,4.915122534369396,8.0,7.771739130434782,912,5,0.031233881551871404,-0.0403633789206242,linear_response,0.25
28.0,240.0,1.0000000000000002,2942.8259032726583,3911.6154705696204,1499.5748917790202,4.945467282090316,878,637.2000000000763,0.0,2615.0,0.0,2615.0,3774.0,0.0,10.200000000000014,67.0,1.0,0.1.0,4104,linear,central,none,120,60,1,4.580551139374669,7.0,7.507462686567164,878,2,0.0,2.7755575615628914e-17,satisficing,-0.25
29.0,240.0,1.0000000000000002,3258.526061250198,3903.18482321823,1528.1716421748888,5.732667780038613,879,637.2000000000763,0.0,2505.0,0.0,2505.0,3885.0,0.0,10.500000000000014,69.0,1.0,0.1.0,4104,linear,central,none,120,60,1,4.600772200772201,7.0,7.536231884057971,879,2,0.0,1.3877787807814457e-17,satisficing,0.0
31.0,240.0,1.0000000000000002,3423.4624002385185,3959.2793224101806,1528.037898905515,6.18791926013626,888,637.2000000000763,0.0,2272.0,0.0,2272.0,4111.0,0.0,10.800000000000015,71.0,1.0,0.1.0,4104,linear,central,none,120,60,1,4.684018486986135,8.0,7.577464788732394,888,2,0.0,1.3877787807814457e-17,satisficing,0.25
29.0,240.0,1.0000000000000002,2972.6413550677657,3900.6166212852877,1504.4369976378875,5.5786922385447575,878,637.2000000000763,0.0,2601.0,0.0,2601.0,3788.0,0.0,10.200000000000014,67.0,1.0,0.1.0,4104,sublinear,central,none,120,60,1,4.579461457233369,7.0,7.507462686567164,878,2,0.05835092991258836,-0.06579399810536408,satisficing,-0.25
27.0,240.0,1.0000000000000002,3258.526061250198,3903.18482321823,1528.1716421748888,4.881030061326309,879,637.2000000000763,0.0,2505.0,0.0,2505.0,3885.0,0.0,10.500000000000014,69.0,1.0,0.1.0,4104,sublinear,central,none,120,60,1,4.600772200772201,7.0,7.536231884057971,879,2,0.06172319757574772,-0.07135927013479287,satisficing,0.0
29.0,240.0,1.0000000000000002,3448.7153168768245,3955.1924166363433,1532.1362952638458,6.013619370714486,883,637.2000000000763,0.0,2322.0,0.0,2322.0,4065.0,0.0,10.650000000000015,70.0,1.0,0.1.0,4104,sublinear,central,none,120,60,1,4.668388683886839,8.0,7.542857142857143,883,2,0.061677123170620504,-0.07148827227404442,satisficing,0.25
24.0,240.0,1.0000000000000002,4094.265802511446,3502.4433527241476,2295.009433961744,3.2698615875157016,908,637.2000000000763,0.0,1441.0,0.0,1441.0,4941.0,0.0,13.650000000000022,90.0,1.0,0.1.0,4104,linear,central,none,120,60,1,4.967415502934629,8.0,7.844444444444444,908,4,0.0,-6.938893903907228e-18,reinforcement,-0.25
24.0,240.0,1.0000000000000002,4529.671064291853,3786.6495969217426,2333.13817339742,3.2814293809705024,919,637.2000000000763,0.0,992.0,0.0,992.0,5386.0,0.0,14.700000000000024,97.0,1.0,0.1.0,4104,linear,central,none,120,60,1,4.968436687708875,8.0,7.896907216494846,919,5,0.0,2.0816681711721685e-17,reinforcement,0.0
26.0,240.0,1.0000000000000002,3002.343495912063,2729.4108395150747,1778.0484125320856,6.165393600259122,885,637.2000000000763,0.0,2486.0,0.0,2486.0,3894.0,0.0,9.750000000000012,65.0,,0.1.0,4104,linear,central,none,120,60,1,4.755264509501798,8.0,7.553846153846154,885,2,0.0,-2.7755575615628914e-17,reinforcement,0.25
24.0,240.0,1.0000000000000002,4262.385346028796,3576.798858215316,2323.5103127957236,3.2837763699933267,912,637.2000000000763,0.0,1317.0,0.0,1317.0,5063.0,0.0,13.950000000000022,92.0,1.0,0.1.0,4104,sublinear,central,none,120,60,1,4.972743432747383,8.0,7.858695652173913,912,3,0.031439878522386056,-0.04172522973326302,reinforcement,-0.25
22.0,240.0,1.0000000000000002,4529.671064291853,3786.6495969217426,2333.13817339742,2.8817983749503515,919,637.2000000000763,0.0,992.0,0.0,992.0,5386.0,0.0,14.700000000000024,97.0,1.0,0.1.0,4104,sublinear,central,none,120,60,1,4.968436687708875,8.0,7.896907216494846,919,5,0.030553996293366255,-0.041133646431056,reinforcement,0.0
27.0,240.0,1.0000000000000002,3203.2882024520895,2867.677002622511,1849.9613554065527,5.992282271850175,891,637.2000000000763,0.0,2282.0,0.0,2282.0,4094.0,0.0,10.050000000000013,67.0,,0.1.0,4104,sublinear,central,none,120,60,1,4.790913531998046,8.0,7.537313432835821,891,2,0.03636416054469747,-0.04582583059446926,reinforcement,0.25
20.0,240.0,1.0000000000000002,3995.6475639077194,3846.064612412031,2241.5007195475814,3.1210920300596494,918,637.2000000000763,0.0,1458.0,0.0,1458.0,4927.0,0.0,15.600000000000026,103.0,1.0,0.1.0,4105,linear,central,none,120,60,1,4.877816115283133,8.0,7.650485436893204,918,3,0.0,4.163336342344337e-17,linear_response,-0.25
20.0,240.0,1.0000000000000002,3856.287075126387,3834.2365564062065,2220.1292398668043,2.8296190351422084,917,637.2000000000763,0.0,1420.0,0.0,1420.0,4965.0,0.0,15.450000000000026,102.0,1.0,0.1.0,4105,linear,central,none,120,60,1,4.892044310171198,8.0,7.666666666666667,917,3,0.0,6.938893903907228e-18,linear_response,0.0
20.0,240.0,1.0000000000000002,3660.8173094910976,3747.4117739675994,2157.600840868789,2.8296190351422084,912,637.2000000000763,0.0,1561.0,0.0,1561.0,4824.0,0.0,14.700000000000024,97.0,1.0,0.1.0,4105,linear,central,none,120,60,1,4.876036484245439,8.0,7.608247422680412,912,3,0.0,6.938893903907228e-18,linear_response,0.25
20.0,240.0,1.0000000000000002,3990.9921272585343,3849.60211964593,2246.0713609590343,3.1210920300596494,918,637.2000000000763,0.0,1441.0,0.0,1441.0,4944.0,0.0,15.600000000000026,103.0,1.0,0.1.0,4105,sublinear,central,none,120,60,1,4.881472491909385,8.0,7.650485436893204,918,3,0.03824558369850714,-0.04987819766608757,linear_response,-0.25
21.0,240.0,1.0000000000000002,3856.287075126387,3834.2365564062065,2220.1292398668043,2.9593500332870444,917,637.2000000000763,0.0,1420.0,0.0,1420.0,4965.0,0.0,15.450000000000026,102.0,1.0,0.1.0,4105,sublinear,central,none,120,60,1,4.892044310171198,8.0,7.666666666666667,917,3,0.03259522014282604,-0.04371967207705914,linear_response,0.0
21.0,240.0,1.0000000000000002,3683.0995072064325,3763.393386696176,2162.9149988654617,2.9093215110195576,912,637.2000000000763,0.0,1539.0,0.0,1539.0,4845.0,0.0,14.550000000000024,96.0,1.0,0.1.0,4105,sublinear,central,none,120,60,1,4.87843137254902,8.0,7.625,912,3,0.02884227236371436,-0.03984329237250277,linear_response,0.25
23.0,240.0,1.0000000000000002,3068.351993384545,3896.6155872474565,1703.0465850446476,4.086851278457282,881,637.2000000000763,0.0,2508.0,0.0,2508.0,3895.0,0.0,12.75000000000002,84.0,1.0,0.1.0,4105,linear,central,none,120,60,1,4.589216944801027,8.0,7.380952380952381,881,1,0.0,2.7755575615628914e-17,satisficing,-0.25
26.0,240.0,1.0000000000000002,3354.749014795674,3893.955001473725,1748.6230829065769,4.867116711033976,884,637.2000000000763,0.0,2397.0,0.0,2397.0,4005.0,0.0,13.05000000000002,86.0,1.0,0.1.0,4105,linear,central,none,120,60,1,4.622222222222222,8.0,7.372093023255814,884,2,0.0,-2.7755575615628914e-17,satisficing,0.0
23.0,240.0,1.0000000000000002,3554.9345826027475,3936.3143100974953,1779.0108312821337,4.246521997822167,891,637.2000000000763,0.0,2206.0,0.0,2206.0,4191.0,0.0,13.350000000000021,88.0,1.0,0.1.0,4105,linear,central,none,120,60,1,4.697924123120973,8.0,7.431818181818182,891,3,0.0,-4.163336342344337e-17,satisficing,0.25
24.0,240.0,1.0000000000000002,3100.21825923362,3887.3262994940515,1710.6098890958922,4.435978510184969,881,637.2000000000763,0.0,2481.0,0.0,2481.0,3921.0,0.0,12.60000000000002,83.0,1.0,0.1.0,4105,sublinear,central,none,120,60,1,4.597551644988523,8.0,7.373493975903615,881,1,0.05781897920610591,-0.06590800602753553,satisficing,-0.25
24.0,240.0,1.0000000000000002,3354.749014795674,3893.955001473725,1748.6230829065769,4.435978510184969,884,637.2000000000763,0.0,2397.0,0.0,2397.0,4005.0,0.0,13.05000000000002,86.0,1.0,0.1.0,4105,sublinear,central,none,120,60,1,4.622222222222222,8.0,7.372093023255814,884,2,0.06142310179835791,-0.07011345649166463,satisficing,0.0
23.0,240.0,1.0000000000000002,3558.55638737208,3932.2922925263642,1778.6282223341877,3.9627147480709377,891,637.2000000000763,0.0,2230.0,0.0,2230.0,4167.0,0.0,13.350000000000021,88.0,1.0,0.1.0,4105,sublinear,central,none,120,60,1,4.688504919606432,8.0,7.409090909090909,891,1,0.06159286881275442,-0.07043807842022264,satisficing,0.25
20.0,240.0,1.0000000000000002,4089.4760966960575,3496.481760898,2513.57094577836,3.0958440814846417,913,637.2000000000763,0.0,1487.0,0.0,1487.0,4894.0,0.0,14.250000000000023,94.0,1.0,0.1.0,4105,linear,central,none,120,60,1,4.931753167143441,8.0,7.723404255319149,913,3,0.0,-2.0816681711721685e-17,reinforcement,-0.25
18.0,240.0,1.0000000000000002,4504.464465942615,3777.6895741244316,2609.675989912542,2.9107300020785436,919,637.2000000000763,0.0,1052.0,0.0,1052.0,5339.0,0.0,16.65000000000002,110.0,1.0,0.1.0,4105,linear,central,none,120,60,1,4.958981082599737,8.0,7.7272727272727275,919,3,0.0,6.938893903907228e-18,reinforcement,0.0
22.0,240.0,1.0000000000000002,2994.785092200715,2702.8788030885958,1993.4575063668722,3.4911074593740477,894,637.2000000000763,0.0,2519.0,0.0,2519.0,3869.0,0.0,12.450000000000019,82.0,1.0,0.1.0,4105,linear,central,none,120,60,1,4.7616955285603515,8.0,7.548780487804878,894,2,0.0,4.163336342344337e-17,reinforcement,0.25
18.0,240.0,1.0000000000000002,4330.095203553452,3617.215161308767,2563.1993024090702,2.5701209810519847,920,637.2000000000763,0.0,1321.0,0.0,1321.0,5057.0,0.0,14.850000000000025,98.0,1.0,0.1.0,4105,sublinear,central,none,120,60,1,4.9432469843780895,8.0,7.724489795918367,920,4,0.03213012342388626,-0.04301874626073747,reinforcement,-0.25
18.0,240.0,1.0000000000000002,4504.464465942615,3777.6895741244316,2609.675989912542,2.6911442260543272,919,637.2000000000763,0.0,1052.0,0.0,1052.0,5339.0,0.0,16.65000000000002,110.0,1.0,0.1.0,4105,sublinear,central,none,120,60,1,4.958981082599737,8.0,7.7272727272727275,919,3,0.03131095052691887,-0.04208350444470346,reinforcement,0.0
21.0,240.0,1.0000000000000002,3240.4473617155513,2868.3358254301056,2029.7592372292852,3.0180824333681278,900,637.2000000000763,0.0,2301.0,0.0,2301.0,4083.0,0.0,12.75000000000002,84.0,1.0,0.1.0,4105,sublinear,central,none,120,60,1,4.801861376438893,8.0,7.5,900,2,0.03525903243021229,-0.045965257775635836,reinforcement,0.25
31.0,240.0,1.0000000000000002,4151.82859284044,3830.337430347457,2233.4581375693915,6.133002425317199,915,637.2000000000763,0.0,1401.0,0.0,1401.0,4982.0,0.0,14.850000000000025,98.0,1.0,0.1.0,4106,linear,central,none,120,60,1,4.862906463267764,8.0,7.846938775510204,915,2,0.0,6.938893903907228e-18,linear_response,-0.25
30.0,240.0,1.0,3994.549262295739,3852.088275940276,2179.2730729360737,5.513551461905222,915,637.2000000000763,0.0,1356.0,0.0,1356.0,5030.0,0.0,15.300000000000026,101.0,1.0,0.1.0,4106,linear,central,none,120,60,1,4.878727634194831,8.0,7.8316831683168315,915,2,0.0,2.0816681711721685e-17,linear_response,0.0
32.0,240.0,1.0000000000000002,3792.047349756661,3823.5675230866555,2128.3985733448553,6.308140876922008,913,637.2000000000763,0.0,1398.0,0.0,1398.0,4989.0,0.0,15.150000000000025,100.0,1.0,0.1.0,4106,linear,central,none,120,60,1,4.894768490679495,8.0,7.86,913,2,0.0,-6.938893903907228e-18,linear_response,0.25
32.0,240.0,1.0000000000000002,4146.459677180801,3839.7516910026575,2229.2504889240417,6.437318916580749,914,637.2000000000763,0.0,1393.0,0.0,1393.0,4991.0,0.0,14.850000000000025,98.0,1.0,0.1.0,4106,sublinear,central,none,120,60,1,4.862352234021238,8.0,7.846938775510204,914,2,0.03747679279451606,-0.04968947672513469,linear_response,-0.25
31.0,240.0,1.0,3994.549262295739,3852.088275940276,2179.2730729360737,5.817867953168772,915,637.2000000000763,0.0,1356.0,0.0,1356.0,5030.0,0.0,15.300000000000026,101.0,1.0,0.1.0,4106,sublinear,central,none,120,60,1,4.878727634194831,8.0,7.8316831683168315,915,2,0.03315656954139399,-0.043665658736519536,linear_response,0.0
31.0,240.0,1.0000000000000002,3812.656448207852,3831.8206372550762,2131.693499665573,5.65197873162985,912,637.2000000000763,0.0,1385.0,0.0,1385.0,5003.0,0.0,15.150000000000025,100.0,1.0,0.1.0,4106,sublinear,central,none,120,60,1,4.8906656006396165,8.0,7.83,912,2,0.027134114688739427,-0.03605972677133101,linear_response,0.25
27.0,240.0,1.0000000000000002,3144.752350522363,3883.437702674951,1751.9381345078064,5.304045309285367,877,637.2000000000763,0.0,2410.0,0.0,2410.0,3992.0,0.0,12.000000000000018,79.0,1.0,0.1.0,4106,linear,central,none,120,60,1,4.620741482965932,7.0,7.620253164556962,877,2,0.0,-1.3877787807814457e-17,satisficing,-0.25
27.0,240.0,1.0000000000000002,3393.1166204859705,3899.682907136557,1791.2192810994443,5.114976077706064,879,637.2000000000763,0.0,2330.0,0.0,2330.0,4074.0,0.0,12.60000000000002,83.0,1.0,0.1.0,4106,linear,central,none,120,60,1,4.620029455081001,7.0,7.650602409638554,879,1,0.0,2.7755575615628914e-17,satisficing,0.0
28.0,240.0,1.0000000000000002,3376.5841401124135,3975.3057566266966,1701.8719836953699,5.643910212147984,882,637.2000000000763,0.0,2269.0,0.0,2269.0,4133.0,0.0,12.75000000000002,84.0,1.0,0.1.0,4106,linear,central,none,120,60,1,4.615775465763368,7.0,7.595238095238095,882,1,0.0,1.3877787807814457e-17,satisficing,0.25
28.0,240.0,1.0000000000000002,3172.557537677046,3880.8343542137736,1754.6398442906032,5.352954484460127,880,637.2000000000763,0.0,2399.0,0.0,2399.0,3999.0,0.0,11.850000000000017,78.0,1.0,0.1.0,4106,sublinear,central,none,120,60,1,4.619154788697174,7.0,7.602564102564102,880,2,0.0482817083155774,-0.05700286408364193,satisficing,-0.25
26.0,240.0,1.0000000000000002,3393.1166204859705,3899.682907136557,1791.2192810994443,4.326396491610456,879,637.2000000000763,0.0,2330.0,0.0,2330.0,4074.0,0.0,12.60000000000002,83.0,1.0,0.1.0,4106,sublinear,central,none,120,60,1,4.620029455081001,7.0,7.650602409638554,879,1,0.05216566565655362,-0.06285775769024642,satisficing,0.0
28.0,240.0,1.0000000000000002,3431.0669588084265,3970.8425659619866,1724.9990487670507,5.619601303046131,882,637.2000000000763,0.0,2269.0,0.0,2269.0,4135.0,0.0,13.05000000000002,86.0,1.0,0.1.0,4106,sublinear,central,none,120,60,1,4.624425634824667,7.0,7.651162790697675,882,1,0.0515238168218457,-0.06230026113746726,satisficing,0.25
30.0,240.0,1.0000000000000002,3921.771920035682,3387.7736882360264,2465.71389245704,5.173582720616112,912,637.2000000000763,0.0,1636.0,0.0,1636.0,4748.0,0.0,14.550000000000024,96.0,1.0,0.1.0,4106,linear,central,none,120,60,1,4.900589721988205,8.0,7.864583333333333,912,2,0.0,0.0,reinforcement,-0.25
32.0,240.0,1.0000000000000002,4524.75570705026,3784.33592979831,2577.1800207030756,6.0873616887002875,920,637.2000000000763,0.0,1011.0,0.0,1011.0,5373.0,0.0,15.750000000000027,104.0,1.0,0.1.0,4106,linear,central,none,120,60,1,4.946770891494509,8.0,7.865384615384615,920,3,0.0,2.0816681711721685e-17,reinforcement,0.0
34.0,240.0,1.0000000000000002,2708.9388223520737,2604.8623572637193,1790.2230359092255,6.501295098162484,887,637.2000000000763,0.0,2789.0,0.0,2789.0,3594.0,0.0,10.650000000000015,70.0,1.0,0.1.0,4106,linear,central,none,120,60,1,4.686978297161937,8.0,7.642857142857143,887,2,0.0,1.3877787807814457e-17,reinforcement,0.25
29.0,240.0,1.0000000000000002,4139.597845132046,3494.8079885416214,2532.42030003867,5.134414975783217,914,637.2000000000763,0.0,1423.0,0.0,1423.0,4962.0,0.0,15.000000000000025,99.0,1.0,0.1.0,4106,sublinear,central,none,120,60,1,4.92583635630794,8.0,7.848484848484849,914,2,0.028961365409867188,-0.038263937276061574,reinforcement,-0.25
31.0,240.0,1.0000000000000002,4524.75570705026,3784.33592979831,2577.1800207030756,5.267275949446193,920,637.2000000000763,0.0,1011.0,0.0,1011.0,5373.0,0.0,15.750000000000027,104.0,1.0,0.1.0,4106,sublinear,central,none,120,60,1,4.946770891494509,8.0,7.865384615384615,920,3,0.02877116276736273,-0.03816229451897212,reinforcement,0.0
33.0,240.0,1.0000000000000002,2990.0256964527525,2789.741213316831,1895.159115579309,6.027885061785807,894,637.2000000000763,0.0,2501.0,0.0,2501.0,3881.0,0.0,11.550000000000017,76.0,1.0,0.1.0,4106,sublinear,central,none,120,60,1,4.760628703942283,8.0,7.723684210526316,894,2,0.034709635717132564,-0.04424432751267024,reinforcement,0.25
25.0,240.0,1.0000000000000002,4195.594295356388,3831.2429734961797,2061.67868307523,4.268577213640406,910,637.2000000000763,0.0,1355.0,0.0,1355.0,5023.0,0.0,13.20000000000002,87.0,,0.1.0,4107,linear,central,none,120,60,1,4.890503683057934,8.0,7.551724137931035,910,2,0.0,0.0,linear_response,-0.25
23.0,240.0,1.0000000000000002,4010.809049784033,3820.0893236435927,2004.4372615403765,4.070509136513,907,637.2000000000763,0.0,1341.0,0.0,1341.0,5039.0,0.0,13.05000000000002,86.0,,0.1.0,4107,linear,central,none,120,60,1,4.894820400873189,8.0,7.534883720930233,907,3,0.0,6.938893903907228e-18,linear_response,0.0
21.0,240.0,1.0000000000000002,3763.902776259989,3691.594017826052,1914.1421501862662,3.781316734880708,907,637.2000000000763,0.0,1522.0,0.0,1522.0,4852.0,0.0,12.150000000000018,80.0,,0.1.0,4107,linear,central,none,120,60,1,4.8953009068425395,8.0,7.5625,907,2,0.0,1.3877787807814457e-17,linear_response,0.25
24.0,240.0,1.0000000000000002,4178.708652197491,3835.104256572964,2052.7172500537367,4.143366003157096,911,637.2000000000763,0.0,1345.0,0.0,1345.0,5031.0,0.0,13.05000000000002,86.0,,0.1.0,4107,sublinear,central,none,120,60,1,4.893460544623335,8.0,7.546511627906977,911,3,0.038073950030310666,-0.04917170277249065,linear_response,-0.25
23.0,240.0,1.0000000000000002,4010.809049784033,3820.0893236435927,2004.4372615403765,4.070509136513,907,637.2000000000763,0.0,1341.0,0.0,1341.0,5039.0,0.0,13.05000000000002,86.0,,0.1.0,4107,sublinear,central,none,120,60,1,4.894820400873189,8.0,7.534883720930233,907,3,0.03259320956548194,-0.04355675065607121,linear_response,0.0
23.0,240.0,1.0000000000000002,3792.751495217899,3712.3459381778493,1924.1733829231805,3.8034083455883163,907,637.2000000000763,0.0,1502.0,0.0,1502.0,4872.0,0.0,12.150000000000018,80.0,,0.1.0,4107,sublinear,central,none,120,60,1,4.8961412151067325,8.0,7.6,907,2,0.02924038465284046,-0.03985496428580837,linear_response,0.25
21.0,240.0,1.0000000000000002,3226.9950162335604,3847.6596602441987,1694.2440182167202,3.7602838836571095,881,637.2000000000763,0.0,2373.0,0.0,2373.0,4026.0,0.0,12.000000000000018,80.0,,0.1.0,4107,linear,central,none,120,60,1,4.629905613512171,7.0,7.4125,881,0,0.0,1.3877787807814457e-17,satisficing,-0.25
23.0,240.0,1.0000000000000002,3512.1162339404304,3859.6789348391508,1704.9116380475486,4.274619653162408,884,637.2000000000763,0.0,2256.0,0.0,2256.0,4142.0,0.0,12.300000000000018,81.0,,0.1.0,4107,linear,central,none,120,60,1,4.654273297923709,7.0,7.37037037037037,884,0,0.0,-1.3877787807814457e-17,satisficing,0.0
23.0,240.0,1.0000000000000002,3721.844246193378,3925.93703446861,1686.5080782495102,3.580486081794107,892,637.2000000000763,0.0,2044.0,0.0,2044.0,4348.0,0.0,12.60000000000002,83.0,,0.1.0,4107,linear,central,none,120,60,1,4.725850965961362,8.0,7.445783132530121,892,0,0.0,-1.3877787807814457e-17,satisficing,0.25
22.0,240.0,1.0000000000000002,3253.512855883266,3840.0164910738586,1694.3572231507264,3.916005133754893,882,637.2000000000763,0.0,2355.0,0.0,2355.0,4042.0,0.0,11.850000000000017,79.0,,0.1.0,4107,sublinear,central,none,120,60,1,4.6343394359228105,7.0,7.405063291139241,882,0,0.0541089247937421,-0.06119541791100891,satisficing,-0.25
24.0,240.0,1.0000000000000002,3512.1162339404304,3859.6789348391508,1704.9116380475486,4.430340903260191,884,637.2000000000763,0.0,2256.0,0.0,2256.0,4142.0,0.0,12.300000000000018,81.0,,0.1.0,4107,sublinear,central,none,120,60,1,4.654273297923709,7.0,7.37037037037037,884,0,0.05686435612241221,-0.06544853556676469,satisficing,0.0
24.0,240.0,1.0000000000000002,3733.814689645708,3921.6488947946023,1697.3707153022103,4.324731792971526,891,637.2000000000763,0.0,2083.0,0.0,2083.0,4309.0,0.0,12.450000000000019,82.0,,0.1.0,4107,sublinear,central,none,120,60,1,4.714086795080065,8.0,7.426829268292683,891,0,0.05785602380577628,-0.06636822880540558,satisficing,0.25
21.0,240.0,1.0000000000000002,4091.932734400437,3492.2004812224172,2294.846769500732,3.4985396235759887,908,637.2000000000763,0.0,1471.0,0.0,1471.0,4912.0,0.0,13.650000000000022,90.0,,0.1.0,4107,linear,central,none,120,60,1,4.926302931596092,8.0,7.622222222222222,908,3,0.0,0.0,reinforcement,-0.25
19.0,240.0,1.0000000000000002,4560.3750114800705,3788.8867858293997,2304.239213930342,2.9871276989222597,921,637.2000000000763,0.0,1006.0,0.0,1006.0,5370.0,0.0,14.550000000000024,96.0,,0.1.0,4107,linear,central,none,120,60,1,4.949906890130354,8.0,7.708333333333333,921,5,0.0,-6.938893903907228e-18,reinforcement,0.0
19.0,240.0,1.0000000000000002,2837.3367522901203,2559.7126555868585,1625.6400396394024,3.6131876766572937,889,637.2000000000763,0.0,2773.0,0.0,2773.0,3594.0,0.0,8.40000000000001,56.0,,0.1.0,4107,linear,central,none,120,60,1,4.71480244852532,8.0,7.321428571428571,889,1,0.0,1.3877787807814457e-17,reinforcement,0.25
20.0,240.0,1.0000000000000002,4302.387247621875,3586.712961329637,2335.2267435401714,3.4484274837668707,914,637.2000000000763,0.0,1312.0,0.0,1312.0,5068.0,0.0,14.100000000000023,93.0,,0.1.0,4107,sublinear,central,none,120,60,1,4.9380426203630625,8.0,7.634408602150538,914,3,0.03225306366184548,-0.04262530796451635,reinforcement,-0.25
21.0,240.0,1.0000000000000002,4560.3750114800705,3788.8867858293997,2304.239213930342,3.4985396235759887,921,637.2000000000763,0.0,1006.0,0.0,1006.0,5370.0,0.0,14.550000000000024,96.0,,0.1.0,4107,sublinear,central,none,120,60,1,4.949906890130354,8.0,7.708333333333333,921,5,0.0304210437471637,-0.03950121412185182,reinforcement,0.0
20.0,240.0,1.0000000000000002,3111.1891249344962,2764.370902974008,1717.3179118462494,3.366037226300133,892,637.2000000000763,0.0,2496.0,0.0,2496.0,3874.0,0.0,9.300000000000011,62.0,,0.1.0,4107,sublinear,central,none,120,60,1,4.774651522973671,8.0,7.387096774193548,892,2,0.0343455260024049,-0.0444542942812267,reinforcement,0.25
