policy,attack,budget_hours_day,n,mean,se,low,high
equal,forge,2,8,0.007475673680919323,0.0004760884788211458,0.006542557408975417,0.00840878995286323
equal,forge,8,8,-0.010086522903410139,0.0004610707068218711,-0.010990204883107433,-0.009182840923712845
equal,freeride,2,8,-0.005581960380217785,0.00019905217447065574,-0.005972095473224653,-0.005191825287210916
equal,freeride,8,8,-0.01184257226374004,0.0005431420479956776,-0.012907111116300893,-0.010778033411179186
linear,forge,2,8,0.0060922402112524865,0.0008740839415461662,0.004379067166357187,0.007805413256147786
linear,forge,8,8,-0.00907589972986391,0.000726543904962952,-0.010499899616778389,-0.007651899842949433
linear,freeride,2,8,-0.004657073348429519,0.00029418629806732217,-0.0052336678973866355,-0.004080478799472403
linear,freeride,8,8,-0.009609244668674383,0.0007130091005834223,-0.011006716826467188,-0.008211772510881577
sublinear,forge,2,8,0.0068699490846422795,0.0008623833875529757,0.0051797087041728,0.00856018946511176
sublinear,forge,8,8,-0.008903082749358554,0.0007845586841180527,-0.010440789513988073,-0.007365375984729034
sublinear,freeride,2,8,-0.004573148841373276,0.00020806043018797252,-0.004980939791149612,-0.004165357891596939
sublinear,freeride,8,8,-0.009707132537096805,0.000706981091560404,-0.011092790014306011,-0.008321475059887598
hierarchy,forge,2,8,0.003196602335573992,0.0013832245962140995,0.00048553194446439817,0.005907672726683586
hierarchy,forge,8,8,-0.010635107422748577,0.001143241061637278,-0.012875818729204978,-0.008394396116292176
hierarchy,freeride,2,8,-0.004383275967085425,0.00041926828113687716,-0.005205026697973718,-0.003561525236197131
hierarchy,freeride,8,8,-0.009344295489651912,0.0011108492000008324,-0.011521519913908675,-0.007167071065395148
hierarchy_tenure,forge,2,8,0.0034697146271415874,0.0006114432603793341,0.0022713078582083457,0.004668121396074829
hierarchy_tenure,forge,8,8,-0.01211956245321641,0.0005084155488053824,-0.013116038618055124,-0.011123086288377694
hierarchy_tenure,freeride,2,8,-0.005214252888781454,0.00025693174442697217,-0.005717829854343369,-0.004710675923219538
hierarchy_tenure,freeride,8,8,-0.011504249058747001,0.0009616906408292241,-0.013389128079041525,-0.009619370038452478
