behavior_rule,response,n,mean,se,low,high
linear_response,-0.25,8,0.0005943039330968125,0.0010248923187729962,-0.0014144480997300042,0.0026030559659236292
linear_response,0.0,8,0.0,0.0,0.0,0.0
linear_response,0.25,8,0.0034986637020705535,0.0005997710702331609,0.0023231340054445148,0.004674193398696592
satisficing,-0.25,8,0.004133809684385939,0.00048521596238427557,0.003182803873388817,0.0050848154953830604
satisficing,0.0,8,0.0,0.0,0.0,0.0
satisficing,0.25,8,0.004927453494028448,0.0013498578044218842,0.002281780813111243,0.007573126174945654
reinforcement,-0.25,8,0.02771911112225578,0.0015012771257346229,0.02477666202500211,0.03066156021950945
reinforcement,0.0,8,0.0,0.0,0.0,0.0
reinforcement,0.25,8,0.03359011040790133,0.0018929422278717233,0.02988001181645774,0.03730020899934492
