backend,days,n,mean,se,low,high
central,0,32,0.0,0.0,0.0,0.0
central,1,32,0.0,0.0,0.0,0.0
central,2,32,0.09026439538350813,0.0003470237411368911,0.08958424134909947,0.09094454941791678
central,3,32,0.2680524325474817,0.0007186029728439898,0.26664399660152405,0.2694608684934393
central,4,32,0.4399168259052742,0.0007615646454225417,0.438424186628347,0.4414094651822014
central,5,32,0.6027448099699259,0.0007121813733705869,0.6013489601276593,0.6041406598121924
central,6,32,0.7705961390786935,0.0005829584794960108,0.7694535614543991,0.7717387167029879
central,7,32,0.9383288772836847,0.00037457423709900105,0.9375947252694341,0.9390630292979354
central,8,32,0.9930420803020814,0.0001939776429216041,0.9926618911081491,0.9934222694960138
central,9,32,0.9964335806428187,0.00013048963794698847,0.996177825652087,0.9966893356335504
central,10,32,0.9996283445788915,4.165888793958976e-05,0.9995466946588939,0.9997099944988891
central,11,32,1.0,0.0,1.0,1.0
central,12,32,1.0,0.0,1.0,1.0
central,13,32,1.0,0.0,1.0,1.0
central,14,32,1.0,0.0,1.0,1.0
central,15,32,1.0,0.0,1.0,1.0
central,16,32,1.0,0.0,1.0,1.0
central,17,32,1.0,0.0,1.0,1.0
central,18,32,1.0,0.0,1.0,1.0
central,19,32,1.0,0.0,1.0,1.0
central,20,32,1.0,0.0,1.0,1.0
central,21,32,1.0,0.0,1.0,1.0
central,22,32,1.0,0.0,1.0,1.0
central,23,32,1.0,0.0,1.0,1.0
central,24,32,1.0,0.0,1.0,1.0
central,25,32,1.0,0.0,1.0,1.0
central,26,32,1.0,0.0,1.0,1.0
central,27,32,1.0,0.0,1.0,1.0
central,28,32,1.0,0.0,1.0,1.0
central,29,32,1.0,0.0,1.0,1.0
central,30,32,1.0,0.0,1.0,1.0
central,31,32,1.0,0.0,1.0,1.0
central,32,32,1.0,0.0,1.0,1.0
central,33,32,1.0,0.0,1.0,1.0
central,34,32,1.0,0.0,1.0,1.0
central,35,32,1.0,0.0,1.0,1.0
central,36,32,1.0,0.0,1.0,1.0
central,37,32,1.0,0.0,1.0,1.0
central,38,32,1.0,0.0,1.0,1.0
central,39,32,1.0,0.0,1.0,1.0
central,40,32,1.0,0.0,1.0,1.0
central,41,32,1.0,0.0,1.0,1.0
central,42,32,1.0,0.0,1.0,1.0
central,43,32,1.0,0.0,1.0,1.0
central,44,32,1.0,0.0,1.0,1.0
central,45,32,1.0,0.0,1.0,1.0
central,46,32,1.0,0.0,1.0,1.0
central,47,32,1.0,0.0,1.0,1.0
central,48,32,1.0,0.0,1.0,1.0
central,49,32,1.0,0.0,1.0,1.0
central,50,32,1.0,0.0,1.0,1.0
central,51,32,1.0,0.0,1.0,1.0
central,52,32,1.0,0.0,1.0,1.0
central,53,32,1.0,0.0,1.0,1.0
central,54,32,1.0,0.0,1.0,1.0
central,55,32,1.0,0.0,1.0,1.0
central,56,32,1.0,0.0,1.0,1.0
central,57,32,1.0,0.0,1.0,1.0
central,58,32,1.0,0.0,1.0,1.0
central,59,32,1.0,0.0,1.0,1.0
central,60,32,1.0,0.0,1.0,1.0
witness,0,32,0.0,0.0,0.0,0.0
witness,1,32,0.0,0.0,0.0,0.0
witness,2,32,0.0,0.0,0.0,0.0
witness,3,32,0.03550582036422171,0.00022585484193149587,0.03506315300830199,0.03594848772014143
witness,4,32,0.10324322253409322,0.0003826140574754442,0.10249331276146262,0.10399313230672383
witness,5,32,0.17044983955468318,0.0004986776572616813,0.16947244930655547,0.1714272298028109
witness,6,32,0.23824147185185182,0.0006444441141259436,0.23697838459811615,0.2395045591055875
witness,7,32,0.3080629803760183,0.0007552722059926532,0.3065826740537486,0.309543286698288
witness,8,32,0.3758762757848403,0.000947202878912822,0.3740197922561185,0.3777327593135621
witness,9,32,0.44276583567473354,0.0009589004649411408,0.4408864252986902,0.4446452460507769
witness,10,32,0.5088206937619612,0.0009137855710682312,0.507029706953075,0.5106116805708473
witness,11,32,0.5758389093742851,0.0008689506278814999,0.5741357974392939,0.5775420213092762
witness,12,32,0.6385247077825695,0.0008692038837710516,0.636821099475156,0.6402283160899831
witness,13,32,0.6982384414589445,0.0008309271245928263,0.6966098542209652,0.6998670286969239
witness,14,32,0.7600943545027841,0.0006942342834291656,0.75873368031043,0.7614550286951381
witness,15,32,0.825322883269463,0.0006020366801948502,0.8241429130589091,0.826502853480017
witness,16,32,0.8885818968811438,0.00046623073544746154,0.8876681014311811,0.8894956923311064
witness,17,32,0.9522391323487596,0.00035770413750677027,0.9515380451221254,0.9529402195753938
witness,18,32,0.9975133693394775,0.0001578222286747361,0.9972040434553152,0.9978226952236399
witness,19,32,0.9988258009680522,0.00010283325283566413,0.9986242514960811,0.9990273504400232
witness,20,32,0.9999293195348102,2.029582942098054e-05,0.9998895404401087,0.9999690986295118
witness,21,32,1.0,0.0,1.0,1.0
witness,22,32,1.0,0.0,1.0,1.0
witness,23,32,1.0,0.0,1.0,1.0
witness,24,32,1.0,0.0,1.0,1.0
witness,25,32,1.0,0.0,1.0,1.0
witness,26,32,1.0,0.0,1.0,1.0
witness,27,32,1.0,0.0,1.0,1.0
witness,28,32,1.0,0.0,1.0,1.0
witness,29,32,1.0,0.0,1.0,1.0
witness,30,32,1.0,0.0,1.0,1.0
witness,31,32,1.0,0.0,1.0,1.0
witness,32,32,1.0,0.0,1.0,1.0
witness,33,32,1.0,0.0,1.0,1.0
witness,34,32,1.0,0.0,1.0,1.0
witness,35,32,1.0,0.0,1.0,1.0
witness,36,32,1.0,0.0,1.0,1.0
witness,37,32,1.0,0.0,1.0,1.0
witness,38,32,1.0,0.0,1.0,1.0
witness,39,32,1.0,0.0,1.0,1.0
witness,40,32,1.0,0.0,1.0,1.0
witness,41,32,1.0,0.0,1.0,1.0
witness,42,32,1.0,0.0,1.0,1.0
witness,43,32,1.0,0.0,1.0,1.0
witness,44,32,1.0,0.0,1.0,1.0
witness,45,32,1.0,0.0,1.0,1.0
witness,46,32,1.0,0.0,1.0,1.0
witness,47,32,1.0,0.0,1.0,1.0
witness,48,32,1.0,0.0,1.0,1.0
witness,49,32,1.0,0.0,1.0,1.0
witness,50,32,1.0,0.0,1.0,1.0
witness,51,32,1.0,0.0,1.0,1.0
witness,52,32,1.0,0.0,1.0,1.0
witness,53,32,1.0,0.0,1.0,1.0
witness,54,32,1.0,0.0,1.0,1.0
witness,55,32,1.0,0.0,1.0,1.0
witness,56,32,1.0,0.0,1.0,1.0
witness,57,32,1.0,0.0,1.0,1.0
witness,58,32,1.0,0.0,1.0,1.0
witness,59,32,1.0,0.0,1.0,1.0
witness,60,32,1.0,0.0,1.0,1.0
consensus,0,32,0.0,0.0,0.0,0.0
consensus,1,32,0.0,0.0,0.0,0.0
consensus,2,32,0.0,0.0,0.0,0.0
consensus,3,32,0.0,0.0,0.0,0.0
consensus,4,32,0.024898778391012257,0.0002152213902701861,0.024476952217380055,0.02532060456464446
consensus,5,32,0.06859359056513291,0.00035598298551046975,0.06789587673442335,0.06929130439584247
consensus,6,32,0.11781961776380988,0.0004806060771000668,0.11687764716194267,0.11876158836567709
consensus,7,32,0.1601437006772846,0.0005057375159882537,0.15915247336031688,0.1611349279942523
consensus,8,32,0.20895955300853686,0.0005810171173023288,0.207820780384223,0.21009832563285072
consensus,9,32,0.25223438699910755,0.0007077063059035076,0.2508473081279048,0.2536214658703103
consensus,10,32,0.3018699514873139,0.0007316403541313305,0.30043596274358036,0.3033039402310474
consensus,11,32,0.3455190744852727,0.0008467740608780057,0.34385942782290907,0.3471787211476363
consensus,12,32,0.3939067993042146,0.0008874561674127984,0.3921674171782276,0.39564618143020164
consensus,13,32,0.43686823453866686,0.000985375465700516,0.43493693411464446,0.43879953496268925
consensus,14,32,0.4849115257243302,0.0009614339190799967,0.48302714986941825,0.4867959015792422
consensus,15,32,0.5276285251988825,0.0009854140185320515,0.5256971492126987,0.5295599011850662
consensus,16,32,0.5760837683646693,0.0010294641773129995,0.5740660556537617,0.578101481075577
consensus,17,32,0.6177818399656493,0.0009262683956682478,0.6159663872701219,0.6195972926611767
consensus,18,32,0.6650886003124138,0.000882893523782432,0.6633581608036165,0.666819039821211
consensus,19,32,0.7067365049250461,0.000888373629124888,0.7049953246071462,0.7084776852429461
consensus,20,32,0.7533210402106719,0.0009457805861637558,0.7514673443245138,0.7551747360968301
consensus,21,32,0.7920449614001168,0.0008245315986771695,0.7904289091625943,0.7936610136376393
consensus,22,32,0.8348789032276044,0.0007422597410912617,0.8334241008678915,0.8363337055873172
consensus,23,32,0.8728524214340433,0.0006421851569307863,0.8715937616550528,0.8741110812130338
consensus,24,32,0.9172531227697212,0.0004948325985363014,0.9162832686982136,0.9182229768412287
consensus,25,32,0.95799426126287,0.0003430222781951085,0.9573219499517127,0.9586665725740273
consensus,26,32,0.9987463507071362,0.00014896273845605828,0.998454389104724,0.9990383123095485
consensus,27,32,0.9995086356490586,8.864811949373425e-05,0.9993348885275536,0.9996823827705635
consensus,28,32,1.0,0.0,1.0,1.0
consensus,29,32,1.0,0.0,1.0,1.0
consensus,30,32,1.0,0.0,1.0,1.0
consensus,31,32,1.0,0.0,1.0,1.0
consensus,32,32,1.0,0.0,1.0,1.0
consensus,33,32,1.0,0.0,1.0,1.0
consensus,34,32,1.0,0.0,1.0,1.0
consensus,35,32,1.0,0.0,1.0,1.0
consensus,36,32,1.0,0.0,1.0,1.0
consensus,37,32,1.0,0.0,1.0,1.0
consensus,38,32,1.0,0.0,1.0,1.0
consensus,39,32,1.0,0.0,1.0,1.0
consensus,40,32,1.0,0.0,1.0,1.0
consensus,41,32,1.0,0.0,1.0,1.0
consensus,42,32,1.0,0.0,1.0,1.0
consensus,43,32,1.0,0.0,1.0,1.0
consensus,44,32,1.0,0.0,1.0,1.0
consensus,45,32,1.0,0.0,1.0,1.0
consensus,46,32,1.0,0.0,1.0,1.0
consensus,47,32,1.0,0.0,1.0,1.0
consensus,48,32,1.0,0.0,1.0,1.0
consensus,49,32,1.0,0.0,1.0,1.0
consensus,50,32,1.0,0.0,1.0,1.0
consensus,51,32,1.0,0.0,1.0,1.0
consensus,52,32,1.0,0.0,1.0,1.0
consensus,53,32,1.0,0.0,1.0,1.0
consensus,54,32,1.0,0.0,1.0,1.0
consensus,55,32,1.0,0.0,1.0,1.0
consensus,56,32,1.0,0.0,1.0,1.0
consensus,57,32,1.0,0.0,1.0,1.0
consensus,58,32,1.0,0.0,1.0,1.0
consensus,59,32,1.0,0.0,1.0,1.0
consensus,60,32,1.0,0.0,1.0,1.0
