context,n,mean,se,low,high
noisy_knowledge,8,0.003432657643350212,0.00033418682181243634,0.002777663508489932,0.004087651778210492
interdependent_delivery,8,0.0029994253325355963,0.0004544000604489687,0.002108817579482794,0.0038900330855883986
distributed_disruption,8,0.005845149109243754,0.0005180436826221174,0.004829802148885906,0.006860496069601602
high_observation_error,8,0.0032248469510309657,0.00037609614275468207,0.002487712056507354,0.003961981845554578
cross_principal_confirmation,8,0.007810774843656873,0.0004745237840808408,0.006880725317050764,0.008740824370262981
review_scarcity,8,0.010040951529300998,0.00047408557693047574,0.009111760872927373,0.010970142185674624
delayed_accountability,8,0.002345926509796259,0.0003969020197314255,0.001568012845731459,0.003123840173861059
zero_response,8,0.0,0.0,0.0,0.0
reversed_response,8,0.008308415629715751,0.0008655977079432324,0.006611875297046595,0.010004955962384907
