policy,member_fraction,n,mean,se,low,high
equal,0.0,32,0.0,0.0,0.0,0.0
equal,0.03333333333333333,32,0.03333333333333333,0.0,0.03333333333333333,0.03333333333333333
equal,0.06666666666666667,32,0.06666666666666667,0.0,0.06666666666666667,0.06666666666666667
equal,0.1,32,0.1,0.0,0.1,0.1
equal,0.13333333333333333,32,0.13333333333333333,0.0,0.13333333333333333,0.13333333333333333
equal,0.16666666666666666,32,0.16666666666666666,0.0,0.16666666666666666,0.16666666666666666
equal,0.2,32,0.2,0.0,0.2,0.2
equal,0.23333333333333334,32,0.23333333333333334,0.0,0.23333333333333334,0.23333333333333334
equal,0.26666666666666666,32,0.26666666666666666,0.0,0.26666666666666666,0.26666666666666666
equal,0.3,32,0.3,0.0,0.3,0.3
equal,0.3333333333333333,32,0.3333333333333333,0.0,0.3333333333333333,0.3333333333333333
equal,0.36666666666666664,32,0.36666666666666664,0.0,0.36666666666666664,0.36666666666666664
equal,0.4,32,0.4,0.0,0.4,0.4
equal,0.43333333333333335,32,0.43333333333333335,0.0,0.43333333333333335,0.43333333333333335
equal,0.4666666666666667,32,0.4666666666666667,0.0,0.4666666666666667,0.4666666666666667
equal,0.5,32,0.5,0.0,0.5,0.5
equal,0.5333333333333333,32,0.5333333333333333,0.0,0.5333333333333333,0.5333333333333333
equal,0.5666666666666667,32,0.5666666666666667,0.0,0.5666666666666667,0.5666666666666667
equal,0.6,32,0.6,0.0,0.6,0.6
equal,0.6333333333333333,32,0.6333333333333333,0.0,0.6333333333333333,0.6333333333333333
equal,0.6666666666666666,32,0.6666666666666666,0.0,0.6666666666666666,0.6666666666666666
equal,0.7,32,0.7,0.0,0.7,0.7
equal,0.7333333333333333,32,0.7333333333333333,0.0,0.7333333333333333,0.7333333333333333
equal,0.7666666666666667,32,0.7666666666666666,0.0,0.7666666666666666,0.7666666666666666
equal,0.8,32,0.8,0.0,0.8,0.8
equal,0.8333333333333334,32,0.8333333333333334,0.0,0.8333333333333334,0.8333333333333334
equal,0.8666666666666667,32,0.8666666666666667,0.0,0.8666666666666667,0.8666666666666667
equal,0.9,32,0.9,0.0,0.9,0.9
equal,0.9333333333333333,32,0.9333333333333333,0.0,0.9333333333333333,0.9333333333333333
equal,0.9666666666666667,32,0.9666666666666667,0.0,0.9666666666666667,0.9666666666666667
equal,1.0,32,1.0,0.0,1.0,1.0
linear,0.0,32,0.0,0.0,0.0,0.0
linear,0.03333333333333333,32,0.011338334066440733,0.0004840879887870059,0.010389539043069773,0.012287129089811694
linear,0.06666666666666667,32,0.026644745498001044,0.0008244722481735155,0.025028809585328184,0.028260681410673904
linear,0.1,32,0.044655310928031995,0.0011335932265652306,0.04243350903084559,0.0468771128252184
linear,0.13333333333333333,32,0.06470785767645931,0.0013548355783644982,0.0620524287378914,0.06736328661502722
linear,0.16666666666666666,32,0.08609186412689607,0.0015560890572168587,0.08304198561801414,0.089141742635778
linear,0.2,32,0.1087367480128775,0.0016958368695577347,0.1054129688248892,0.1120605272008658
linear,0.23333333333333334,32,0.13238131939818368,0.0018049445871882548,0.1288436930132042,0.13591894578316316
linear,0.26666666666666666,32,0.1571046237400957,0.0018960995661457618,0.153388336879348,0.16082091060084341
linear,0.3,32,0.18264388943603416,0.0019917778950540397,0.17874007649652524,0.18654770237554308
linear,0.3333333333333333,32,0.2090875483292613,0.0020730418918657955,0.20502446088276155,0.21315063577576104
linear,0.36666666666666664,32,0.23654586315003281,0.002134695979303975,0.23236193591265455,0.24072979038741107
linear,0.4,32,0.26492648196786517,0.0022033262147468724,0.2606080419407683,0.269244921994962
linear,0.43333333333333335,32,0.29419470683408877,0.0022783685166254107,0.289729186597993,0.2986602270701845
linear,0.4666666666666667,32,0.32438604747398336,0.0023464404657974405,0.319787108669153,0.32898498627881373
linear,0.5,32,0.3554075465745644,0.002422676685451395,0.35065918752489483,0.360155905624234
linear,0.5333333333333333,32,0.38747266875862013,0.0024734746391969595,0.3826247475491209,0.39232058996811936
linear,0.5666666666666667,32,0.42053321466853616,0.002505102900108718,0.4156233032067562,0.4254431261303161
linear,0.6,32,0.45462813309284583,0.0025494870361901637,0.44963123032286134,0.4596250358628303
linear,0.6333333333333333,32,0.4897077694356843,0.002578118787889798,0.48465474946355425,0.4947607894078143
linear,0.6666666666666666,32,0.5258352330708285,0.0026014703767625424,0.5207364448255261,0.5309340213161309
linear,0.7,32,0.5631259977388977,0.002603098250379592,0.5580240189199345,0.568227976557861
linear,0.7333333333333333,32,0.6018614282142299,0.0025843932605677973,0.5967961105016291,0.6069267459268308
linear,0.7666666666666667,32,0.6420835515672062,0.002565645614675472,0.6370549785653491,0.6471121245690633
linear,0.8,32,0.6838055378347518,0.0025249995514873736,0.6788566296528568,0.6887544460166469
linear,0.8333333333333334,32,0.7271593971745152,0.0024236575775352896,0.7224091156116884,0.7319096787373419
linear,0.8666666666666667,32,0.7725276848932489,0.002301391181316911,0.7680170410635296,0.7770383287229681
linear,0.9,32,0.8203795896849745,0.0021546388423965665,0.8161565751541862,0.8246026042157628
linear,0.9333333333333333,32,0.8722981000286806,0.0019172072289297942,0.8685404429090784,0.8760557571482828
linear,0.9666666666666667,32,0.9297373783331797,0.0014541582220700155,0.9268872805900997,0.9325874760762597
linear,1.0,32,1.0,0.0,1.0,1.0
sublinear,0.0,32,0.0,0.0,0.0,0.0
sublinear,0.03333333333333333,32,0.014339356551999615,0.00047917549959225724,0.013400189830524803,0.015278523273474428
sublinear,0.06666666666666667,32,0.032512742942083436,0.0007533695313603138,0.031036165793567404,0.03398932009059947
sublinear,0.1,32,0.05309736901826419,0.0010148168795217401,0.05110836448349825,0.05508637355303012
sublinear,0.13333333333333333,32,0.07541291042445357,0.0012023749688748597,0.07305629878954638,0.07776952205936076
sublinear,0.16666666666666666,32,0.09887502227876761,0.001366219559670264,0.09619728114683973,0.1015527634106955
sublinear,0.2,32,0.12337537313735146,0.0014874459512203137,0.12046003264400973,0.1262907136306932
sublinear,0.23333333333333334,32,0.14874009442620298,0.0015738281753480856,0.14565544788466633,0.15182474096773962
sublinear,0.26666666666666666,32,0.17497050709012915,0.0016406880993124564,0.17175481750561325,0.17818619667464505
sublinear,0.3,32,0.20193951145173392,0.0017105924806739912,0.19858681179738785,0.20529221110607998
sublinear,0.3333333333333333,32,0.2297228522136901,0.0017702057832788066,0.2262533126332391,0.23319239179414109
sublinear,0.36666666666666664,32,0.2583184422047635,0.0018135744552798662,0.25476390158913315,0.2618729828203939
sublinear,0.4,32,0.28765213693365826,0.0018555197993296061,0.28401538495437123,0.2912888889129453
sublinear,0.43333333333333335,32,0.3176979604066496,0.0019003040846483253,0.31397343284106455,0.32142248797223466
sublinear,0.4666666666666667,32,0.3485987551873536,0.0019410879986534815,0.3447942926191699,0.35240321775553735
sublinear,0.5,32,0.38023525935116254,0.001986673970608016,0.37634144991974766,0.3841290687825774
sublinear,0.5333333333333333,32,0.4127192855744952,0.0020022650756714036,0.4087949181386769,0.41664365301031353
sublinear,0.5666666666666667,32,0.44603307455915875,0.002005246852356489,0.4421028629484277,0.4499632861698898
sublinear,0.6,32,0.4802040522333695,0.0020312971803829578,0.47622278291792114,0.4841853215488178
sublinear,0.6333333333333333,32,0.5151749947065825,0.002030815522886872,0.5111946694224793,0.5191553199906856
sublinear,0.6666666666666666,32,0.5510817564692082,0.002028342507028548,0.5471062782071205,0.5550572347312959
sublinear,0.7,32,0.5880177358065344,0.0020053065729154843,0.5840874071456585,0.5919480644674102
sublinear,0.7333333333333333,32,0.6260337774743178,0.0019782538255637247,0.6221564712239342,0.6299110837247013
sublinear,0.7666666666666667,32,0.6653619556393171,0.0019393907290126413,0.6615608196585014,0.6691630916201328
sublinear,0.8,32,0.7059464559645158,0.0018820052325750414,0.7022577934899528,0.7096351184390788
sublinear,0.8333333333333334,32,0.7479558822004566,0.0017764899588350127,0.744474025862243,0.7514377385386702
sublinear,0.8666666666666667,32,0.7915418291154636,0.0016408487790143768,0.7883258246045188,0.7947578336264083
sublinear,0.9,32,0.8369889351492709,0.0015056946048706613,0.8340378279520081,0.8399400423465336
sublinear,0.9333333333333333,32,0.8855951458834544,0.0013109954223829467,0.883025642071687,0.8881646496952219
sublinear,0.9666666666666667,32,0.9383060096249629,0.0009619985655258611,0.936420527083353,0.9401914921665728
sublinear,1.0,32,1.0,0.0,1.0,1.0
hierarchy,0.0,32,0.0,0.0,0.0,0.0
hierarchy,0.03333333333333333,32,0.00909090909090909,0.0,0.00909090909090909,0.00909090909090909
hierarchy,0.06666666666666667,32,0.01818181818181818,0.0,0.01818181818181818,0.01818181818181818
hierarchy,0.1,32,0.02727272727272727,0.0,0.02727272727272727,0.02727272727272727
hierarchy,0.13333333333333333,32,0.03636363636363636,0.0,0.03636363636363636,0.03636363636363636
hierarchy,0.16666666666666666,32,0.045454545454545456,0.0,0.045454545454545456,0.045454545454545456
hierarchy,0.2,32,0.05454545454545454,0.0,0.05454545454545454,0.05454545454545454
hierarchy,0.23333333333333334,32,0.06363636363636363,0.0,0.06363636363636363,0.06363636363636363
hierarchy,0.26666666666666666,32,0.07272727272727272,0.0,0.07272727272727272,0.07272727272727272
hierarchy,0.3,32,0.09090909090909091,0.0,0.09090909090909091,0.09090909090909091
hierarchy,0.3333333333333333,32,0.10909090909090909,0.0,0.10909090909090909,0.10909090909090909
hierarchy,0.36666666666666664,32,0.12727272727272726,0.0,0.12727272727272726,0.12727272727272726
hierarchy,0.4,32,0.14545454545454545,0.0,0.14545454545454545,0.14545454545454545
hierarchy,0.43333333333333335,32,0.16363636363636364,0.0,0.16363636363636364,0.16363636363636364
hierarchy,0.4666666666666667,32,0.18181818181818182,0.0,0.18181818181818182,0.18181818181818182
hierarchy,0.5,32,0.19999999999999998,0.0,0.19999999999999998,0.19999999999999998
hierarchy,0.5333333333333333,32,0.23636363636363636,0.0,0.23636363636363636,0.23636363636363636
hierarchy,0.5666666666666667,32,0.2727272727272727,0.0,0.2727272727272727,0.2727272727272727
hierarchy,0.6,32,0.3090909090909091,0.0,0.3090909090909091,0.3090909090909091
hierarchy,0.6333333333333333,32,0.34545454545454546,0.0,0.34545454545454546,0.34545454545454546
hierarchy,0.6666666666666666,32,0.3818181818181818,0.0,0.3818181818181818,0.3818181818181818
hierarchy,0.7,32,0.41818181818181815,0.0,0.41818181818181815,0.41818181818181815
hierarchy,0.7333333333333333,32,0.45454545454545453,0.0,0.45454545454545453,0.45454545454545453
hierarchy,0.7666666666666667,32,0.4909090909090909,0.0,0.4909090909090909,0.4909090909090909
hierarchy,0.8,32,0.5636363636363636,0.0,0.5636363636363636,0.5636363636363636
hierarchy,0.8333333333333334,32,0.6363636363636364,0.0,0.6363636363636364,0.6363636363636364
hierarchy,0.8666666666666667,32,0.7090909090909091,0.0,0.7090909090909091,0.7090909090909091
hierarchy,0.9,32,0.7818181818181817,0.0,0.7818181818181817,0.7818181818181817
hierarchy,0.9333333333333333,32,0.8545454545454545,0.0,0.8545454545454545,0.8545454545454545
hierarchy,0.9666666666666667,32,0.9272727272727272,0.0,0.9272727272727272,0.9272727272727272
hierarchy,1.0,32,1.0,0.0,1.0,1.0
hierarchy_tenure,0.0,32,0.0,0.0,0.0,0.0
hierarchy_tenure,0.03333333333333333,32,0.00909090909090909,0.0,0.00909090909090909,0.00909090909090909
hierarchy_tenure,0.06666666666666667,32,0.01818181818181818,0.0,0.01818181818181818,0.01818181818181818
hierarchy_tenure,0.1,32,0.02727272727272727,0.0,0.02727272727272727,0.02727272727272727
hierarchy_tenure,0.13333333333333333,32,0.03636363636363636,0.0,0.03636363636363636,0.03636363636363636
hierarchy_tenure,0.16666666666666666,32,0.045454545454545456,0.0,0.045454545454545456,0.045454545454545456
hierarchy_tenure,0.2,32,0.05454545454545454,0.0,0.05454545454545454,0.05454545454545454
hierarchy_tenure,0.23333333333333334,32,0.06363636363636363,0.0,0.06363636363636363,0.06363636363636363
hierarchy_tenure,0.26666666666666666,32,0.07272727272727272,0.0,0.07272727272727272,0.07272727272727272
hierarchy_tenure,0.3,32,0.09090909090909091,0.0,0.09090909090909091,0.09090909090909091
hierarchy_tenure,0.3333333333333333,32,0.10909090909090909,0.0,0.10909090909090909,0.10909090909090909
hierarchy_tenure,0.36666666666666664,32,0.12727272727272726,0.0,0.12727272727272726,0.12727272727272726
hierarchy_tenure,0.4,32,0.14545454545454545,0.0,0.14545454545454545,0.14545454545454545
hierarchy_tenure,0.43333333333333335,32,0.16363636363636364,0.0,0.16363636363636364,0.16363636363636364
hierarchy_tenure,0.4666666666666667,32,0.18181818181818182,0.0,0.18181818181818182,0.18181818181818182
hierarchy_tenure,0.5,32,0.19999999999999998,0.0,0.19999999999999998,0.19999999999999998
hierarchy_tenure,0.5333333333333333,32,0.23636363636363636,0.0,0.23636363636363636,0.23636363636363636
hierarchy_tenure,0.5666666666666667,32,0.2727272727272727,0.0,0.2727272727272727,0.2727272727272727
hierarchy_tenure,0.6,32,0.3090909090909091,0.0,0.3090909090909091,0.3090909090909091
hierarchy_tenure,0.6333333333333333,32,0.34545454545454546,0.0,0.34545454545454546,0.34545454545454546
hierarchy_tenure,0.6666666666666666,32,0.3818181818181818,0.0,0.3818181818181818,0.3818181818181818
hierarchy_tenure,0.7,32,0.41818181818181815,0.0,0.41818181818181815,0.41818181818181815
hierarchy_tenure,0.7333333333333333,32,0.45454545454545453,0.0,0.45454545454545453,0.45454545454545453
hierarchy_tenure,0.7666666666666667,32,0.4909090909090909,0.0,0.4909090909090909,0.4909090909090909
hierarchy_tenure,0.8,32,0.5636363636363636,0.0,0.5636363636363636,0.5636363636363636
hierarchy_tenure,0.8333333333333334,32,0.6363636363636364,0.0,0.6363636363636364,0.6363636363636364
hierarchy_tenure,0.8666666666666667,32,0.7090909090909091,0.0,0.7090909090909091,0.7090909090909091
hierarchy_tenure,0.9,32,0.7818181818181817,0.0,0.7818181818181817,0.7818181818181817
hierarchy_tenure,0.9333333333333333,32,0.8545454545454545,0.0,0.8545454545454545,0.8545454545454545
hierarchy_tenure,0.9666666666666667,32,0.9272727272727272,0.0,0.9272727272727272,0.9272727272727272
hierarchy_tenure,1.0,32,1.0,0.0,1.0,1.0
