population_n,policy,n,mean,se,low,high
500,equal,8,0.028747115484212507,0.000744357788468271,0.02728820102720281,0.030206029941222203
1000,equal,8,0.02935613233391554,0.000710380995091413,0.027963811168234647,0.030748453499596436
5000,equal,8,0.02897135230880063,0.00025170573715442394,0.028478018129275855,0.029464686488325405
10000,equal,8,0.029212633070117552,0.0002377437889022034,0.02874666380632114,0.029678602333913964
500,linear,8,0.0,0.0,0.0,0.0
1000,linear,8,0.0,0.0,0.0,0.0
5000,linear,8,0.0,0.0,0.0,0.0
10000,linear,8,0.0,0.0,0.0,0.0
500,sublinear,8,0.00436552641432307,0.0001620269355205129,0.004047959456177472,0.004683093372468669
1000,sublinear,8,0.004436782525085628,0.0001199289892385808,0.004201726025475718,0.004671839024695538
5000,sublinear,8,0.004316824187999127,4.2999185537681606e-05,0.004232547332980716,0.0044011010430175385
10000,sublinear,8,0.004380256612397687,3.702124637480687e-05,0.004307696302840281,0.004452816921955093
500,hierarchy,8,-0.009725571824904425,0.0006510317692739455,-0.011001570645472749,-0.008449573004336101
1000,hierarchy,8,-0.00951849126606888,0.0005493719819384183,-0.010595240564783568,-0.00844174196735419
5000,hierarchy,8,-0.009417977574648226,8.853300964563347e-05,-0.009591499084996605,-0.009244456064299847
10000,hierarchy,8,-0.009556498894311816,3.720656197952997e-05,-0.00962942241578025,-0.00948357537284338
500,hierarchy_tenure,8,0.0076706605825524465,0.0007834287228031603,0.006135168501404039,0.009206152663700853
1000,hierarchy_tenure,8,0.008131204432436506,0.000617834957376057,0.006920270167589595,0.009342138697283417
5000,hierarchy_tenure,8,0.007000778764295293,0.0004797316321643501,0.0060605220430085495,0.007941035485582035
10000,hierarchy_tenure,8,0.006952986798766325,0.0003022176721393099,0.006360651045881744,0.0075453225516509065
