policy,world,recovery_days,unrecovered
equal,8100,0,False
equal,8101,0,False
equal,8102,0,False
equal,8103,0,False
equal,8104,0,False
equal,8105,0,False
equal,8106,0,False
equal,8107,0,False
linear,8100,0,False
linear,8101,0,False
linear,8102,0,False
linear,8103,0,False
linear,8104,0,False
linear,8105,0,False
linear,8106,0,False
linear,8107,0,False
sublinear,8100,0,False
sublinear,8101,0,False
sublinear,8102,0,False
sublinear,8103,0,False
sublinear,8104,0,False
sublinear,8105,0,False
sublinear,8106,0,False
sublinear,8107,0,False
hierarchy,8100,0,False
hierarchy,8101,0,False
hierarchy,8102,0,False
hierarchy,8103,0,False
hierarchy,8104,0,False
hierarchy,8105,0,False
hierarchy,8106,0,False
hierarchy,8107,0,False
hierarchy_tenure,8100,0,False
hierarchy_tenure,8101,0,False
hierarchy_tenure,8102,0,False
hierarchy_tenure,8103,0,False
hierarchy_tenure,8104,0,False
hierarchy_tenure,8105,0,False
hierarchy_tenure,8106,0,False
hierarchy_tenure,8107,0,False
