policy,backend,work_per_member_day,regret_per_guild_day
equal,central,0.5600965867933884,0.015075705758500688
equal,witness,0.568309437722026,0.014724134309336133
equal,consensus,0.5776027454429444,0.01480184872975524
linear,central,0.5282139185964599,0.016740670815749568
linear,witness,0.5332203793189573,0.01671464923831066
linear,consensus,0.538192088746335,0.016822182508055717
sublinear,central,0.5318168988022843,0.015838132616290513
sublinear,witness,0.537830800325835,0.016334966096311913
sublinear,consensus,0.5441730202911741,0.015973920659564628
hierarchy,central,0.521024293661179,0.017467618628330198
hierarchy,witness,0.5220206465669461,0.017994889725281897
hierarchy,consensus,0.5246407957561895,0.017544972356134614
hierarchy_tenure,central,0.5475572969529368,0.018440836305366918
hierarchy_tenure,witness,0.5505534131466067,0.018220613621303172
hierarchy_tenure,consensus,0.5551496230241154,0.018474571418106878
