candidate,world,behavior_rule,autonomy_response,review_capacity_per_member_day,work_per_member_day,regret_per_guild_day,unfinished_per_member,mean_trust
0,7100,linear_response,0.0,0.6,0.5936491437751964,0.03184680988435948,16.0,0.8216666666666668
0,7101,linear_response,0.0,0.6,0.45615969316893584,0.05599338240061053,15.916666666666666,0.7729166666666667
0,7102,linear_response,0.0,0.6,0.5407609868485271,0.03576988124573897,15.958333333333334,0.8222916666666668
0,7103,linear_response,0.0,0.6,0.6412329266870788,0.026962636884799124,16.0,0.8400000000000002
0,7104,linear_response,0.0,0.6,0.5959978537023038,0.054066076259614536,16.0,0.8416666666666668
0,7105,linear_response,0.0,0.6,0.6282963683458672,0.05568547384658289,16.0,0.8333333333333334
0,7106,linear_response,0.0,0.6,0.6392366495456132,0.030018624807368343,15.875,0.8502083333333333
0,7107,linear_response,0.0,0.6,0.5851589127312506,0.0366790443348323,15.958333333333334,0.8139583333333333
1,7100,linear_response,0.0,0.9,0.5934189836343521,0.015481360189996737,5.375,0.8879166666666668
1,7101,linear_response,0.0,0.9,0.44995561904602926,0.059792180245021,5.25,0.7935416666666667
1,7102,linear_response,0.0,0.9,0.538387063176359,0.02751031800152063,5.25,0.8825000000000002
1,7103,linear_response,0.0,0.9,0.6294911410230402,0.024057739314485006,5.333333333333333,0.88875
1,7104,linear_response,0.0,0.9,0.5919361352894765,0.051194359297473964,5.25,0.9237500000000001
1,7105,linear_response,0.0,0.9,0.6206297185973628,0.05568547384658289,5.416666666666667,0.9125000000000001
1,7106,linear_response,0.0,0.9,0.6295119515671709,0.030018624807368343,5.166666666666667,0.9008333333333334
1,7107,linear_response,0.0,0.9,0.582806792025886,0.042843822134657386,5.375,0.8591666666666667
2,7100,linear_response,0.0,1.2,0.5887718542007401,0.018426290001819348,1.7083333333333333,0.8891666666666667
2,7101,linear_response,0.0,1.2,0.44775905641572916,0.06456702766362568,1.5416666666666667,0.7852083333333333
2,7102,linear_response,0.0,1.2,0.5352162749209992,0.026978846070230236,1.5833333333333333,0.8768750000000001
2,7103,linear_response,0.0,1.2,0.6257541080626541,0.026962636884799124,1.6666666666666667,0.8858333333333334
2,7104,linear_response,0.0,1.2,0.5886831164211412,0.0570472213123795,1.7083333333333333,0.9185416666666667
2,7105,linear_response,0.0,1.2,0.6174038128877393,0.05568547384658289,1.75,0.9066666666666667
2,7106,linear_response,0.0,1.2,0.6247563303378197,0.030018624807368343,1.75,0.88875
2,7107,linear_response,0.0,1.2,0.5789141316156611,0.040739644320637786,1.5416666666666667,0.8510416666666667
3,7100,linear_response,0.25,0.6,0.5695629089712144,0.03535669916683813,16.0,0.8166666666666668
3,7101,linear_response,0.25,0.6,0.44087371474585135,0.0522778537221455,15.916666666666666,0.7629166666666666
3,7102,linear_response,0.25,0.6,0.5173241523656825,0.02732793536757291,15.958333333333334,0.8022916666666667
3,7103,linear_response,0.25,0.6,0.6282578562096276,0.028476368623228027,16.0,0.8383333333333334
3,7104,linear_response,0.25,0.6,0.5563614643357336,0.054066076259614536,15.958333333333334,0.8239583333333335
3,7105,linear_response,0.25,0.6,0.6053658366349727,0.05955646423054388,16.0,0.8316666666666667
3,7106,linear_response,0.25,0.6,0.6163487738958425,0.03121992066040615,15.875,0.8435416666666667
3,7107,linear_response,0.25,0.6,0.5618851547432553,0.04247946683723963,15.958333333333334,0.805625
4,7100,linear_response,0.25,0.9,0.5736251582955056,0.015216748553562212,5.375,0.8889583333333334
4,7101,linear_response,0.25,0.9,0.43065645413169384,0.059792180245021,5.208333333333333,0.769375
4,7102,linear_response,0.25,0.9,0.5169097268597884,0.039384125037162064,5.25,0.8666666666666667
4,7103,linear_response,0.25,0.9,0.6153624498851505,0.024057739314485006,5.416666666666667,0.9
4,7104,linear_response,0.25,0.9,0.569148532990344,0.054066076259614536,5.25,0.9033333333333334
4,7105,linear_response,0.25,0.9,0.6034133945787483,0.05568547384658289,5.375,0.9095833333333334
4,7106,linear_response,0.25,0.9,0.6094790669685647,0.030018624807368343,5.166666666666667,0.89875
4,7107,linear_response,0.25,0.9,0.5636782574967996,0.054541703838980805,5.375,0.8608333333333333
5,7100,linear_response,0.25,1.2,0.5744238329305142,0.018161678365384824,1.6666666666666667,0.888125
5,7101,linear_response,0.25,1.2,0.42853775501888125,0.06409657980077607,1.4583333333333333,0.758125
5,7102,linear_response,0.25,1.2,0.5153717768141175,0.026978846070230236,1.625,0.8581249999999999
5,7103,linear_response,0.25,1.2,0.6111234745828356,0.026962636884799124,1.625,0.895
5,7104,linear_response,0.25,1.2,0.5712171333644812,0.05991893827452007,1.7083333333333333,0.9079166666666666
5,7105,linear_response,0.25,1.2,0.603735610904236,0.0348831215499366,1.75,0.904375
5,7106,linear_response,0.25,1.2,0.6064780009739364,0.030018624807368343,1.7083333333333333,0.8841666666666667
5,7107,linear_response,0.25,1.2,0.5654940630050579,0.040739644320637786,1.5416666666666667,0.8477083333333333
6,7100,linear_response,0.5,0.6,0.5353734261924462,0.03535669916683813,16.0,0.795
6,7101,linear_response,0.5,0.6,0.42478470684581765,0.05592465693627505,15.916666666666666,0.7545833333333333
6,7102,linear_response,0.5,0.6,0.4903444836325475,0.029507950715838283,15.958333333333334,0.7872916666666666
6,7103,linear_response,0.5,0.6,0.6031458616211346,0.030359809192264702,16.0,0.8300000000000001
6,7104,linear_response,0.5,0.6,0.5001242034565059,0.054066076259614536,15.958333333333334,0.7889583333333334
6,7105,linear_response,0.5,0.6,0.5709168632783359,0.05568547384658289,16.0,0.82
6,7106,linear_response,0.5,0.6,0.5660607675267296,0.03121992066040615,15.833333333333334,0.8308333333333334
6,7107,linear_response,0.5,0.6,0.5244515090931288,0.03124089270847251,15.875,0.7802083333333334
7,7100,linear_response,0.5,0.9,0.5484703741152219,0.018161678365384824,5.291666666666667,0.8616666666666667
7,7101,linear_response,0.5,0.9,0.40933106457661794,0.05162025738051998,5.125,0.7422916666666666
7,7102,linear_response,0.5,0.9,0.4882554587550541,0.043816809984981206,5.25,0.8314583333333334
7,7103,linear_response,0.5,0.9,0.5800478356529009,0.024057739314485006,5.333333333333333,0.8608333333333333
7,7104,linear_response,0.5,0.9,0.5176779447530403,0.052590629076781525,5.208333333333333,0.8583333333333334
7,7105,linear_response,0.5,0.9,0.567524478771803,0.03684859793840841,5.291666666666667,0.8650000000000001
7,7106,linear_response,0.5,0.9,0.5738262168140835,0.030018624807368343,5.083333333333333,0.8618750000000001
7,7107,linear_response,0.5,0.9,0.5339107996816294,0.04987188183196574,5.375,0.8279166666666667
8,7100,linear_response,0.5,1.2,0.5530111327660692,0.018161678365384824,1.5833333333333333,0.8672916666666667
8,7101,linear_response,0.5,1.2,0.4068747875339066,0.05592465693627505,1.5,0.7281249999999999
8,7102,linear_response,0.5,1.2,0.4895897580497581,0.02751031800152063,1.625,0.8233333333333334
8,7103,linear_response,0.5,1.2,0.5820925353959984,0.026962636884799124,1.5833333333333333,0.8647916666666666
8,7104,linear_response,0.5,1.2,0.5145040313186026,0.051355826588042684,1.6666666666666667,0.8650000000000001
8,7105,linear_response,0.5,1.2,0.5696326725003171,0.03875411193389758,1.75,0.859375
8,7106,linear_response,0.5,1.2,0.5754695701626434,0.030018624807368343,1.7083333333333333,0.8554166666666667
8,7107,linear_response,0.5,1.2,0.5417154304327483,0.040667668684245664,1.5833333333333333,0.8204166666666667
9,7100,satisficing,0.0,0.6,0.4340147119815185,0.03591455651768979,15.958333333333334,0.8039583333333334
9,7101,satisficing,0.0,0.6,0.3271742895723287,0.08741614413504883,15.833333333333334,0.7525
9,7102,satisficing,0.0,0.6,0.383600834563055,0.061449897816538514,15.916666666666666,0.7929166666666667
9,7103,satisficing,0.0,0.6,0.5408866511561702,0.03563685505299081,15.958333333333334,0.825625
9,7104,satisficing,0.0,0.6,0.41404094688341464,0.053147009596282956,15.916666666666666,0.8145833333333333
9,7105,satisficing,0.0,0.6,0.46222772619823205,0.045229671481831615,15.916666666666666,0.8079166666666667
9,7106,satisficing,0.0,0.6,0.5396501027137893,0.04732870420867988,15.833333333333334,0.8225000000000001
9,7107,satisficing,0.0,0.6,0.4378535300865638,0.05488135074881717,15.791666666666666,0.7831250000000001
10,7100,satisficing,0.0,0.9,0.5123342210590123,0.015216748553562212,5.208333333333333,0.8202083333333333
10,7101,satisficing,0.0,0.9,0.4146129625848975,0.07315565808081555,5.125,0.7083333333333334
10,7102,satisficing,0.0,0.9,0.472461592162947,0.03672512591282643,5.125,0.7827083333333333
10,7103,satisficing,0.0,0.9,0.6593141237152529,0.03051319403572011,5.208333333333333,0.8752083333333333
10,7104,satisficing,0.0,0.9,0.5061237265699552,0.05636789383105638,5.166666666666667,0.8485416666666667
10,7105,satisficing,0.0,0.9,0.6003320447689007,0.0563230566067876,5.208333333333333,0.8689583333333334
10,7106,satisficing,0.0,0.9,0.6423742019056755,0.041810353561310666,5.208333333333333,0.8652083333333334
10,7107,satisficing,0.0,0.9,0.507143229842541,0.03717038312674946,5.208333333333333,0.7897916666666666
11,7100,satisficing,0.0,1.2,0.5398597606480825,0.024620308754279247,1.625,0.8291666666666666
11,7101,satisficing,0.0,1.2,0.4449436639807843,0.07362610594366517,1.4583333333333333,0.729375
11,7102,satisficing,0.0,1.2,0.4971290217035155,0.015355190389680078,1.4583333333333333,0.7904166666666667
11,7103,satisficing,0.0,1.2,0.6813291998657528,0.029195311581530877,1.7083333333333333,0.8877083333333333
11,7104,satisficing,0.0,1.2,0.5542840805336559,0.06543009929558996,1.625,0.8847916666666666
11,7105,satisficing,0.0,1.2,0.6255468937661723,0.0563230566067876,1.625,0.8641666666666666
11,7106,satisficing,0.0,1.2,0.6737506425719406,0.03966708463366974,1.75,0.8679166666666666
11,7107,satisficing,0.0,1.2,0.5256193798855316,0.03830098362214172,1.375,0.7735416666666666
12,7100,satisficing,0.25,0.6,0.4306433247756291,0.03158219824792496,15.958333333333334,0.805625
12,7101,satisficing,0.25,0.6,0.3216335932175913,0.08694569627219921,15.833333333333334,0.7441666666666666
12,7102,satisficing,0.25,0.6,0.3851437504055074,0.06538201283104901,15.916666666666666,0.7879166666666667
12,7103,satisficing,0.25,0.6,0.540857531038898,0.030349708511583078,15.916666666666666,0.8229166666666666
12,7104,satisficing,0.25,0.6,0.40807617099490784,0.053147009596282956,15.875,0.8152083333333334
12,7105,satisficing,0.25,0.6,0.4576437027415567,0.0362706530245031,15.916666666666666,0.8112500000000001
12,7106,satisficing,0.25,0.6,0.5332868545943931,0.04732870420867988,15.875,0.8285416666666667
12,7107,satisficing,0.25,0.6,0.43746785078046235,0.02346037006917369,15.833333333333334,0.7891666666666667
13,7100,satisficing,0.25,0.9,0.5281719208404646,0.021939990578891157,5.25,0.8329166666666666
13,7101,satisficing,0.25,0.9,0.41777793152084153,0.07080948885159222,5.083333333333333,0.7179166666666665
13,7102,satisficing,0.25,0.9,0.48388867459066476,0.03902220466370525,5.166666666666667,0.7954166666666667
13,7103,satisficing,0.25,0.9,0.6784680662946941,0.03051319403572011,5.208333333333333,0.8760416666666667
13,7104,satisficing,0.25,0.9,0.5064428717083025,0.05051503181615084,5.208333333333333,0.8562500000000001
13,7105,satisficing,0.25,0.9,0.6100059764715072,0.0563230566067876,5.208333333333333,0.8689583333333334
13,7106,satisficing,0.25,0.9,0.6633271903452942,0.041810353561310666,5.208333333333333,0.8710416666666667
13,7107,satisficing,0.25,0.9,0.5248561446967395,0.03717038312674946,5.208333333333333,0.800625
14,7100,satisficing,0.25,1.2,0.5623624784360962,0.024620308754279247,1.625,0.8441666666666666
14,7101,satisficing,0.25,1.2,0.4517165783765828,0.07786178003508473,1.4583333333333333,0.7297916666666665
14,7102,satisficing,0.25,1.2,0.5113724370149398,0.017079158859487804,1.5,0.8064583333333334
14,7103,satisficing,0.25,1.2,0.7030731537677979,0.029195311581530877,1.7083333333333333,0.894375
14,7104,satisficing,0.25,1.2,0.5620134594507991,0.05755599649579239,1.625,0.8897916666666666
14,7105,satisficing,0.25,1.2,0.6351129308833267,0.05568547384658289,1.625,0.8752083333333333
14,7106,satisficing,0.25,1.2,0.6881768426839885,0.03966708463366974,1.7916666666666667,0.8760416666666666
14,7107,satisficing,0.25,1.2,0.5462445903492091,0.032500561119734386,1.4583333333333333,0.7999999999999999
15,7100,satisficing,0.5,0.6,0.4393440050972584,0.03535669916683813,15.958333333333334,0.8039583333333334
15,7101,satisficing,0.5,0.6,0.32056604907895625,0.09082291340146123,15.833333333333334,0.7408333333333333
15,7102,satisficing,0.5,0.6,0.3941702162099647,0.057697004465263595,15.875,0.7868750000000001
15,7103,satisficing,0.5,0.6,0.546742154315018,0.027787149866042977,15.916666666666666,0.82625
15,7104,satisficing,0.5,0.6,0.4136490055028622,0.05200900405121132,15.875,0.8152083333333334
15,7105,satisficing,0.5,0.6,0.45611413314765953,0.0442686784896768,15.958333333333334,0.810625
15,7106,satisficing,0.5,0.6,0.5254386952801089,0.04732870420867988,15.875,0.8335416666666667
15,7107,satisficing,0.5,0.6,0.44082939434963786,0.04012640738800244,15.833333333333334,0.7925
16,7100,satisficing,0.5,0.9,0.5259214223482551,0.019549106823327042,5.333333333333333,0.8375
16,7101,satisficing,0.5,0.9,0.41406587256187183,0.07511388840734727,5.041666666666667,0.726875
16,7102,satisficing,0.5,0.9,0.48979935663946417,0.029585096631674714,5.208333333333333,0.80625
16,7103,satisficing,0.5,0.9,0.6746739737076307,0.02202981089639233,5.25,0.88875
16,7104,satisficing,0.5,0.9,0.4999870715039741,0.053147009596282956,5.166666666666667,0.8460416666666667
16,7105,satisficing,0.5,0.9,0.6127245895548328,0.0563230566067876,5.166666666666667,0.8770833333333333
16,7106,satisficing,0.5,0.9,0.6536851020600841,0.03966708463366974,5.208333333333333,0.881875
16,7107,satisficing,0.5,0.9,0.5232602757787307,0.03136996062434212,5.25,0.8291666666666666
17,7100,satisficing,0.5,1.2,0.5622793902550745,0.028952667024044084,1.625,0.8558333333333333
17,7101,satisficing,0.5,1.2,0.45099509583405556,0.07786178003508473,1.4583333333333333,0.7347916666666666
17,7102,satisficing,0.5,1.2,0.5180695301927211,0.01937623761036662,1.5416666666666667,0.816875
17,7103,satisficing,0.5,1.2,0.6984178272822956,0.02927835969380039,1.75,0.9054166666666666
17,7104,satisficing,0.5,1.2,0.5592800566878732,0.054004952052328706,1.625,0.886875
17,7105,satisficing,0.5,1.2,0.6341031999638328,0.05371999745811108,1.625,0.8839583333333333
17,7106,satisficing,0.5,1.2,0.6761833060174273,0.03966708463366974,1.7916666666666667,0.8727083333333333
17,7107,satisficing,0.5,1.2,0.5477463734320797,0.03254183241645749,1.4166666666666667,0.8239583333333332
18,7100,reinforcement,0.0,0.6,0.6173397863470823,0.03535669916683813,16.0,0.8333333333333334
18,7101,reinforcement,0.0,0.6,0.5337269843195638,0.054932782363421445,15.916666666666666,0.79625
18,7102,reinforcement,0.0,0.6,0.5869972867592094,0.03133644663145583,16.0,0.8333333333333334
18,7103,reinforcement,0.0,0.6,0.7310315951759387,0.03481224109779348,16.0,0.8400000000000002
18,7104,reinforcement,0.0,0.6,0.6086928066670271,0.058951368568586744,16.0,0.8533333333333335
18,7105,reinforcement,0.0,0.6,0.6796576520663719,0.05568547384658289,16.0,0.8416666666666668
18,7106,reinforcement,0.0,0.6,0.7111200834576661,0.045185435281038945,15.916666666666666,0.8512500000000002
18,7107,reinforcement,0.0,0.6,0.6113084144109683,0.03717038312674946,15.958333333333334,0.8222916666666668
19,7100,reinforcement,0.0,0.9,0.6143952614148069,0.02488492039071377,5.458333333333333,0.9162500000000001
19,7101,reinforcement,0.0,0.9,0.5265120315635158,0.05038834885994926,5.291666666666667,0.8397916666666667
19,7102,reinforcement,0.0,0.9,0.581571491720158,0.03194300294933977,5.25,0.9308333333333335
19,7103,reinforcement,0.0,0.9,0.7200971634375988,0.028006075221031636,5.375,0.935625
19,7104,reinforcement,0.0,0.9,0.5994524271744144,0.05991893827452007,5.25,0.9287500000000001
19,7105,reinforcement,0.0,0.9,0.6687701750048008,0.06464449230391141,5.375,0.9331250000000001
19,7106,reinforcement,0.0,0.9,0.6999826514514491,0.03966708463366974,5.291666666666667,0.9179166666666667
19,7107,reinforcement,0.0,0.9,0.6065602301670859,0.042771846498265265,5.416666666666667,0.8960416666666667
20,7100,reinforcement,0.0,1.2,0.6200428242026629,0.02488492039071377,1.6666666666666667,0.9245833333333334
20,7101,reinforcement,0.0,1.2,0.5250277429317423,0.04893980992006857,1.6666666666666667,0.854375
20,7102,reinforcement,0.0,1.2,0.5840016992270645,0.02024833270506828,1.625,0.9283333333333333
20,7103,reinforcement,0.0,1.2,0.7151764132973725,0.024484593804025914,1.75,0.935625
20,7104,reinforcement,0.0,1.2,0.6001404455819135,0.05878093272944845,1.6666666666666667,0.919375
20,7105,reinforcement,0.0,1.2,0.6664349056899029,0.05914906927517932,1.75,0.9277083333333334
20,7106,reinforcement,0.0,1.2,0.698925308060928,0.03966708463366974,1.7916666666666667,0.9118750000000001
20,7107,reinforcement,0.0,1.2,0.6083098275724228,0.042843822134657386,1.625,0.895
21,7100,reinforcement,0.25,0.6,0.4413087051223541,0.03535669916683813,15.875,0.7535416666666667
21,7101,reinforcement,0.25,0.6,0.39639279072949957,0.049586690711645676,15.916666666666666,0.7379166666666667
21,7102,reinforcement,0.25,0.6,0.4023158735794739,0.03857738758677431,15.958333333333334,0.7522916666666667
21,7103,reinforcement,0.25,0.6,0.5358130534104136,0.0288460774538358,15.875,0.7735416666666667
21,7104,reinforcement,0.25,0.6,0.40364382109008345,0.06080217351434048,15.833333333333334,0.7541666666666668
21,7105,reinforcement,0.25,0.6,0.5275211683787547,0.05154394575426358,15.916666666666666,0.7829166666666666
21,7106,reinforcement,0.25,0.6,0.4665533107690589,0.02855068988241886,15.75,0.7770833333333335
21,7107,reinforcement,0.25,0.6,0.4601552683402605,0.020172453959737324,15.833333333333334,0.7341666666666667
22,7100,reinforcement,0.25,0.9,0.4527017578427194,0.021936179284298,5.0,0.7454166666666665
22,7101,reinforcement,0.25,0.9,0.364274508550902,0.05358763604390823,5.0,0.6574999999999999
22,7102,reinforcement,0.25,0.9,0.4047693151936331,0.03168335019005427,5.041666666666667,0.7095833333333332
22,7103,reinforcement,0.25,0.9,0.5158762070932462,0.020156471008037274,5.208333333333333,0.7481249999999999
22,7104,reinforcement,0.25,0.9,0.4161312746426218,0.06070537657067327,4.875,0.7322916666666667
22,7105,reinforcement,0.25,0.9,0.5200597986248601,0.05406255121710834,5.25,0.780625
22,7106,reinforcement,0.25,0.9,0.4860259410898082,0.032137412126539464,5.083333333333333,0.754375
22,7107,reinforcement,0.25,0.9,0.47199340964189584,0.04021019357707388,5.291666666666667,0.7302083333333332
23,7100,reinforcement,0.25,1.2,0.46255256648427534,0.018161678365384824,1.4583333333333333,0.7308333333333333
23,7101,reinforcement,0.25,1.2,0.36674692666416847,0.06068981053436364,1.375,0.6341666666666665
23,7102,reinforcement,0.25,1.2,0.41564814633437736,0.039368358555839686,1.5,0.7014583333333332
23,7103,reinforcement,0.25,1.2,0.518482550277519,0.021345707368536512,1.5,0.7127083333333332
23,7104,reinforcement,0.25,1.2,0.41672635745883585,0.05806288851004183,1.4583333333333333,0.6952083333333333
23,7105,reinforcement,0.25,1.2,0.5359735147317856,0.05591566165142305,1.625,0.7691666666666666
23,7106,reinforcement,0.25,1.2,0.49975556042837344,0.029994143198898537,1.5,0.7243749999999999
23,7107,reinforcement,0.25,1.2,0.48284645991020775,0.048017650235145995,1.5416666666666667,0.7160416666666666
24,7100,reinforcement,0.5,0.6,0.3666111744926771,0.03968905743660297,15.833333333333334,0.7091666666666666
24,7101,reinforcement,0.5,0.6,0.33839466952906366,0.06021936267151403,15.916666666666666,0.7012499999999999
24,7102,reinforcement,0.5,0.6,0.33079758404609394,0.03804591565548391,15.875,0.7035416666666666
24,7103,reinforcement,0.5,0.6,0.47548727707316224,0.03482234177847511,15.833333333333334,0.7374999999999999
24,7104,reinforcement,0.5,0.6,0.30528709694948686,0.0543315685882347,15.791666666666666,0.6964583333333333
24,7105,reinforcement,0.5,0.6,0.45351274272525055,0.0552317222262195,15.791666666666666,0.7597916666666666
24,7106,reinforcement,0.5,0.6,0.36492817207849154,0.02855068988241886,15.708333333333334,0.7160416666666666
24,7107,reinforcement,0.5,0.6,0.3528155651157084,0.02043429415430222,15.791666666666666,0.6814583333333332
25,7100,reinforcement,0.5,0.9,0.363965369085667,0.021936179284298,4.958333333333333,0.6502083333333332
25,7101,reinforcement,0.5,0.9,0.27184413716886796,0.05405808390675786,4.875,0.5485416666666665
25,7102,reinforcement,0.5,0.9,0.3183249050260417,0.04319523685223888,4.916666666666667,0.6064583333333332
25,7103,reinforcement,0.5,0.9,0.4504298687906435,0.032270640017050795,5.041666666666667,0.6816666666666666
25,7104,reinforcement,0.5,0.9,0.35097326903410087,0.05259454939145611,4.791666666666667,0.6533333333333332
25,7105,reinforcement,0.5,0.9,0.4426537423554269,0.055278078891218344,5.083333333333333,0.6904166666666666
25,7106,reinforcement,0.5,0.9,0.3877342799773706,0.026643543087640057,4.833333333333333,0.6291666666666665
25,7107,reinforcement,0.5,0.9,0.3814591698656857,0.05032199165247976,5.166666666666667,0.6329166666666665
26,7100,reinforcement,0.5,1.2,0.3868954730271149,0.022494036635149654,1.3333333333333333,0.6372916666666665
26,7101,reinforcement,0.5,1.2,0.28259285348392754,0.05478440571271886,1.3333333333333333,0.5249999999999998
26,7102,reinforcement,0.5,1.2,0.340655628216252,0.04319523685223888,1.3333333333333333,0.5879166666666665
26,7103,reinforcement,0.5,1.2,0.4443621873043228,0.03517553758736493,1.25,0.6291666666666665
26,7104,reinforcement,0.5,1.2,0.36944943528615987,0.05208008568998642,1.2916666666666667,0.6097916666666665
26,7105,reinforcement,0.5,1.2,0.43504781808663157,0.04089548812534645,1.4583333333333333,0.6360416666666665
26,7106,reinforcement,0.5,1.2,0.38767587909836126,0.034028307571471086,1.25,0.5712499999999998
26,7107,reinforcement,0.5,1.2,0.42311932713391176,0.034536754569165946,1.375,0.6070833333333332
