case,world,behavior_rule,autonomy_response,review_capacity_per_member_day,work_per_member_day,regret_per_guild_day,unfinished_per_member,mean_trust
linear_response-response-0.0,7000,linear_response,0.0,0.9,0.6555442170984399,0.04807210096188151,5.375,0.9154166666666668
linear_response-response-0.0,7001,linear_response,0.0,0.9,0.5849236924059507,0.028913753828390468,5.375,0.8447916666666667
linear_response-response-0.0,7002,linear_response,0.0,0.9,0.6060438897222102,0.028049337882784103,5.166666666666667,0.8352083333333334
linear_response-response-0.0,7003,linear_response,0.0,0.9,0.5340406956295229,0.02387797948838142,5.25,0.87125
linear_response-response-0.0,7004,linear_response,0.0,0.9,0.5631574393289004,0.03697925914520916,5.333333333333333,0.8664583333333334
linear_response-response-0.0,7005,linear_response,0.0,0.9,0.5098378280935486,0.036246461028648806,5.333333333333333,0.8470833333333334
linear_response-response-0.0,7006,linear_response,0.0,0.9,0.4998339218015065,0.05975277541322818,5.25,0.8416666666666668
linear_response-response-0.0,7007,linear_response,0.0,0.9,0.6175653634158156,0.01266956261960242,5.375,0.9147916666666668
linear_response-response-0.0,7008,linear_response,0.0,0.9,0.6232984697324212,0.032110834669236366,5.333333333333333,0.8695833333333334
linear_response-response-0.0,7009,linear_response,0.0,0.9,0.5797393030044552,0.01938668710939663,5.333333333333333,0.8700000000000001
linear_response-response-0.0,7010,linear_response,0.0,0.9,0.6044517217391605,0.05301108231900259,5.333333333333333,0.8716666666666667
linear_response-response-0.0,7011,linear_response,0.0,0.9,0.6062952520990565,0.04461796762460663,5.375,0.88
linear_response-response-0.25,7000,linear_response,0.25,0.9,0.6362696001220592,0.04821029082373217,5.333333333333333,0.8968750000000001
linear_response-response-0.25,7001,linear_response,0.25,0.9,0.5719250770444338,0.03325077516590709,5.333333333333333,0.8420833333333334
linear_response-response-0.25,7002,linear_response,0.25,0.9,0.5438170490404689,0.028049337882784103,5.083333333333333,0.8041666666666667
linear_response-response-0.25,7003,linear_response,0.25,0.9,0.5304027905146912,0.021474679388491097,5.25,0.8679166666666668
linear_response-response-0.25,7004,linear_response,0.25,0.9,0.5507071902363418,0.04075706177233343,5.291666666666667,0.86
linear_response-response-0.25,7005,linear_response,0.25,0.9,0.485078454949046,0.036246461028648806,5.333333333333333,0.8302083333333333
linear_response-response-0.25,7006,linear_response,0.25,0.9,0.46824502337116414,0.05975277541322818,5.208333333333333,0.8306250000000001
linear_response-response-0.25,7007,linear_response,0.25,0.9,0.5971981864930714,0.023915142643113865,5.333333333333333,0.9120833333333334
linear_response-response-0.25,7008,linear_response,0.25,0.9,0.601972308276406,0.032110834669236366,5.291666666666667,0.8577083333333334
linear_response-response-0.25,7009,linear_response,0.25,0.9,0.5597364294245979,0.026530170026246802,5.25,0.853125
linear_response-response-0.25,7010,linear_response,0.25,0.9,0.5926331865518079,0.05301108231900259,5.375,0.8677083333333333
linear_response-response-0.25,7011,linear_response,0.25,0.9,0.589972346608459,0.04606199177982547,5.333333333333333,0.8822916666666667
satisficing-response-0.0,7000,satisficing,0.0,0.9,0.66104116845032,0.03901556753723493,5.291666666666667,0.8852083333333334
satisficing-response-0.0,7001,satisficing,0.0,0.9,0.5100894591337982,0.024641735406746842,5.166666666666667,0.76125
satisficing-response-0.0,7002,satisficing,0.0,0.9,0.5624993679101918,0.0250891925098788,5.083333333333333,0.7572916666666667
satisficing-response-0.0,7003,satisficing,0.0,0.9,0.4602104251898357,0.029356489727878375,5.041666666666667,0.765625
satisficing-response-0.0,7004,satisficing,0.0,0.9,0.4770412024161027,0.04644393878457791,5.125,0.7791666666666667
satisficing-response-0.0,7005,satisficing,0.0,0.9,0.4343396532344964,0.031779957389266436,5.0,0.73625
satisficing-response-0.0,7006,satisficing,0.0,0.9,0.4744885034542005,0.056715205830662946,5.125,0.78875
satisficing-response-0.0,7007,satisficing,0.0,0.9,0.5634102395773234,0.023328437600535826,5.25,0.8770833333333333
satisficing-response-0.0,7008,satisficing,0.0,0.9,0.5320529934262718,0.03510437700014063,5.125,0.7804166666666666
satisficing-response-0.0,7009,satisficing,0.0,0.9,0.5052961590047891,0.030010635611852486,5.25,0.7781250000000001
satisficing-response-0.0,7010,satisficing,0.0,0.9,0.5215036319173852,0.042161150169425274,5.166666666666667,0.7839583333333332
satisficing-response-0.0,7011,satisficing,0.0,0.9,0.5781848580356473,0.04408390639737253,5.291666666666667,0.8385416666666666
satisficing-response-0.25,7000,satisficing,0.25,0.9,0.6807559311604151,0.03901556753723493,5.333333333333333,0.8920833333333333
satisficing-response-0.25,7001,satisficing,0.25,0.9,0.524432773967818,0.024641735406746842,5.166666666666667,0.76625
satisficing-response-0.25,7002,satisficing,0.25,0.9,0.5527398618493703,0.033792696655603104,5.083333333333333,0.7760416666666666
satisficing-response-0.25,7003,satisficing,0.25,0.9,0.4755556055974256,0.029356489727878375,5.166666666666667,0.7754166666666666
satisficing-response-0.25,7004,satisficing,0.25,0.9,0.49043372208572217,0.05565694120300436,5.166666666666667,0.790625
satisficing-response-0.25,7005,satisficing,0.25,0.9,0.444602017110632,0.031779957389266436,5.083333333333333,0.7466666666666666
satisficing-response-0.25,7006,satisficing,0.25,0.9,0.46656523256221777,0.056715205830662946,5.125,0.7883333333333334
satisficing-response-0.25,7007,satisficing,0.25,0.9,0.5665015294789378,0.023328437600535826,5.25,0.883125
satisficing-response-0.25,7008,satisficing,0.25,0.9,0.5565095327295474,0.032110834669236366,5.208333333333333,0.7991666666666667
satisficing-response-0.25,7009,satisficing,0.25,0.9,0.5158932244021082,0.025700669988420143,5.291666666666667,0.7795833333333334
satisficing-response-0.25,7010,satisficing,0.25,0.9,0.5279320062352519,0.04736955224654644,5.166666666666667,0.7889583333333333
satisficing-response-0.25,7011,satisficing,0.25,0.9,0.5830657767601322,0.04408390639737253,5.291666666666667,0.8435416666666667
reinforcement-response-0.0,7000,reinforcement,0.0,0.9,0.7284434465092171,0.03427635744239858,5.416666666666667,0.9406250000000002
reinforcement-response-0.0,7001,reinforcement,0.0,0.9,0.6140119969962848,0.027971632958979538,5.333333333333333,0.8704166666666667
reinforcement-response-0.0,7002,reinforcement,0.0,0.9,0.6671663528003754,0.02613914377609909,5.25,0.8720833333333333
reinforcement-response-0.0,7003,reinforcement,0.0,0.9,0.5882576810238482,0.0220881298438145,5.291666666666667,0.9050000000000001
reinforcement-response-0.0,7004,reinforcement,0.0,0.9,0.5890071532196448,0.043535812858217664,5.333333333333333,0.8897916666666666
reinforcement-response-0.0,7005,reinforcement,0.0,0.9,0.5479687432721517,0.02985656512637466,5.333333333333333,0.8758333333333335
reinforcement-response-0.0,7006,reinforcement,0.0,0.9,0.5742297988731517,0.04863762757281277,5.375,0.8877083333333333
reinforcement-response-0.0,7007,reinforcement,0.0,0.9,0.6344644749992546,0.026479465854262113,5.375,0.9364583333333334
reinforcement-response-0.0,7008,reinforcement,0.0,0.9,0.6489190052848153,0.032110834669236366,5.375,0.9022916666666667
reinforcement-response-0.0,7009,reinforcement,0.0,0.9,0.6095860089227368,0.021881558448055314,5.333333333333333,0.8833333333333334
reinforcement-response-0.0,7010,reinforcement,0.0,0.9,0.6369403800707661,0.04204372215247641,5.416666666666667,0.9054166666666666
reinforcement-response-0.0,7011,reinforcement,0.0,0.9,0.6417261738611076,0.04606199177982547,5.458333333333333,0.9245833333333334
reinforcement-response-0.25,7000,reinforcement,0.25,0.9,0.5476306217143824,0.044547822382693045,5.083333333333333,0.7872916666666666
reinforcement-response-0.25,7001,reinforcement,0.25,0.9,0.4879413167575671,0.03145062254164526,5.166666666666667,0.7452083333333333
reinforcement-response-0.25,7002,reinforcement,0.25,0.9,0.4316115801848601,0.03214637575765271,5.041666666666667,0.6679166666666666
reinforcement-response-0.25,7003,reinforcement,0.25,0.9,0.43867413848460957,0.030934108968654058,5.083333333333333,0.7477083333333333
reinforcement-response-0.25,7004,reinforcement,0.25,0.9,0.38679968244024365,0.07036300195999326,4.958333333333333,0.6808333333333332
reinforcement-response-0.25,7005,reinforcement,0.25,0.9,0.35225856477410245,0.040318200022377924,4.958333333333333,0.6408333333333333
reinforcement-response-0.25,7006,reinforcement,0.25,0.9,0.40600472920368963,0.059364004345362355,5.041666666666667,0.7179166666666666
reinforcement-response-0.25,7007,reinforcement,0.25,0.9,0.5058751214304855,0.05034456660755228,5.041666666666667,0.8129166666666666
reinforcement-response-0.25,7008,reinforcement,0.25,0.9,0.45547160193895814,0.03185734967955453,4.916666666666667,0.6802083333333332
reinforcement-response-0.25,7009,reinforcement,0.25,0.9,0.42598117291684806,0.027237172730111992,5.041666666666667,0.6985416666666665
reinforcement-response-0.25,7010,reinforcement,0.25,0.9,0.44841735523169113,0.04773604084300893,5.0,0.6779166666666665
reinforcement-response-0.25,7011,reinforcement,0.25,0.9,0.5346575214977884,0.04606199177982547,5.333333333333333,0.82125
