case,candidate,distance,behavior_rule,autonomy_response,review_capacity_per_member_day
linear_response-response-0.0,4,0.2323497792194786,linear_response,0.25,0.9
linear_response-response-0.0,1,0.256780820978555,linear_response,0.0,0.9
linear_response-response-0.0,7,1.863601030250617,linear_response,0.5,0.9
linear_response-response-0.0,16,2.2540199080975807,satisficing,0.5,0.9
linear_response-response-0.0,13,3.1881366691092237,satisficing,0.25,0.9
linear_response-response-0.0,19,3.30593731383144,reinforcement,0.0,0.9
linear_response-response-0.0,10,4.282119985486843,satisficing,0.0,0.9
linear_response-response-0.0,22,26.920519148445404,reinforcement,0.25,0.9
linear_response-response-0.0,25,77.47002348982032,reinforcement,0.5,0.9
linear_response-response-0.0,20,1309.6151707175018,reinforcement,0.0,1.2
linear_response-response-0.0,2,1333.1646803747929,linear_response,0.0,1.2
linear_response-response-0.0,5,1348.342861339618,linear_response,0.25,1.2
linear_response-response-0.0,8,1357.5050401312844,linear_response,0.5,1.2
linear_response-response-0.0,17,1371.8597491405135,satisficing,0.5,1.2
linear_response-response-0.0,14,1376.095787784282,satisficing,0.25,1.2
linear_response-response-0.0,11,1392.3112118691354,satisficing,0.0,1.2
linear_response-response-0.0,23,1481.4862078179679,reinforcement,0.25,1.2
linear_response-response-0.0,26,1664.4304410136185,reinforcement,0.5,1.2
linear_response-response-0.0,24,11083.156415287314,reinforcement,0.5,0.6
linear_response-response-0.0,21,11172.824778867332,reinforcement,0.25,0.6
linear_response-response-0.0,15,11211.065831988093,satisficing,0.5,0.6
linear_response-response-0.0,12,11211.206855602803,satisficing,0.25,0.6
linear_response-response-0.0,9,11211.412788208254,satisficing,0.0,0.6
linear_response-response-0.0,6,11316.560765951002,linear_response,0.5,0.6
linear_response-response-0.0,3,11347.199931078232,linear_response,0.25,0.6
linear_response-response-0.0,0,11357.501764814308,linear_response,0.0,0.6
linear_response-response-0.0,18,11380.441814912569,reinforcement,0.0,0.6
linear_response-response-0.25,7,0.4314549894152668,linear_response,0.5,0.9
linear_response-response-0.25,4,0.4947398903792573,linear_response,0.25,0.9
linear_response-response-0.25,16,0.7773156335065132,satisficing,0.5,0.9
linear_response-response-0.25,1,0.9333269084209933,linear_response,0.0,0.9
linear_response-response-0.25,13,1.3424618009148703,satisficing,0.25,0.9
linear_response-response-0.25,10,1.898787884325193,satisficing,0.0,0.9
linear_response-response-0.25,19,5.071826587602254,reinforcement,0.0,0.9
linear_response-response-0.25,22,17.642426424509917,reinforcement,0.25,0.9
linear_response-response-0.25,25,56.690338210324775,reinforcement,0.5,0.9
linear_response-response-0.25,20,1284.8293978070992,reinforcement,0.0,1.2
linear_response-response-0.25,2,1307.1072080460824,linear_response,0.0,1.2
linear_response-response-0.25,5,1321.7916905268112,linear_response,0.25,1.2
linear_response-response-0.25,8,1329.6326429671044,linear_response,0.5,1.2
linear_response-response-0.25,17,1344.9214419583116,satisficing,0.5,1.2
linear_response-response-0.25,14,1348.923009196196,satisficing,0.25,1.2
linear_response-response-0.25,11,1364.4007423617445,satisficing,0.0,1.2
linear_response-response-0.25,23,1444.3689274708756,reinforcement,0.25,1.2
linear_response-response-0.25,26,1613.0304377887683,reinforcement,0.5,1.2
linear_response-response-0.25,24,11149.139554472242,reinforcement,0.5,0.6
linear_response-response-0.25,21,11243.911932608213,reinforcement,0.25,0.6
linear_response-response-0.25,15,11284.326513224554,satisficing,0.5,0.6
linear_response-response-0.25,12,11284.419571299346,satisficing,0.25,0.6
linear_response-response-0.25,9,11284.606923513158,satisficing,0.0,0.6
linear_response-response-0.25,6,11391.569868457165,linear_response,0.5,0.6
linear_response-response-0.25,3,11423.604294152858,linear_response,0.25,0.6
linear_response-response-0.25,0,11434.633338715934,linear_response,0.0,0.6
linear_response-response-0.25,18,11458.665784358538,reinforcement,0.0,0.6
satisficing-response-0.0,10,0.7153306577815908,satisficing,0.0,0.9
satisficing-response-0.0,13,1.094239174466267,satisficing,0.25,0.9
satisficing-response-0.0,16,1.320654207707978,satisficing,0.5,0.9
satisficing-response-0.0,7,1.8882870628398905,linear_response,0.5,0.9
satisficing-response-0.0,22,2.177757747961592,reinforcement,0.25,0.9
satisficing-response-0.0,4,5.306556004789345,linear_response,0.25,0.9
satisficing-response-0.0,1,5.925666446966663,linear_response,0.0,0.9
satisficing-response-0.0,19,10.927264937579741,reinforcement,0.0,0.9
satisficing-response-0.0,25,15.062131051840643,reinforcement,0.5,0.9
satisficing-response-0.0,20,1191.9167879858533,reinforcement,0.0,1.2
satisficing-response-0.0,2,1213.255397585298,linear_response,0.0,1.2
satisficing-response-0.0,5,1227.0863351814944,linear_response,0.25,1.2
satisficing-response-0.0,8,1232.8829842252885,linear_response,0.5,1.2
satisficing-response-0.0,17,1248.747885975665,satisficing,0.5,1.2
satisficing-response-0.0,14,1252.2061403015452,satisficing,0.25,1.2
satisficing-response-0.0,11,1266.4361315381184,satisficing,0.0,1.2
satisficing-response-0.0,23,1328.3020335030742,reinforcement,0.25,1.2
satisficing-response-0.0,26,1464.7704146160522,reinforcement,0.5,1.2
satisficing-response-0.0,24,11417.115879672967,reinforcement,0.5,0.6
satisficing-response-0.0,21,11523.875314866676,reinforcement,0.25,0.6
satisficing-response-0.0,12,11568.96353269849,satisficing,0.25,0.6
satisficing-response-0.0,15,11569.066293443137,satisficing,0.5,0.6
satisficing-response-0.0,9,11569.317409474732,satisficing,0.0,0.6
satisficing-response-0.0,6,11679.862867257276,linear_response,0.5,0.6
satisficing-response-0.0,3,11714.172994144032,linear_response,0.25,0.6
satisficing-response-0.0,0,11726.049252656894,linear_response,0.0,0.6
satisficing-response-0.0,18,11750.63610991125,reinforcement,0.0,0.6
satisficing-response-0.25,10,0.25932607599013774,satisficing,0.0,0.9
satisficing-response-0.25,13,0.4902098331294497,satisficing,0.25,0.9
satisficing-response-0.25,16,0.6385622423402394,satisficing,0.5,0.9
satisficing-response-0.25,7,0.9850483873851406,linear_response,0.5,0.9
satisficing-response-0.25,22,3.1648753857164102,reinforcement,0.25,0.9
satisficing-response-0.25,4,3.7355967375869135,linear_response,0.25,0.9
satisficing-response-0.25,1,4.3108940714593595,linear_response,0.0,0.9
satisficing-response-0.25,19,8.758498766709035,reinforcement,0.0,0.9
satisficing-response-0.25,25,18.039931796592125,reinforcement,0.5,0.9
satisficing-response-0.25,20,1216.3645333175568,reinforcement,0.0,1.2
satisficing-response-0.25,2,1238.2320573408338,linear_response,0.0,1.2
satisficing-response-0.25,5,1252.3151364566177,linear_response,0.25,1.2
satisficing-response-0.25,8,1258.4069043411203,linear_response,0.5,1.2
satisficing-response-0.25,17,1274.1502048593684,satisficing,0.5,1.2
satisficing-response-0.25,14,1277.6726871238027,satisficing,0.25,1.2
satisficing-response-0.25,11,1292.1398074049152,satisficing,0.0,1.2
satisficing-response-0.25,23,1355.6820451532012,reinforcement,0.25,1.2
satisficing-response-0.25,26,1494.7011310619266,reinforcement,0.5,1.2
satisficing-response-0.25,24,11340.116091186253,reinforcement,0.5,0.6
satisficing-response-0.25,21,11446.089411512836,reinforcement,0.25,0.6
satisficing-response-0.25,12,11490.693548878116,satisficing,0.25,0.6
satisficing-response-0.25,15,11490.760043923974,satisficing,0.5,0.6
satisficing-response-0.25,9,11490.979435968495,satisficing,0.0,0.6
satisficing-response-0.25,6,11601.123883695842,linear_response,0.5,0.6
satisficing-response-0.25,3,11635.115488119633,linear_response,0.25,0.6
satisficing-response-0.25,0,11646.837948291062,linear_response,0.0,0.6
satisficing-response-0.25,18,11671.069677436606,reinforcement,0.0,0.6
reinforcement-response-0.0,19,0.5877315021581007,reinforcement,0.0,0.9
reinforcement-response-0.0,1,0.9967656599084207,linear_response,0.0,0.9
reinforcement-response-0.0,4,1.9928270493322708,linear_response,0.25,0.9
reinforcement-response-0.0,7,7.833321761435215,linear_response,0.5,0.9
reinforcement-response-0.0,16,8.140857351546888,satisficing,0.5,0.9
reinforcement-response-0.0,13,10.030252609957063,satisficing,0.25,0.9
reinforcement-response-0.0,10,12.296893496551409,satisficing,0.0,0.9
reinforcement-response-0.0,22,49.1760221761404,reinforcement,0.25,0.9
reinforcement-response-0.0,25,120.36800472700091,reinforcement,0.5,0.9
reinforcement-response-0.0,20,1329.6613054814945,reinforcement,0.0,1.2
reinforcement-response-0.0,2,1357.2240933056262,linear_response,0.0,1.2
reinforcement-response-0.0,5,1373.507950815246,linear_response,0.25,1.2
reinforcement-response-0.0,8,1386.3431454740412,linear_response,0.5,1.2
reinforcement-response-0.0,17,1398.372091847014,satisficing,0.5,1.2
reinforcement-response-0.0,14,1403.3389697745188,satisficing,0.25,1.2
reinforcement-response-0.0,11,1421.1995813558442,satisficing,0.0,1.2
reinforcement-response-0.0,23,1529.7703469502596,reinforcement,0.25,1.2
reinforcement-response-0.0,26,1738.2555673700024,reinforcement,0.5,1.2
reinforcement-response-0.0,24,11042.966291806939,reinforcement,0.5,0.6
reinforcement-response-0.0,21,11123.727820270535,reinforcement,0.25,0.6
reinforcement-response-0.0,15,11156.471790385467,satisficing,0.5,0.6
reinforcement-response-0.0,12,11156.713178575314,satisficing,0.25,0.6
reinforcement-response-0.0,9,11156.943189797747,satisficing,0.0,0.6
reinforcement-response-0.0,6,11260.058445249664,linear_response,0.5,0.6
reinforcement-response-0.0,3,11287.708208618866,linear_response,0.25,0.6
reinforcement-response-0.0,0,11296.37662917575,linear_response,0.0,0.6
reinforcement-response-0.0,18,11316.803402489752,reinforcement,0.0,0.6
reinforcement-response-0.25,22,0.3339865354954025,reinforcement,0.25,0.9
reinforcement-response-0.25,25,4.2829590404170945,reinforcement,0.5,0.9
reinforcement-response-0.25,10,6.47552437952329,satisficing,0.0,0.9
reinforcement-response-0.25,13,7.766962250815349,satisficing,0.25,0.9
reinforcement-response-0.25,16,8.561015296813169,satisficing,0.5,0.9
reinforcement-response-0.25,7,9.264725540671904,linear_response,0.5,0.9
reinforcement-response-0.25,4,15.981835405234238,linear_response,0.25,0.9
reinforcement-response-0.25,1,17.74825038502895,linear_response,0.0,0.9
reinforcement-response-0.25,19,26.207711787133295,reinforcement,0.0,0.9
reinforcement-response-0.25,20,1142.785030398322,reinforcement,0.0,1.2
reinforcement-response-0.25,2,1160.0886493486112,linear_response,0.0,1.2
reinforcement-response-0.25,5,1172.7807678340953,linear_response,0.25,1.2
reinforcement-response-0.25,8,1176.2210185985448,linear_response,0.5,1.2
reinforcement-response-0.25,17,1193.8289284112204,satisficing,0.5,1.2
reinforcement-response-0.25,14,1196.9867085144706,satisficing,0.25,1.2
reinforcement-response-0.25,11,1209.8016152543232,satisficing,0.0,1.2
reinforcement-response-0.25,23,1261.8937959976674,reinforcement,0.25,1.2
reinforcement-response-0.25,26,1388.2211938848982,reinforcement,0.5,1.2
reinforcement-response-0.25,24,11602.343793400563,reinforcement,0.5,0.6
reinforcement-response-0.25,21,11713.965746664857,reinforcement,0.25,0.6
reinforcement-response-0.25,12,11760.311525504112,satisficing,0.25,0.6
reinforcement-response-0.25,15,11760.374807997814,satisficing,0.5,0.6
reinforcement-response-0.25,9,11760.436430300448,satisficing,0.0,0.6
reinforcement-response-0.25,6,11875.070960189038,linear_response,0.5,0.6
reinforcement-response-0.25,3,11911.56789050219,linear_response,0.25,0.6
reinforcement-response-0.25,0,11924.8169016179,linear_response,0.0,0.6
reinforcement-response-0.25,18,11951.962129437416,reinforcement,0.0,0.6
