compiled_kernel_seconds,config_sha256,core_total_wall_seconds,cpu_seconds,days,disk_read_bytes,disk_write_bytes,error,final_state_sha256,guilds,initialization_population_generation_seconds,io_measurement_method,n,network_io_bytes,output_bytes,peak_process_rss_mb,plotting_seconds,provenance_serialization_hash_io_residual_seconds,repeat,run_path,separately_timed_population_generation_seconds,simulation_seconds,sites,source_sha256,statistics_seconds,status,summary_sha256,task,temperature,work_claims_emitted,work_claims_per_simulation_second,wrapper_wall_seconds,spawn_to_exit_wall_seconds,process_startup_gc_monitor_residual_seconds,rss_note,complete_child_sampled_peak_rss_mb,whole_run_provenance_serialization_hash_io_residual_seconds
0,2794965d4b3e59b69e6cb255611841225131ebdf213c5bd8fdddd214f92d1151,1.2029479160000847,1.180423,30,0,1552384,,a97b64755bdd03966047dfd6f299d104dd0f49944bfc876eb41bc386d8ea9936,10,0.015053666999847337,macOS proc_pid_rusage RUSAGE_INFO_V2,1000,0,1530830,41.40625,0.000670208999508759,0.06048495600134629,0,evidence/benchmarks/20261007T143303-cpu-benchmark-6ad2db33c118/single-n1000-t30-r0/run-0,,1.1263722919993597,2,3d67a62e6eb2c78b4ac28aec497c7b5e43390d476cb8196309da0a9b9f644b90,0.0003667920000225422,complete,7e87673d67490f7353804bb12ad0f348a47a62cf24920d7616c634c922ceb5a1,single-n1000-t30-r0,fresh_interpreter,30000,26634.177894014683,1.2060303340003884,2.5449682920007035,0.14512804100013454,"CLI OS process high-water read before final output hashes; warm repeat inherits earlier high-water and allocator state. Whole-child guardian peak samples the complete child, including both fresh models.",42.34375,0.06356737400165002
0,2794965d4b3e59b69e6cb255611841225131ebdf213c5bd8fdddd214f92d1151,1.1915012090003074,1.172947,30,0,1552384,,a97b64755bdd03966047dfd6f299d104dd0f49944bfc876eb41bc386d8ea9936,10,0.01440191700021387,macOS proc_pid_rusage RUSAGE_INFO_V2,1000,0,1530842,43.390625,0.00044299999990471406,0.04764862600040942,1,evidence/benchmarks/20261007T143303-cpu-benchmark-6ad2db33c118/single-n1000-t30-r0/run-1,,1.1286635830001615,2,3d67a62e6eb2c78b4ac28aec497c7b5e43390d476cb8196309da0a9b9f644b90,0.0003440829996179673,complete,7e87673d67490f7353804bb12ad0f348a47a62cf24920d7616c634c922ceb5a1,single-n1000-t30-r0,same_interpreter_fresh_model,30000,26580.108060415474,1.1938099170001806,2.5449682920007035,0.14512804100013454,"CLI OS process high-water read before final output hashes; warm repeat inherits earlier high-water and allocator state. Whole-child guardian peak samples the complete child, including both fresh models.",42.34375,0.04995733400028257
0,2794965d4b3e59b69e6cb255611841225131ebdf213c5bd8fdddd214f92d1151,1.2075968750004904,1.184838,30,0,1552384,,a97b64755bdd03966047dfd6f299d104dd0f49944bfc876eb41bc386d8ea9936,10,0.014743166999323876,macOS proc_pid_rusage RUSAGE_INFO_V2,1000,0,1530831,41.65625,0.0007166670002334286,0.06081616600113193,0,evidence/benchmarks/20261007T143303-cpu-benchmark-6ad2db33c118/single-n1000-t30-r1/run-0,,1.1309838329998456,2,3d67a62e6eb2c78b4ac28aec497c7b5e43390d476cb8196309da0a9b9f644b90,0.0003370419999555452,complete,7e87673d67490f7353804bb12ad0f348a47a62cf24920d7616c634c922ceb5a1,single-n1000-t30-r1,fresh_interpreter,30000,26525.578107007383,1.2106282499998997,2.5435557090004295,0.13327633400058403,"CLI OS process high-water read before final output hashes; warm repeat inherits earlier high-water and allocator state. Whole-child guardian peak samples the complete child, including both fresh models.",42.078125,0.06384754100054124
0,2794965d4b3e59b69e6cb255611841225131ebdf213c5bd8fdddd214f92d1151,1.1965851249997286,1.181915,30,0,1552384,,a97b64755bdd03966047dfd6f299d104dd0f49944bfc876eb41bc386d8ea9936,10,0.014738625000063621,macOS proc_pid_rusage RUSAGE_INFO_V2,1000,0,1530832,43.078125,0.0007985829997778637,0.0508524180004315,1,evidence/benchmarks/20261007T143303-cpu-benchmark-6ad2db33c118/single-n1000-t30-r1/run-1,,1.129860665999331,2,3d67a62e6eb2c78b4ac28aec497c7b5e43390d476cb8196309da0a9b9f644b90,0.00033483300012449035,complete,7e87673d67490f7353804bb12ad0f348a47a62cf24920d7616c634c922ceb5a1,single-n1000-t30-r1,same_interpreter_fresh_model,30000,26551.946538882134,1.1996511249999458,2.5435557090004295,0.13327633400058403,"CLI OS process high-water read before final output hashes; warm repeat inherits earlier high-water and allocator state. Whole-child guardian peak samples the complete child, including both fresh models.",42.078125,0.05391841800064867
0,2794965d4b3e59b69e6cb255611841225131ebdf213c5bd8fdddd214f92d1151,1.2286413330002688,1.204044,30,0,1552384,,a97b64755bdd03966047dfd6f299d104dd0f49944bfc876eb41bc386d8ea9936,10,0.014943790999495832,macOS proc_pid_rusage RUSAGE_INFO_V2,1000,0,1530841,42.9375,0.0006715409999742405,0.06520020900097734,0,evidence/benchmarks/20261007T143303-cpu-benchmark-6ad2db33c118/single-n1000-t30-r2/run-0,,1.1474844169997596,2,3d67a62e6eb2c78b4ac28aec497c7b5e43390d476cb8196309da0a9b9f644b90,0.00034137500006181654,complete,7e87673d67490f7353804bb12ad0f348a47a62cf24920d7616c634c922ceb5a1,single-n1000-t30-r2,fresh_interpreter,30000,26144.145886040635,1.2338229999995747,2.473773708000408,0.08830925000165735,"CLI OS process high-water read before final output hashes; warm repeat inherits earlier high-water and allocator state. Whole-child guardian peak samples the complete child, including both fresh models.",42.0,0.07038187600028323
0,2794965d4b3e59b69e6cb255611841225131ebdf213c5bd8fdddd214f92d1151,1.1493707089994132,1.126792,30,0,1552384,,a97b64755bdd03966047dfd6f299d104dd0f49944bfc876eb41bc386d8ea9936,10,0.014919083000677347,macOS proc_pid_rusage RUSAGE_INFO_V2,1000,0,1530832,43.828125,0.0005701670006601489,0.05833066799732478,1,evidence/benchmarks/20261007T143303-cpu-benchmark-6ad2db33c118/single-n1000-t30-r2/run-1,,1.0752207909999925,2,3d67a62e6eb2c78b4ac28aec497c7b5e43390d476cb8196309da0a9b9f644b90,0.0003300000007584458,complete,7e87673d67490f7353804bb12ad0f348a47a62cf24920d7616c634c922ceb5a1,single-n1000-t30-r2,same_interpreter_fresh_model,30000,27901.24619158356,1.151641457999176,2.473773708000408,0.08830925000165735,"CLI OS process high-water read before final output hashes; warm repeat inherits earlier high-water and allocator state. Whole-child guardian peak samples the complete child, including both fresh models.",42.0,0.060601416997087654
0,99c822f04ef5bddab01d3ab337bb691128bdc4bc93c2186453a0f004739c4e67,12.192897500000072,12.158354999999998,30,0,15622144,,8aaed306fadbff8a0d917f8d2d6526a89405df430f1083ff9367ece95a332ba2,100,0.14100254100048915,macOS proc_pid_rusage RUSAGE_INFO_V2,10000,0,15602929,132.859375,0.0009277500003008754,0.3723227919990677,0,evidence/benchmarks/20261007T143303-cpu-benchmark-6ad2db33c118/single-n10000-t30-r0/run-0,,11.675454582999919,8,3d67a62e6eb2c78b4ac28aec497c7b5e43390d476cb8196309da0a9b9f644b90,0.0031898340002953773,complete,cf10cf9c3447f9c673371f5188162ceead42e45952bdc277a90ac7eeda3cb3e6,single-n10000-t30-r0,fresh_interpreter,300000,25694.93100823808,12.219644957999662,24.588191124999867,0.12019599999985076,"CLI OS process high-water read before final output hashes; warm repeat inherits earlier high-water and allocator state. Whole-child guardian peak samples the complete child, including both fresh models.",149.296875,0.39907024999865826
0,99c822f04ef5bddab01d3ab337bb691128bdc4bc93c2186453a0f004739c4e67,12.223474499999611,12.182868,30,0,15622144,,8aaed306fadbff8a0d917f8d2d6526a89405df430f1083ff9367ece95a332ba2,100,0.1459143749998475,macOS proc_pid_rusage RUSAGE_INFO_V2,10000,0,15602936,155.296875,0.0006682079992970102,0.3545341680001002,1,evidence/benchmarks/20261007T143303-cpu-benchmark-6ad2db33c118/single-n10000-t30-r0/run-1,,11.71912945800068,8,3d67a62e6eb2c78b4ac28aec497c7b5e43390d476cb8196309da0a9b9f644b90,0.0032282909996865783,complete,cf10cf9c3447f9c673371f5188162ceead42e45952bdc277a90ac7eeda3cb3e6,single-n10000-t30-r0,same_interpreter_fresh_model,300000,25599.171088189425,12.248350167000353,24.588191124999867,0.12019599999985076,"CLI OS process high-water read before final output hashes; warm repeat inherits earlier high-water and allocator state. Whole-child guardian peak samples the complete child, including both fresh models.",149.296875,0.3794098350008426
0,99c822f04ef5bddab01d3ab337bb691128bdc4bc93c2186453a0f004739c4e67,11.551411790999737,11.545283999999999,30,0,15622144,,8aaed306fadbff8a0d917f8d2d6526a89405df430f1083ff9367ece95a332ba2,100,0.14251612499992916,macOS proc_pid_rusage RUSAGE_INFO_V2,10000,0,15602935,133.625,0.0006405000003724126,0.3573554149998017,0,evidence/benchmarks/20261007T143303-cpu-benchmark-6ad2db33c118/single-n10000-t30-r1/run-0,,11.047589333999895,8,3d67a62e6eb2c78b4ac28aec497c7b5e43390d476cb8196309da0a9b9f644b90,0.0033104169997386634,complete,cf10cf9c3447f9c673371f5188162ceead42e45952bdc277a90ac7eeda3cb3e6,single-n10000-t30-r1,fresh_interpreter,300000,27155.245450401068,11.575642333999895,23.491477000000486,0.12662899900078628,"CLI OS process high-water read before final output hashes; warm repeat inherits earlier high-water and allocator state. Whole-child guardian peak samples the complete child, including both fresh models.",148.6875,0.38158595799995965
0,99c822f04ef5bddab01d3ab337bb691128bdc4bc93c2186453a0f004739c4e67,11.766645291999339,11.765773000000001,30,0,15622144,,8aaed306fadbff8a0d917f8d2d6526a89405df430f1083ff9367ece95a332ba2,100,0.14159333300085564,macOS proc_pid_rusage RUSAGE_INFO_V2,10000,0,15602936,154.6875,0.0007223749998956919,0.354784874998586,1,evidence/benchmarks/20261007T143303-cpu-benchmark-6ad2db33c118/single-n10000-t30-r1/run-1,,11.266220874999817,8,3d67a62e6eb2c78b4ac28aec497c7b5e43390d476cb8196309da0a9b9f644b90,0.0033238340001844335,complete,cf10cf9c3447f9c673371f5188162ceead42e45952bdc277a90ac7eeda3cb3e6,single-n10000-t30-r1,same_interpreter_fresh_model,300000,26628.272543964737,11.789205666999806,23.491477000000486,0.12662899900078628,"CLI OS process high-water read before final output hashes; warm repeat inherits earlier high-water and allocator state. Whole-child guardian peak samples the complete child, including both fresh models.",148.6875,0.3773452499990526
0,99c822f04ef5bddab01d3ab337bb691128bdc4bc93c2186453a0f004739c4e67,11.708730040999399,11.705264999999999,30,0,15622144,,8aaed306fadbff8a0d917f8d2d6526a89405df430f1083ff9367ece95a332ba2,100,0.14203625000027387,macOS proc_pid_rusage RUSAGE_INFO_V2,10000,0,15602926,136.15625,0.000727458000255865,0.3575862079997023,0,evidence/benchmarks/20261007T143303-cpu-benchmark-6ad2db33c118/single-n10000-t30-r2/run-0,,11.205143124999267,8,3d67a62e6eb2c78b4ac28aec497c7b5e43390d476cb8196309da0a9b9f644b90,0.003236999999899126,complete,cf10cf9c3447f9c673371f5188162ceead42e45952bdc277a90ac7eeda3cb3e6,single-n10000-t30-r2,fresh_interpreter,300000,26773.419728185723,11.73289591699995,23.48778987500009,0.12425820800035581,"CLI OS process high-water read before final output hashes; warm repeat inherits earlier high-water and allocator state. Whole-child guardian peak samples the complete child, including both fresh models.",152.75,0.3817520840002544
0,99c822f04ef5bddab01d3ab337bb691128bdc4bc93c2186453a0f004739c4e67,11.60561775000042,11.606112,30,0,15622144,,8aaed306fadbff8a0d917f8d2d6526a89405df430f1083ff9367ece95a332ba2,100,0.14303504100007558,macOS proc_pid_rusage RUSAGE_INFO_V2,10000,0,15602933,158.75,0.0008139579995258828,0.3351804590001848,1,evidence/benchmarks/20261007T143303-cpu-benchmark-6ad2db33c118/single-n10000-t30-r2/run-1,,11.123303416999988,8,3d67a62e6eb2c78b4ac28aec497c7b5e43390d476cb8196309da0a9b9f644b90,0.0032848750006451155,complete,cf10cf9c3447f9c673371f5188162ceead42e45952bdc277a90ac7eeda3cb3e6,single-n10000-t30-r2,same_interpreter_fresh_model,300000,26970.40517131839,11.630635749999783,23.48778987500009,0.12425820800035581,"CLI OS process high-water read before final output hashes; warm repeat inherits earlier high-water and allocator state. Whole-child guardian peak samples the complete child, including both fresh models.",152.75,0.36019845899954817
0,349098037f2f1fb32331ebcc7bb5341003ce7b3cd0bb9aac47a3f28dea3af93e,14.432671458999721,14.497353,3,106496,73629696,,a1dcfe3085feb5c9e9b4d1f59aeae1d9fb4e33732582b2694145bac30560beed,1000,1.4520111249994443,macOS proc_pid_rusage RUSAGE_INFO_V2,100000,0,73611013,446.78125,0.0007488339997507865,1.8950832490008906,0,evidence/benchmarks/20261007T143303-cpu-benchmark-6ad2db33c118/single-n100000-t3-r0/run-0,,11.084060958999544,8,3d67a62e6eb2c78b4ac28aec497c7b5e43390d476cb8196309da0a9b9f644b90,0.0007672920000914019,complete,04fe293e21cc423f19d4a1c7b73c7334004f9806da3b20a12cd23c027ae7ee7b,single-n100000-t3-r0,fresh_interpreter,300000,27065.892285301743,14.536973541999942,29.61266287499984,0.17495112500000687,"CLI OS process high-water read before final output hashes; warm repeat inherits earlier high-water and allocator state. Whole-child guardian peak samples the complete child, including both fresh models.",513.9375,1.9993853320011112
0,349098037f2f1fb32331ebcc7bb5341003ce7b3cd0bb9aac47a3f28dea3af93e,14.796799125000689,14.791897,3,446464,73629696,,a1dcfe3085feb5c9e9b4d1f59aeae1d9fb4e33732582b2694145bac30560beed,1000,1.501283040999624,macOS proc_pid_rusage RUSAGE_INFO_V2,100000,0,73611012,514.34375,0.0008620420003353502,1.9157629170013024,1,evidence/benchmarks/20261007T143303-cpu-benchmark-6ad2db33c118/single-n100000-t3-r0/run-1,,11.378175874999215,8,3d67a62e6eb2c78b4ac28aec497c7b5e43390d476cb8196309da0a9b9f644b90,0.0007152500002121087,complete,04fe293e21cc423f19d4a1c7b73c7334004f9806da3b20a12cd23c027ae7ee7b,single-n100000-t3-r0,same_interpreter_fresh_model,300000,26366.264970396292,14.900738207999893,29.61266287499984,0.17495112500000687,"CLI OS process high-water read before final output hashes; warm repeat inherits earlier high-water and allocator state. Whole-child guardian peak samples the complete child, including both fresh models.",513.9375,2.019702000000507
0,349098037f2f1fb32331ebcc7bb5341003ce7b3cd0bb9aac47a3f28dea3af93e,14.771097833000567,14.693006,3,737280,73629696,,a1dcfe3085feb5c9e9b4d1f59aeae1d9fb4e33732582b2694145bac30560beed,1000,1.5124745419998362,macOS proc_pid_rusage RUSAGE_INFO_V2,100000,0,73611024,448.265625,0.0008295839998027077,2.0041157900013786,0,evidence/benchmarks/20261007T143303-cpu-benchmark-6ad2db33c118/single-n100000-t3-r1/run-0,,11.252118792000147,8,3d67a62e6eb2c78b4ac28aec497c7b5e43390d476cb8196309da0a9b9f644b90,0.0015591249994031386,complete,04fe293e21cc423f19d4a1c7b73c7334004f9806da3b20a12cd23c027ae7ee7b,single-n100000-t3-r1,fresh_interpreter,300000,26661.64529059978,14.8734786670002,29.818381124999178,0.23049820799860754,"CLI OS process high-water read before final output hashes; warm repeat inherits earlier high-water and allocator state. Whole-child guardian peak samples the complete child, including both fresh models.",529.78125,2.106496624001011
0,349098037f2f1fb32331ebcc7bb5341003ce7b3cd0bb9aac47a3f28dea3af93e,14.605524707999393,14.575012000000001,3,81920,73629696,,a1dcfe3085feb5c9e9b4d1f59aeae1d9fb4e33732582b2694145bac30560beed,1000,1.5231337080003868,macOS proc_pid_rusage RUSAGE_INFO_V2,100000,0,73611014,529.78125,0.0010239579996778048,1.894992084999103,1,evidence/benchmarks/20261007T143303-cpu-benchmark-6ad2db33c118/single-n100000-t3-r1/run-1,,11.185608415999923,8,3d67a62e6eb2c78b4ac28aec497c7b5e43390d476cb8196309da0a9b9f644b90,0.0007665410003028228,complete,04fe293e21cc423f19d4a1c7b73c7334004f9806da3b20a12cd23c027ae7ee7b,single-n100000-t3-r1,same_interpreter_fresh_model,300000,26820.17721726064,14.71440425000037,29.818381124999178,0.23049820799860754,"CLI OS process high-water read before final output hashes; warm repeat inherits earlier high-water and allocator state. Whole-child guardian peak samples the complete child, including both fresh models.",529.78125,2.0038716270000805
0,349098037f2f1fb32331ebcc7bb5341003ce7b3cd0bb9aac47a3f28dea3af93e,14.744619000000057,14.750043,3,61440,73629696,,a1dcfe3085feb5c9e9b4d1f59aeae1d9fb4e33732582b2694145bac30560beed,1000,1.5072732919998089,macOS proc_pid_rusage RUSAGE_INFO_V2,100000,0,73611014,460.390625,0.000880791999406938,1.8351113329999862,0,evidence/benchmarks/20261007T143303-cpu-benchmark-6ad2db33c118/single-n100000-t3-r2/run-0,,11.400628125000367,8,3d67a62e6eb2c78b4ac28aec497c7b5e43390d476cb8196309da0a9b9f644b90,0.0007254580004882882,complete,04fe293e21cc423f19d4a1c7b73c7334004f9806da3b20a12cd23c027ae7ee7b,single-n100000-t3-r2,fresh_interpreter,300000,26314.339588196184,14.851785791999646,29.62416558299992,0.22543058300016128,"CLI OS process high-water read before final output hashes; warm repeat inherits earlier high-water and allocator state. Whole-child guardian peak samples the complete child, including both fresh models.",542.171875,1.942278124999575
0,349098037f2f1fb32331ebcc7bb5341003ce7b3cd0bb9aac47a3f28dea3af93e,14.444553459000417,14.496413,3,0,73629696,,a1dcfe3085feb5c9e9b4d1f59aeae1d9fb4e33732582b2694145bac30560beed,1000,1.5484457909997218,macOS proc_pid_rusage RUSAGE_INFO_V2,100000,0,73611024,542.171875,0.0008267500006695627,1.8142432929998904,1,evidence/benchmarks/20261007T143303-cpu-benchmark-6ad2db33c118/single-n100000-t3-r2/run-1,,11.080341625000074,8,3d67a62e6eb2c78b4ac28aec497c7b5e43390d476cb8196309da0a9b9f644b90,0.0006960000000617583,complete,04fe293e21cc423f19d4a1c7b73c7334004f9806da3b20a12cd23c027ae7ee7b,single-n100000-t3-r2,same_interpreter_fresh_model,300000,27074.977482925577,14.546949208000115,29.62416558299992,0.22543058300016128,"CLI OS process high-water read before final output hashes; warm repeat inherits earlier high-water and allocator state. Whole-child guardian peak samples the complete child, including both fresh models.",542.171875,1.9166390419995878
0,b2f9fa586343baf3201086354caff0e028cef853a708f87321f2488ae946d348,0.3196347909997712,0.289937,60,0,319488,,e2f87a66360463717e78323f5875106667f1dc7e9aca1ec3afc74ba7f9f92e28,4,0.0020026250003866153,macOS proc_pid_rusage RUSAGE_INFO_V2,120,0,300007,31.78125,0.0007208339993667323,0.034405039999910514,0,evidence/benchmarks/20261007T143303-cpu-benchmark-6ad2db33c118/single-n120-t60-r0/run-0,,0.2823990420001792,2,3d67a62e6eb2c78b4ac28aec497c7b5e43390d476cb8196309da0a9b9f644b90,0.00010724999992817175,complete,8a55664f0f645d128d3fe5c0db49ed4897971e38f63dcc1da330d88405388b28,single-n120-t60-r0,fresh_interpreter,7200,25495.837199034944,0.32101145800061204,0.7530272919993877,0.14312845899803506,"CLI OS process high-water read before final output hashes; warm repeat inherits earlier high-water and allocator state. Whole-child guardian peak samples the complete child, including both fresh models.",32.109375,0.03578170700075134
0,b2f9fa586343baf3201086354caff0e028cef853a708f87321f2488ae946d348,0.28747500000008586,0.272826,60,0,319488,,e2f87a66360463717e78323f5875106667f1dc7e9aca1ec3afc74ba7f9f92e28,4,0.0018524580000303104,macOS proc_pid_rusage RUSAGE_INFO_V2,120,0,300007,32.109375,0.0008210410005631275,0.02305762599917216,1,evidence/benchmarks/20261007T143303-cpu-benchmark-6ad2db33c118/single-n120-t60-r0/run-1,,0.2616372499996942,2,3d67a62e6eb2c78b4ac28aec497c7b5e43390d476cb8196309da0a9b9f644b90,0.0001066250006260816,complete,8a55664f0f645d128d3fe5c0db49ed4897971e38f63dcc1da330d88405388b28,single-n120-t60-r0,same_interpreter_fresh_model,7200,27519.017265348935,0.2888873750007406,0.7530272919993877,0.14312845899803506,"CLI OS process high-water read before final output hashes; warm repeat inherits earlier high-water and allocator state. Whole-child guardian peak samples the complete child, including both fresh models.",32.109375,0.02447000099982688
0,b2f9fa586343baf3201086354caff0e028cef853a708f87321f2488ae946d348,0.3116862080005376,0.29051,60,0,319488,,e2f87a66360463717e78323f5875106667f1dc7e9aca1ec3afc74ba7f9f92e28,4,0.0028113329999541747,macOS proc_pid_rusage RUSAGE_INFO_V2,120,0,300005,31.625,0.0005710000004910398,0.03408470900012617,0,evidence/benchmarks/20261007T143303-cpu-benchmark-6ad2db33c118/single-n120-t60-r1/run-0,,0.2741052909996142,2,3d67a62e6eb2c78b4ac28aec497c7b5e43390d476cb8196309da0a9b9f644b90,0.00011387500035198173,complete,8a55664f0f645d128d3fe5c0db49ed4897971e38f63dcc1da330d88405388b28,single-n120-t60-r1,fresh_interpreter,7200,26267.27843794206,0.3131923340006324,0.6988717499998529,0.09270374899915623,"CLI OS process high-water read before final output hashes; warm repeat inherits earlier high-water and allocator state. Whole-child guardian peak samples the complete child, including both fresh models.",31.734375,0.03559083500022098
0,b2f9fa586343baf3201086354caff0e028cef853a708f87321f2488ae946d348,0.2909013339994999,0.27528,60,0,319488,,e2f87a66360463717e78323f5875106667f1dc7e9aca1ec3afc74ba7f9f92e28,4,0.0017217090007761726,macOS proc_pid_rusage RUSAGE_INFO_V2,120,0,300017,32.0625,0.0007800419998602592,0.027255624999270367,1,evidence/benchmarks/20261007T143303-cpu-benchmark-6ad2db33c118/single-n120-t60-r1/run-1,,0.2610326249996433,2,3d67a62e6eb2c78b4ac28aec497c7b5e43390d476cb8196309da0a9b9f644b90,0.00011133299994980916,complete,8a55664f0f645d128d3fe5c0db49ed4897971e38f63dcc1da330d88405388b28,single-n120-t60-r1,same_interpreter_fresh_model,7200,27582.759051707955,0.2929756670000643,0.6988717499998529,0.09270374899915623,"CLI OS process high-water read before final output hashes; warm repeat inherits earlier high-water and allocator state. Whole-child guardian peak samples the complete child, including both fresh models.",31.734375,0.029329957999834733
0,b2f9fa586343baf3201086354caff0e028cef853a708f87321f2488ae946d348,0.31253870799992,0.288684,60,0,319488,,e2f87a66360463717e78323f5875106667f1dc7e9aca1ec3afc74ba7f9f92e28,4,0.0020038749999002903,macOS proc_pid_rusage RUSAGE_INFO_V2,120,0,300005,32.015625,0.0005260830002953298,0.03391870799987373,0,evidence/benchmarks/20261007T143303-cpu-benchmark-6ad2db33c118/single-n120-t60-r2/run-0,,0.2759651249998569,2,3d67a62e6eb2c78b4ac28aec497c7b5e43390d476cb8196309da0a9b9f644b90,0.0001249169999937294,complete,8a55664f0f645d128d3fe5c0db49ed4897971e38f63dcc1da330d88405388b28,single-n120-t60-r2,fresh_interpreter,7200,26090.253252122828,0.3136863749996337,0.7071255410000958,0.08928266600014467,"CLI OS process high-water read before final output hashes; warm repeat inherits earlier high-water and allocator state. Whole-child guardian peak samples the complete child, including both fresh models.",32.171875,0.035066374999587424
0,b2f9fa586343baf3201086354caff0e028cef853a708f87321f2488ae946d348,0.30270054199991137,0.284337,60,0,319488,,e2f87a66360463717e78323f5875106667f1dc7e9aca1ec3afc74ba7f9f92e28,4,0.0019219999994675163,macOS proc_pid_rusage RUSAGE_INFO_V2,120,0,300006,32.1875,0.0007145839999793679,0.02633070900083112,1,evidence/benchmarks/20261007T143303-cpu-benchmark-6ad2db33c118/single-n120-t60-r2/run-1,,0.2736061659998086,2,3d67a62e6eb2c78b4ac28aec497c7b5e43390d476cb8196309da0a9b9f644b90,0.0001270829998247791,complete,8a55664f0f645d128d3fe5c0db49ed4897971e38f63dcc1da330d88405388b28,single-n120-t60-r2,same_interpreter_fresh_model,7200,26315.196419970438,0.30415650000031746,0.7071255410000958,0.08928266600014467,"CLI OS process high-water read before final output hashes; warm repeat inherits earlier high-water and allocator state. Whole-child guardian peak samples the complete child, including both fresh models.",32.171875,0.02778666700123722
0,35231671267271804adb2c09859bf071e0779a938625cf37a88dc3c409db84f1,1.1318576249996113,1.118421,30,0,1544192,,1e277cb16652947f945abfbcd94c70df32442859c6e85728eb9c7af0730a7234,10,0.014772999999877356,macOS proc_pid_rusage RUSAGE_INFO_V2,1000,0,1524893,40.484375,0.0004625410001608543,0.0542710839990832,0,evidence/benchmarks/20261007T143303-cpu-benchmark-6ad2db33c118/strong-r0-w1-world0/run-0,,1.0620263750006416,2,3d67a62e6eb2c78b4ac28aec497c7b5e43390d476cb8196309da0a9b9f644b90,0.00032462499984831084,complete,141c445eb7749254acb370e564614a56cc10cbb9d32e5c1cd397ba28dbe0de09,strong-r0-w1-world0,fresh_interpreter,30000,28247.88602823718,1.1343328330003715,1.2533560840001883,0.11902325099981681,"CLI OS process high-water read before final output hashes; warm repeat inherits earlier high-water and allocator state. Whole-child guardian peak samples the complete child, including both fresh models.",39.484375,0.05674629199984338
0,f46759b45baa11ca65a316972982c2a0c7e83c7fd81f67757d4bb6466da375b9,1.1240418749994205,1.1108239999999998,30,0,1548288,,2ac40da8626cf98ecbc0b34f98e0c2d8e951b1c39e6f9dba9767ce37ea885534,10,0.014540666999891982,macOS proc_pid_rusage RUSAGE_INFO_V2,1000,0,1527507,40.78125,0.0005024579995733802,0.05492733400024008,0,evidence/benchmarks/20261007T143303-cpu-benchmark-6ad2db33c118/strong-r0-w1-world1/run-0,,1.0537155829997573,2,3d67a62e6eb2c78b4ac28aec497c7b5e43390d476cb8196309da0a9b9f644b90,0.0003558329999577836,complete,e21ba617c0f63ee07985685fbb9f12090576403a873133b666eda519eb0e3924,strong-r0-w1-world1,fresh_interpreter,30000,28470.680783323776,1.1266452079998999,1.2489402499995776,0.12229504199967778,"CLI OS process high-water read before final output hashes; warm repeat inherits earlier high-water and allocator state. Whole-child guardian peak samples the complete child, including both fresh models.",39.78125,0.057530667000719404
0,552bd92d9d87fe4b5abb9f506413393966f9c18709859ca4faa662cf2a047a2b,1.1464322080000784,1.132097,30,0,1540096,,f4cc5a2b357dd343e0540413627bc03930d4fbe61527e9f63cbba494fb436ce3,10,0.014807042000029469,macOS proc_pid_rusage RUSAGE_INFO_V2,1000,0,1519984,40.703125,0.00041524999960529385,0.05464404000031209,0,evidence/benchmarks/20261007T143303-cpu-benchmark-6ad2db33c118/strong-r0-w1-world2/run-0,,1.076223791999837,2,3d67a62e6eb2c78b4ac28aec497c7b5e43390d476cb8196309da0a9b9f644b90,0.00034208400029456243,complete,47778ab3e901352a4eb2a6fc8c36cb092c2b5bbe32a1fa5c862a75ef3b9f19c7,strong-r0-w1-world2,fresh_interpreter,30000,27875.24325610202,1.1488626250002199,1.2433782910002265,0.0945156660000066,"CLI OS process high-water read before final output hashes; warm repeat inherits earlier high-water and allocator state. Whole-child guardian peak samples the complete child, including both fresh models.",37.71875,0.05707445700045355
0,aa038bdc5005d306b87849f0e8f9eb63f07b99d89b92ddecbe6180aeec97b069,1.1401297920001525,1.124954,30,4096,1548288,,c1e62d4a0ed278be3d47d2100c888289ab78967bcba2d3fa2fd8bee7e6ab1517,10,0.014455541999268462,macOS proc_pid_rusage RUSAGE_INFO_V2,1000,0,1527464,40.734375,0.00047654199988755863,0.054151875000570726,0,evidence/benchmarks/20261007T143303-cpu-benchmark-6ad2db33c118/strong-r0-w1-world3/run-0,,1.0707224580000911,2,3d67a62e6eb2c78b4ac28aec497c7b5e43390d476cb8196309da0a9b9f644b90,0.00032337500033463584,complete,b36d160cf1c4d29347cdd207daf9199f7839a7dea2550ee5ee73b16814f0aee8,strong-r0-w1-world3,fresh_interpreter,30000,28018.465266932362,1.142539792000207,1.2583213749994684,0.11578158299926145,"CLI OS process high-water read before final output hashes; warm repeat inherits earlier high-water and allocator state. Whole-child guardian peak samples the complete child, including both fresh models.",39.65625,0.05656187500062515
0,35231671267271804adb2c09859bf071e0779a938625cf37a88dc3c409db84f1,1.144502709000335,1.129211,30,0,1544192,,1e277cb16652947f945abfbcd94c70df32442859c6e85728eb9c7af0730a7234,10,0.01447474999986298,macOS proc_pid_rusage RUSAGE_INFO_V2,1000,0,1524881,41.296875,0.0004988749997210107,0.0562870430003386,0,evidence/benchmarks/20261007T143303-cpu-benchmark-6ad2db33c118/strong-r0-w2-world0/run-0,,1.0729095830001825,2,3d67a62e6eb2c78b4ac28aec497c7b5e43390d476cb8196309da0a9b9f644b90,0.00033245800022996264,complete,141c445eb7749254acb370e564614a56cc10cbb9d32e5c1cd397ba28dbe0de09,strong-r0-w2-world0,fresh_interpreter,30000,27961.34965642757,1.146992124999997,1.2549656660003166,0.10797354100031953,"CLI OS process high-water read before final output hashes; warm repeat inherits earlier high-water and allocator state. Whole-child guardian peak samples the complete child, including both fresh models.",38.609375,0.058776459000000614
0,f46759b45baa11ca65a316972982c2a0c7e83c7fd81f67757d4bb6466da375b9,1.1562821249999615,1.1419460000000001,30,0,1548288,,2ac40da8626cf98ecbc0b34f98e0c2d8e951b1c39e6f9dba9767ce37ea885534,10,0.014327124999908847,macOS proc_pid_rusage RUSAGE_INFO_V2,1000,0,1527496,41.3125,0.0005708750004487229,0.055127166999227484,0,evidence/benchmarks/20261007T143303-cpu-benchmark-6ad2db33c118/strong-r0-w2-world1/run-0,,1.0859312080001473,2,3d67a62e6eb2c78b4ac28aec497c7b5e43390d476cb8196309da0a9b9f644b90,0.00032575000022916356,complete,e21ba617c0f63ee07985685fbb9f12090576403a873133b666eda519eb0e3924,strong-r0-w2-world1,fresh_interpreter,30000,27626.05934794714,1.1589298750004673,1.2575797920007972,0.09864991700032988,"CLI OS process high-water read before final output hashes; warm repeat inherits earlier high-water and allocator state. Whole-child guardian peak samples the complete child, including both fresh models.",38.203125,0.05777491699973325
0,552bd92d9d87fe4b5abb9f506413393966f9c18709859ca4faa662cf2a047a2b,1.190207042000111,1.16234,30,0,1540096,,f4cc5a2b357dd343e0540413627bc03930d4fbe61527e9f63cbba494fb436ce3,10,0.01442250000036438,macOS proc_pid_rusage RUSAGE_INFO_V2,1000,0,1519979,42.375,0.0005365000006349874,0.05896079199919768,0,evidence/benchmarks/20261007T143303-cpu-benchmark-6ad2db33c118/strong-r0-w2-world2/run-0,,1.1159399999996822,2,3d67a62e6eb2c78b4ac28aec497c7b5e43390d476cb8196309da0a9b9f644b90,0.0003472500002317247,complete,47778ab3e901352a4eb2a6fc8c36cb092c2b5bbe32a1fa5c862a75ef3b9f19c7,strong-r0-w2-world2,fresh_interpreter,30000,26883.165761607743,1.1926819159998558,1.2933935420005582,0.10071162600070238,"CLI OS process high-water read before final output hashes; warm repeat inherits earlier high-water and allocator state. Whole-child guardian peak samples the complete child, including both fresh models.",38.65625,0.06143566599894257
0,aa038bdc5005d306b87849f0e8f9eb63f07b99d89b92ddecbe6180aeec97b069,1.2171364169998924,1.1906079999999999,30,0,1548288,,c1e62d4a0ed278be3d47d2100c888289ab78967bcba2d3fa2fd8bee7e6ab1517,10,0.014670915999886347,macOS proc_pid_rusage RUSAGE_INFO_V2,1000,0,1527457,42.5,0.0006410420000975137,0.05944170899965684,0,evidence/benchmarks/20261007T143303-cpu-benchmark-6ad2db33c118/strong-r0-w2-world3/run-0,,1.142069542000172,2,3d67a62e6eb2c78b4ac28aec497c7b5e43390d476cb8196309da0a9b9f644b90,0.00031320800007961225,complete,b36d160cf1c4d29347cdd207daf9199f7839a7dea2550ee5ee73b16814f0aee8,strong-r0-w2-world3,fresh_interpreter,30000,26268.102682660876,1.2197958750002726,1.3029330409999602,0.08313716599968757,"CLI OS process high-water read before final output hashes; warm repeat inherits earlier high-water and allocator state. Whole-child guardian peak samples the complete child, including both fresh models.",36.625,0.062101167000037094
0,35231671267271804adb2c09859bf071e0779a938625cf37a88dc3c409db84f1,1.1609697910007526,1.145029,30,0,1544192,,1e277cb16652947f945abfbcd94c70df32442859c6e85728eb9c7af0730a7234,10,0.014755790999515739,macOS proc_pid_rusage RUSAGE_INFO_V2,1000,0,1524881,41.3125,0.0004927500003759633,0.060396249999939755,0,evidence/benchmarks/20261007T143303-cpu-benchmark-6ad2db33c118/strong-r0-w4-world0/run-0,,1.0849772080000548,2,3d67a62e6eb2c78b4ac28aec497c7b5e43390d476cb8196309da0a9b9f644b90,0.00034779200086632045,complete,141c445eb7749254acb370e564614a56cc10cbb9d32e5c1cd397ba28dbe0de09,strong-r0-w4-world0,fresh_interpreter,30000,27650.350421000257,1.1641870839994226,1.301702457999454,0.13751537400003144,"CLI OS process high-water read before final output hashes; warm repeat inherits earlier high-water and allocator state. Whole-child guardian peak samples the complete child, including both fresh models.",39.78125,0.06361354299860977
0,f46759b45baa11ca65a316972982c2a0c7e83c7fd81f67757d4bb6466da375b9,1.1574800419994062,1.141002,30,0,1548288,,2ac40da8626cf98ecbc0b34f98e0c2d8e951b1c39e6f9dba9767ce37ea885534,10,0.014867791999677138,macOS proc_pid_rusage RUSAGE_INFO_V2,1000,0,1527506,42.375,0.00046208399999159155,0.06116849899990484,0,evidence/benchmarks/20261007T143303-cpu-benchmark-6ad2db33c118/strong-r0-w4-world1/run-0,,1.080660374999752,2,3d67a62e6eb2c78b4ac28aec497c7b5e43390d476cb8196309da0a9b9f644b90,0.00032129200008057524,complete,e21ba617c0f63ee07985685fbb9f12090576403a873133b666eda519eb0e3924,strong-r0-w4-world1,fresh_interpreter,30000,27760.80320332545,1.1604417079997802,1.2953102920000674,0.13486858400028723,"CLI OS process high-water read before final output hashes; warm repeat inherits earlier high-water and allocator state. Whole-child guardian peak samples the complete child, including both fresh models.",36.796875,0.0641301650002788
0,552bd92d9d87fe4b5abb9f506413393966f9c18709859ca4faa662cf2a047a2b,1.1564497919998757,1.139041,30,0,1540096,,f4cc5a2b357dd343e0540413627bc03930d4fbe61527e9f63cbba494fb436ce3,10,0.014627374999690801,macOS proc_pid_rusage RUSAGE_INFO_V2,1000,0,1519982,42.5625,0.0005372079995140666,0.061377918000289355,0,evidence/benchmarks/20261007T143303-cpu-benchmark-6ad2db33c118/strong-r0-w4-world2/run-0,,1.0795662079999602,2,3d67a62e6eb2c78b4ac28aec497c7b5e43390d476cb8196309da0a9b9f644b90,0.0003410830004213494,complete,47778ab3e901352a4eb2a6fc8c36cb092c2b5bbe32a1fa5c862a75ef3b9f19c7,strong-r0-w4-world2,fresh_interpreter,30000,27788.939462618957,1.159428332999596,1.2953727079993769,0.13594437499978085,"CLI OS process high-water read before final output hashes; warm repeat inherits earlier high-water and allocator state. Whole-child guardian peak samples the complete child, including both fresh models.",36.75,0.06435645900000964
0,aa038bdc5005d306b87849f0e8f9eb63f07b99d89b92ddecbe6180aeec97b069,1.1595761669996136,1.143008,30,0,1548288,,c1e62d4a0ed278be3d47d2100c888289ab78967bcba2d3fa2fd8bee7e6ab1517,10,0.0148439580007107,macOS proc_pid_rusage RUSAGE_INFO_V2,1000,0,1527460,42.234375,0.0004965409998476389,0.06033504199876916,0,evidence/benchmarks/20261007T143303-cpu-benchmark-6ad2db33c118/strong-r0-w4-world3/run-0,,1.0835440420005398,2,3d67a62e6eb2c78b4ac28aec497c7b5e43390d476cb8196309da0a9b9f644b90,0.0003565839997463627,complete,b36d160cf1c4d29347cdd207daf9199f7839a7dea2550ee5ee73b16814f0aee8,strong-r0-w4-world3,fresh_interpreter,30000,27686.922577333553,1.162686458999815,1.253310957999929,0.09062449900011416,"CLI OS process high-water read before final output hashes; warm repeat inherits earlier high-water and allocator state. Whole-child guardian peak samples the complete child, including both fresh models.",36.328125,0.06344533399897045
0,35231671267271804adb2c09859bf071e0779a938625cf37a88dc3c409db84f1,1.1294339169999148,1.1159919999999999,30,0,1544192,,1e277cb16652947f945abfbcd94c70df32442859c6e85728eb9c7af0730a7234,10,0.014296916000603233,macOS proc_pid_rusage RUSAGE_INFO_V2,1000,0,1524881,40.359375,0.0004925830007778131,0.05381166799907078,0,evidence/benchmarks/20261007T143303-cpu-benchmark-6ad2db33c118/strong-r1-w1-world0/run-0,,1.060489207999126,2,3d67a62e6eb2c78b4ac28aec497c7b5e43390d476cb8196309da0a9b9f644b90,0.0003435420003370382,complete,141c445eb7749254acb370e564614a56cc10cbb9d32e5c1cd397ba28dbe0de09,strong-r1-w1-world0,fresh_interpreter,30000,28288.831016585627,1.1317621669995788,1.252503833999981,0.12074166700040223,"CLI OS process high-water read before final output hashes; warm repeat inherits earlier high-water and allocator state. Whole-child guardian peak samples the complete child, including both fresh models.",39.09375,0.056139917998734745
0,f46759b45baa11ca65a316972982c2a0c7e83c7fd81f67757d4bb6466da375b9,1.1300539579997348,1.116857,30,0,1548288,,2ac40da8626cf98ecbc0b34f98e0c2d8e951b1c39e6f9dba9767ce37ea885534,10,0.014535250000335509,macOS proc_pid_rusage RUSAGE_INFO_V2,1000,0,1527506,40.625,0.00044304199946054723,0.05338691600081802,0,evidence/benchmarks/20261007T143303-cpu-benchmark-6ad2db33c118/strong-r1-w1-world1/run-0,,1.0613509169997997,2,3d67a62e6eb2c78b4ac28aec497c7b5e43390d476cb8196309da0a9b9f644b90,0.0003378329993211082,complete,e21ba617c0f63ee07985685fbb9f12090576403a873133b666eda519eb0e3924,strong-r1-w1-world1,fresh_interpreter,30000,28265.863362895332,1.1324623749997045,1.2433018749998155,0.110839500000111,"CLI OS process high-water read before final output hashes; warm repeat inherits earlier high-water and allocator state. Whole-child guardian peak samples the complete child, including both fresh models.",38.78125,0.05579533300078765
0,552bd92d9d87fe4b5abb9f506413393966f9c18709859ca4faa662cf2a047a2b,1.1487673330002508,1.1326939999999999,30,0,1540096,,f4cc5a2b357dd343e0540413627bc03930d4fbe61527e9f63cbba494fb436ce3,10,0.014383290999830933,macOS proc_pid_rusage RUSAGE_INFO_V2,1000,0,1519983,41.015625,0.0004641660007109749,0.05480125099984434,0,evidence/benchmarks/20261007T143303-cpu-benchmark-6ad2db33c118/strong-r1-w1-world2/run-0,,1.078784958000142,2,3d67a62e6eb2c78b4ac28aec497c7b5e43390d476cb8196309da0a9b9f644b90,0.0003336669997224817,complete,47778ab3e901352a4eb2a6fc8c36cb092c2b5bbe32a1fa5c862a75ef3b9f19c7,strong-r1-w1-world2,fresh_interpreter,30000,27809.06405630106,1.15113270799975,1.2467055829993114,0.09557287499956146,"CLI OS process high-water read before final output hashes; warm repeat inherits earlier high-water and allocator state. Whole-child guardian peak samples the complete child, including both fresh models.",37.71875,0.05716662599934352
0,aa038bdc5005d306b87849f0e8f9eb63f07b99d89b92ddecbe6180aeec97b069,1.133516666000105,1.1192469999999999,30,0,1548288,,c1e62d4a0ed278be3d47d2100c888289ab78967bcba2d3fa2fd8bee7e6ab1517,10,0.014648334000412433,macOS proc_pid_rusage RUSAGE_INFO_V2,1000,0,1527458,40.875,0.0004410840001582983,0.05314195699975244,0,evidence/benchmarks/20261007T143303-cpu-benchmark-6ad2db33c118/strong-r1-w1-world3/run-0,,1.064953790999425,2,3d67a62e6eb2c78b4ac28aec497c7b5e43390d476cb8196309da0a9b9f644b90,0.00033150000035675475,complete,b36d160cf1c4d29347cdd207daf9199f7839a7dea2550ee5ee73b16814f0aee8,strong-r1-w1-world3,fresh_interpreter,30000,28170.236355368957,1.1358403750000434,1.239706374999514,0.10386599999947066,"CLI OS process high-water read before final output hashes; warm repeat inherits earlier high-water and allocator state. Whole-child guardian peak samples the complete child, including both fresh models.",38.921875,0.05546566599969083
0,35231671267271804adb2c09859bf071e0779a938625cf37a88dc3c409db84f1,1.1496366660003332,1.13497,30,0,1544192,,1e277cb16652947f945abfbcd94c70df32442859c6e85728eb9c7af0730a7234,10,0.014713417000166373,macOS proc_pid_rusage RUSAGE_INFO_V2,1000,0,1524892,41.03125,0.0005140000002938905,0.05826224900010857,0,evidence/benchmarks/20261007T143303-cpu-benchmark-6ad2db33c118/strong-r1-w2-world0/run-0,,1.0757979999998497,2,3d67a62e6eb2c78b4ac28aec497c7b5e43390d476cb8196309da0a9b9f644b90,0.00034899999991466757,complete,141c445eb7749254acb370e564614a56cc10cbb9d32e5c1cd397ba28dbe0de09,strong-r1-w2-world0,fresh_interpreter,30000,27886.27604810958,1.1527306250000038,1.242891416999555,0.09016079199955129,"CLI OS process high-water read before final output hashes; warm repeat inherits earlier high-water and allocator state. Whole-child guardian peak samples the complete child, including both fresh models.",37.796875,0.061356207999779144
0,f46759b45baa11ca65a316972982c2a0c7e83c7fd81f67757d4bb6466da375b9,1.1588969170006749,1.143994,30,0,1548288,,2ac40da8626cf98ecbc0b34f98e0c2d8e951b1c39e6f9dba9767ce37ea885534,10,0.01474075000078301,macOS proc_pid_rusage RUSAGE_INFO_V2,1000,0,1527498,40.828125,0.0004974170005880296,0.05709195799954614,0,evidence/benchmarks/20261007T143303-cpu-benchmark-6ad2db33c118/strong-r1-w2-world1/run-0,,1.0862406249998457,2,3d67a62e6eb2c78b4ac28aec497c7b5e43390d476cb8196309da0a9b9f644b90,0.00032616699991194764,complete,e21ba617c0f63ee07985685fbb9f12090576403a873133b666eda519eb0e3924,strong-r1-w2-world1,fresh_interpreter,30000,27618.1900304127,1.16177904199958,1.2448310829995535,0.08305204099997354,"CLI OS process high-water read before final output hashes; warm repeat inherits earlier high-water and allocator state. Whole-child guardian peak samples the complete child, including both fresh models.",36.53125,0.059974082998451195
0,552bd92d9d87fe4b5abb9f506413393966f9c18709859ca4faa662cf2a047a2b,1.1883256250002887,1.1690079999999998,30,0,1540096,,f4cc5a2b357dd343e0540413627bc03930d4fbe61527e9f63cbba494fb436ce3,10,0.01445558399973379,macOS proc_pid_rusage RUSAGE_INFO_V2,1000,0,1519994,41.59375,0.00045504099944082554,0.0548640000015439,0,evidence/benchmarks/20261007T143303-cpu-benchmark-6ad2db33c118/strong-r1-w2-world2/run-0,,1.1182210420001866,2,3d67a62e6eb2c78b4ac28aec497c7b5e43390d476cb8196309da0a9b9f644b90,0.00032995799938362325,complete,47778ab3e901352a4eb2a6fc8c36cb092c2b5bbe32a1fa5c862a75ef3b9f19c7,strong-r1-w2-world2,fresh_interpreter,30000,26828.3272029458,1.191249415999664,1.296695875000296,0.10544645900063188,"CLI OS process high-water read before final output hashes; warm repeat inherits earlier high-water and allocator state. Whole-child guardian peak samples the complete child, including both fresh models.",38.671875,0.05778779100091924
0,aa038bdc5005d306b87849f0e8f9eb63f07b99d89b92ddecbe6180aeec97b069,1.1811171660001492,1.160116,30,0,1548288,,c1e62d4a0ed278be3d47d2100c888289ab78967bcba2d3fa2fd8bee7e6ab1517,10,0.014516541000375582,macOS proc_pid_rusage RUSAGE_INFO_V2,1000,0,1527458,41.5,0.00047449999965465395,0.056229042999802914,0,evidence/benchmarks/20261007T143303-cpu-benchmark-6ad2db33c118/strong-r1-w2-world3/run-0,,1.109545041000274,2,3d67a62e6eb2c78b4ac28aec497c7b5e43390d476cb8196309da0a9b9f644b90,0.00035204100004193606,complete,b36d160cf1c4d29347cdd207daf9199f7839a7dea2550ee5ee73b16814f0aee8,strong-r1-w2-world3,fresh_interpreter,30000,27038.109217228786,1.183538375000353,1.2948968329992567,0.11135845799890376,"CLI OS process high-water read before final output hashes; warm repeat inherits earlier high-water and allocator state. Whole-child guardian peak samples the complete child, including both fresh models.",39.234375,0.05865025200000673
0,35231671267271804adb2c09859bf071e0779a938625cf37a88dc3c409db84f1,1.1642748750000464,1.148397,30,0,1544192,,1e277cb16652947f945abfbcd94c70df32442859c6e85728eb9c7af0730a7234,10,0.014748416999282199,macOS proc_pid_rusage RUSAGE_INFO_V2,1000,0,1524882,41.703125,0.0005252500004644389,0.060063124999942374,0,evidence/benchmarks/20261007T143303-cpu-benchmark-6ad2db33c118/strong-r1-w4-world0/run-0,,1.0885762080006316,2,3d67a62e6eb2c78b4ac28aec497c7b5e43390d476cb8196309da0a9b9f644b90,0.0003618749997258419,complete,141c445eb7749254acb370e564614a56cc10cbb9d32e5c1cd397ba28dbe0de09,strong-r1-w4-world0,fresh_interpreter,30000,27558.9341191835,1.1678459579998162,1.2972717500006183,0.12942579200080218,"CLI OS process high-water read before final output hashes; warm repeat inherits earlier high-water and allocator state. Whole-child guardian peak samples the complete child, including both fresh models.",40.0,0.06363420799971209
0,f46759b45baa11ca65a316972982c2a0c7e83c7fd81f67757d4bb6466da375b9,1.160455665999507,1.143838,30,0,1548288,,2ac40da8626cf98ecbc0b34f98e0c2d8e951b1c39e6f9dba9767ce37ea885534,10,0.015069084000060684,macOS proc_pid_rusage RUSAGE_INFO_V2,1000,0,1527496,41.046875,0.0004919170005450724,0.06113170699791226,0,evidence/benchmarks/20261007T143303-cpu-benchmark-6ad2db33c118/strong-r1-w4-world1/run-0,,1.0834190000005037,2,3d67a62e6eb2c78b4ac28aec497c7b5e43390d476cb8196309da0a9b9f644b90,0.000343958000485145,complete,e21ba617c0f63ee07985685fbb9f12090576403a873133b666eda519eb0e3924,strong-r1-w4-world1,fresh_interpreter,30000,27690.118042960345,1.1633716659998754,1.2516267080000034,0.08825504200012801,"CLI OS process high-water read before final output hashes; warm repeat inherits earlier high-water and allocator state. Whole-child guardian peak samples the complete child, including both fresh models.",36.46875,0.06404770699828077
0,552bd92d9d87fe4b5abb9f506413393966f9c18709859ca4faa662cf2a047a2b,1.163132458000291,1.147019,30,0,1540096,,f4cc5a2b357dd343e0540413627bc03930d4fbe61527e9f63cbba494fb436ce3,10,0.01487249999991036,macOS proc_pid_rusage RUSAGE_INFO_V2,1000,0,1519981,41.65625,0.0005768330001956201,0.05954429099892877,0,evidence/benchmarks/20261007T143303-cpu-benchmark-6ad2db33c118/strong-r1-w4-world2/run-0,,1.087813917000858,2,3d67a62e6eb2c78b4ac28aec497c7b5e43390d476cb8196309da0a9b9f644b90,0.00032491700039827265,complete,47778ab3e901352a4eb2a6fc8c36cb092c2b5bbe32a1fa5c862a75ef3b9f19c7,strong-r1-w4-world2,fresh_interpreter,30000,27578.246179007412,1.1662541249997957,1.2552728749997186,0.08901874999992287,"CLI OS process high-water read before final output hashes; warm repeat inherits earlier high-water and allocator state. Whole-child guardian peak samples the complete child, including both fresh models.",36.671875,0.06266595799843344
0,aa038bdc5005d306b87849f0e8f9eb63f07b99d89b92ddecbe6180aeec97b069,1.1634873339999103,1.148052,30,4096,1548288,,c1e62d4a0ed278be3d47d2100c888289ab78967bcba2d3fa2fd8bee7e6ab1517,10,0.0149973340003271,macOS proc_pid_rusage RUSAGE_INFO_V2,1000,0,1527450,42.203125,0.0005627919999824371,0.06009879099929094,0,evidence/benchmarks/20261007T143303-cpu-benchmark-6ad2db33c118/strong-r1-w4-world3/run-0,,1.0875076669999544,2,3d67a62e6eb2c78b4ac28aec497c7b5e43390d476cb8196309da0a9b9f644b90,0.0003207500003554742,complete,b36d160cf1c4d29347cdd207daf9199f7839a7dea2550ee5ee73b16814f0aee8,strong-r1-w4-world3,fresh_interpreter,30000,27586.012411994572,1.166891165999914,1.2947139580001021,0.1278227920001882,"CLI OS process high-water read before final output hashes; warm repeat inherits earlier high-water and allocator state. Whole-child guardian peak samples the complete child, including both fresh models.",41.203125,0.06350262299929454
0,35231671267271804adb2c09859bf071e0779a938625cf37a88dc3c409db84f1,1.1265525420003542,1.112957,30,0,1544192,,1e277cb16652947f945abfbcd94c70df32442859c6e85728eb9c7af0730a7234,10,0.01439208299962047,macOS proc_pid_rusage RUSAGE_INFO_V2,1000,0,1524891,40.46875,0.0004791669998667203,0.05402183400110516,0,evidence/benchmarks/20261007T143303-cpu-benchmark-6ad2db33c118/strong-r2-w1-world0/run-0,,1.0573224999998274,2,3d67a62e6eb2c78b4ac28aec497c7b5e43390d476cb8196309da0a9b9f644b90,0.00033695799993438413,complete,141c445eb7749254acb370e564614a56cc10cbb9d32e5c1cd397ba28dbe0de09,strong-r2-w1-world0,fresh_interpreter,30000,28373.55679086078,1.128810500000327,1.250046499999371,0.121235999999044,"CLI OS process high-water read before final output hashes; warm repeat inherits earlier high-water and allocator state. Whole-child guardian peak samples the complete child, including both fresh models.",39.46875,0.05627979200107802
0,f46759b45baa11ca65a316972982c2a0c7e83c7fd81f67757d4bb6466da375b9,1.1166507079997245,1.10258,30,0,1548288,,2ac40da8626cf98ecbc0b34f98e0c2d8e951b1c39e6f9dba9767ce37ea885534,10,0.014687000000776607,macOS proc_pid_rusage RUSAGE_INFO_V2,1000,0,1527496,41.625,0.0004302080005800235,0.054154417998688587,0,evidence/benchmarks/20261007T143303-cpu-benchmark-6ad2db33c118/strong-r2-w1-world1/run-0,,1.0470506660003593,2,3d67a62e6eb2c78b4ac28aec497c7b5e43390d476cb8196309da0a9b9f644b90,0.00032841599931998644,complete,e21ba617c0f63ee07985685fbb9f12090576403a873133b666eda519eb0e3924,strong-r2-w1-world1,fresh_interpreter,30000,28651.90861737125,1.1189531250001892,1.2480420829997456,0.12908895799955644,"CLI OS process high-water read before final output hashes; warm repeat inherits earlier high-water and allocator state. Whole-child guardian peak samples the complete child, including both fresh models.",38.640625,0.056456834999153216
0,552bd92d9d87fe4b5abb9f506413393966f9c18709859ca4faa662cf2a047a2b,1.146621709000101,1.133177,30,0,1540096,,f4cc5a2b357dd343e0540413627bc03930d4fbe61527e9f63cbba494fb436ce3,10,0.01443966700026067,macOS proc_pid_rusage RUSAGE_INFO_V2,1000,0,1519981,42.375,0.00047083299978112336,0.05302420900079596,0,evidence/benchmarks/20261007T143303-cpu-benchmark-6ad2db33c118/strong-r2-w1-world2/run-0,,1.0783594169997741,2,3d67a62e6eb2c78b4ac28aec497c7b5e43390d476cb8196309da0a9b9f644b90,0.00032758299948909553,complete,47778ab3e901352a4eb2a6fc8c36cb092c2b5bbe32a1fa5c862a75ef3b9f19c7,strong-r2-w1-world2,fresh_interpreter,30000,27820.038038399478,1.148955874999956,1.2477660419999665,0.09881016700001055,"CLI OS process high-water read before final output hashes; warm repeat inherits earlier high-water and allocator state. Whole-child guardian peak samples the complete child, including both fresh models.",38.171875,0.055358375000650994
0,aa038bdc5005d306b87849f0e8f9eb63f07b99d89b92ddecbe6180aeec97b069,1.1305739999997968,1.117178,30,0,1548288,,c1e62d4a0ed278be3d47d2100c888289ab78967bcba2d3fa2fd8bee7e6ab1517,10,0.014160417000312009,macOS proc_pid_rusage RUSAGE_INFO_V2,1000,0,1527448,40.5,0.0004758340000989847,0.052554791000147816,0,evidence/benchmarks/20261007T143303-cpu-benchmark-6ad2db33c118/strong-r2-w1-world3/run-0,,1.0630585409999185,2,3d67a62e6eb2c78b4ac28aec497c7b5e43390d476cb8196309da0a9b9f644b90,0.00032441699931951007,complete,b36d160cf1c4d29347cdd207daf9199f7839a7dea2550ee5ee73b16814f0aee8,strong-r2-w1-world3,fresh_interpreter,30000,28220.459027385117,1.1328380000004472,1.2440377089997128,0.11119970899926557,"CLI OS process high-water read before final output hashes; warm repeat inherits earlier high-water and allocator state. Whole-child guardian peak samples the complete child, including both fresh models.",39.171875,0.05481879100079823
0,35231671267271804adb2c09859bf071e0779a938625cf37a88dc3c409db84f1,1.1441335829995296,1.128318,30,0,1544192,,1e277cb16652947f945abfbcd94c70df32442859c6e85728eb9c7af0730a7234,10,0.014533000000483298,macOS proc_pid_rusage RUSAGE_INFO_V2,1000,0,1524892,41.15625,0.00047366699982376304,0.056447124999067455,0,evidence/benchmarks/20261007T143303-cpu-benchmark-6ad2db33c118/strong-r2-w2-world0/run-0,,1.072341666000284,2,3d67a62e6eb2c78b4ac28aec497c7b5e43390d476cb8196309da0a9b9f644b90,0.00033812499987107003,complete,141c445eb7749254acb370e564614a56cc10cbb9d32e5c1cd397ba28dbe0de09,strong-r2-w2-world0,fresh_interpreter,30000,27976.15811376302,1.1466455829995539,1.244895957999688,0.09825037500013423,"CLI OS process high-water read before final output hashes; warm repeat inherits earlier high-water and allocator state. Whole-child guardian peak samples the complete child, including both fresh models.",37.71875,0.05895912499909173
0,f46759b45baa11ca65a316972982c2a0c7e83c7fd81f67757d4bb6466da375b9,1.149423542000477,1.134542,30,0,1548288,,2ac40da8626cf98ecbc0b34f98e0c2d8e951b1c39e6f9dba9767ce37ea885534,10,0.014636666999649606,macOS proc_pid_rusage RUSAGE_INFO_V2,1000,0,1527496,41.3125,0.00044387500020093285,0.05544250000093598,0,evidence/benchmarks/20261007T143303-cpu-benchmark-6ad2db33c118/strong-r2-w2-world1/run-0,,1.0785728330001803,2,3d67a62e6eb2c78b4ac28aec497c7b5e43390d476cb8196309da0a9b9f644b90,0.0003276669995102566,complete,e21ba617c0f63ee07985685fbb9f12090576403a873133b666eda519eb0e3924,strong-r2-w2-world1,fresh_interpreter,30000,27814.533318581172,1.1520268750000469,1.2346200829997542,0.08259320799970737,"CLI OS process high-water read before final output hashes; warm repeat inherits earlier high-water and allocator state. Whole-child guardian peak samples the complete child, including both fresh models.",36.546875,0.05804583300050581
0,552bd92d9d87fe4b5abb9f506413393966f9c18709859ca4faa662cf2a047a2b,1.158451750000495,1.141842,30,0,1540096,,f4cc5a2b357dd343e0540413627bc03930d4fbe61527e9f63cbba494fb436ce3,10,0.014716458999828319,macOS proc_pid_rusage RUSAGE_INFO_V2,1000,0,1519984,41.171875,0.0005539579997275723,0.05605937500058644,0,evidence/benchmarks/20261007T143303-cpu-benchmark-6ad2db33c118/strong-r2-w2-world2/run-0,,1.0867753330003325,2,3d67a62e6eb2c78b4ac28aec497c7b5e43390d476cb8196309da0a9b9f644b90,0.00034662500002013985,complete,47778ab3e901352a4eb2a6fc8c36cb092c2b5bbe32a1fa5c862a75ef3b9f19c7,strong-r2-w2-world2,fresh_interpreter,30000,27604.60151149826,1.1615366669993819,1.2397431250001318,0.07820645800074999,"CLI OS process high-water read before final output hashes; warm repeat inherits earlier high-water and allocator state. Whole-child guardian peak samples the complete child, including both fresh models.",36.421875,0.05914429199947335
0,aa038bdc5005d306b87849f0e8f9eb63f07b99d89b92ddecbe6180aeec97b069,1.1648210000003019,1.148825,30,0,1548288,,c1e62d4a0ed278be3d47d2100c888289ab78967bcba2d3fa2fd8bee7e6ab1517,10,0.014674958999421506,macOS proc_pid_rusage RUSAGE_INFO_V2,1000,0,1527452,41.28125,0.0004906249996565748,0.05605029100115644,0,evidence/benchmarks/20261007T143303-cpu-benchmark-6ad2db33c118/strong-r2-w2-world3/run-0,,1.0932711249997737,2,3d67a62e6eb2c78b4ac28aec497c7b5e43390d476cb8196309da0a9b9f644b90,0.00033400000029359944,complete,b36d160cf1c4d29347cdd207daf9199f7839a7dea2550ee5ee73b16814f0aee8,strong-r2-w2-world3,fresh_interpreter,30000,27440.585701013744,1.1672603340002752,1.290250458000628,0.12299012400035281,"CLI OS process high-water read before final output hashes; warm repeat inherits earlier high-water and allocator state. Whole-child guardian peak samples the complete child, including both fresh models.",40.28125,0.05848962500112975
0,35231671267271804adb2c09859bf071e0779a938625cf37a88dc3c409db84f1,1.1629545410005449,1.146919,30,0,1544192,,1e277cb16652947f945abfbcd94c70df32442859c6e85728eb9c7af0730a7234,10,0.014762374999918393,macOS proc_pid_rusage RUSAGE_INFO_V2,1000,0,1524883,41.546875,0.0005277919999571168,0.059090247999847634,0,evidence/benchmarks/20261007T143303-cpu-benchmark-6ad2db33c118/strong-r2-w4-world0/run-0,,1.0882284170002094,2,3d67a62e6eb2c78b4ac28aec497c7b5e43390d476cb8196309da0a9b9f644b90,0.00034570900061225984,complete,141c445eb7749254acb370e564614a56cc10cbb9d32e5c1cd397ba28dbe0de09,strong-r2-w4-world0,fresh_interpreter,30000,27567.74178227899,1.1661529169996356,1.300924166999721,0.13477125000008527,"CLI OS process high-water read before final output hashes; warm repeat inherits earlier high-water and allocator state. Whole-child guardian peak samples the complete child, including both fresh models.",40.015625,0.06228862399893842
0,f46759b45baa11ca65a316972982c2a0c7e83c7fd81f67757d4bb6466da375b9,1.167086417000064,1.152106,30,0,1548288,,2ac40da8626cf98ecbc0b34f98e0c2d8e951b1c39e6f9dba9767ce37ea885534,10,0.014916541999809851,macOS proc_pid_rusage RUSAGE_INFO_V2,1000,0,1527496,41.390625,0.000645625000288419,0.0589513340000849,0,evidence/benchmarks/20261007T143303-cpu-benchmark-6ad2db33c118/strong-r2-w4-world1/run-0,,1.0922407079997356,2,3d67a62e6eb2c78b4ac28aec497c7b5e43390d476cb8196309da0a9b9f644b90,0.0003322080001453287,complete,e21ba617c0f63ee07985685fbb9f12090576403a873133b666eda519eb0e3924,strong-r2-w4-world1,fresh_interpreter,30000,27466.473077111554,1.1702879170006781,1.3062058750001597,0.1359179579994816,"CLI OS process high-water read before final output hashes; warm repeat inherits earlier high-water and allocator state. Whole-child guardian peak samples the complete child, including both fresh models.",38.859375,0.06215283400069893
0,552bd92d9d87fe4b5abb9f506413393966f9c18709859ca4faa662cf2a047a2b,1.1659237919993757,1.150265,30,0,1540096,,f4cc5a2b357dd343e0540413627bc03930d4fbe61527e9f63cbba494fb436ce3,10,0.014792791999752808,macOS proc_pid_rusage RUSAGE_INFO_V2,1000,0,1519995,42.265625,0.0005677090002791374,0.059358624999731546,0,evidence/benchmarks/20261007T143303-cpu-benchmark-6ad2db33c118/strong-r2-w4-world2/run-0,,1.0908310000004349,2,3d67a62e6eb2c78b4ac28aec497c7b5e43390d476cb8196309da0a9b9f644b90,0.00037366599917731946,complete,47778ab3e901352a4eb2a6fc8c36cb092c2b5bbe32a1fa5c862a75ef3b9f19c7,strong-r2-w4-world2,fresh_interpreter,30000,27501.968682580566,1.1690491669996845,1.2947349169999143,0.12568575000022975,"CLI OS process high-water read before final output hashes; warm repeat inherits earlier high-water and allocator state. Whole-child guardian peak samples the complete child, including both fresh models.",41.265625,0.062484000000040396
0,aa038bdc5005d306b87849f0e8f9eb63f07b99d89b92ddecbe6180aeec97b069,1.1578570829997261,1.141797,30,0,1548288,,c1e62d4a0ed278be3d47d2100c888289ab78967bcba2d3fa2fd8bee7e6ab1517,10,0.014746917000593385,macOS proc_pid_rusage RUSAGE_INFO_V2,1000,0,1527452,41.53125,0.0005127499998707208,0.05968295899947407,0,evidence/benchmarks/20261007T143303-cpu-benchmark-6ad2db33c118/strong-r2-w4-world3/run-0,,1.0825386659998912,2,3d67a62e6eb2c78b4ac28aec497c7b5e43390d476cb8196309da0a9b9f644b90,0.00037579099989670794,complete,b36d160cf1c4d29347cdd207daf9199f7839a7dea2550ee5ee73b16814f0aee8,strong-r2-w4-world3,fresh_interpreter,30000,27712.635993736425,1.1605827920002412,1.2473704590001944,0.08678766699995322,"CLI OS process high-water read before final output hashes; warm repeat inherits earlier high-water and allocator state. Whole-child guardian peak samples the complete child, including both fresh models.",36.78125,0.06240866799998912
0,35231671267271804adb2c09859bf071e0779a938625cf37a88dc3c409db84f1,1.1190927090001423,1.105621,30,0,1544192,,1e277cb16652947f945abfbcd94c70df32442859c6e85728eb9c7af0730a7234,10,0.014415333000215469,macOS proc_pid_rusage RUSAGE_INFO_V2,1000,0,1524894,40.515625,0.00044658400020125555,0.053045166999254434,0,evidence/benchmarks/20261007T143303-cpu-benchmark-6ad2db33c118/weak-r0-w1-world0/run-0,,1.0508022500007428,2,3d67a62e6eb2c78b4ac28aec497c7b5e43390d476cb8196309da0a9b9f644b90,0.00038337499972840305,complete,141c445eb7749254acb370e564614a56cc10cbb9d32e5c1cd397ba28dbe0de09,weak-r0-w1-world0,fresh_interpreter,30000,28549.615305809246,1.1213394579999658,1.247651166999276,0.1263117089993102,"CLI OS process high-water read before final output hashes; warm repeat inherits earlier high-water and allocator state. Whole-child guardian peak samples the complete child, including both fresh models.",39.53125,0.0552919159990779
0,f46759b45baa11ca65a316972982c2a0c7e83c7fd81f67757d4bb6466da375b9,1.1309247919998597,1.1170799999999999,30,0,1548288,,2ac40da8626cf98ecbc0b34f98e0c2d8e951b1c39e6f9dba9767ce37ea885534,10,0.014397500000086438,macOS proc_pid_rusage RUSAGE_INFO_V2,1000,0,1527495,42.375,0.0005056249992776429,0.0530479170010949,0,evidence/benchmarks/20261007T143303-cpu-benchmark-6ad2db33c118/weak-r0-w1-world1/run-0,,1.0626355829999738,2,3d67a62e6eb2c78b4ac28aec497c7b5e43390d476cb8196309da0a9b9f644b90,0.0003381669994269032,complete,e21ba617c0f63ee07985685fbb9f12090576403a873133b666eda519eb0e3924,weak-r0-w1-world1,fresh_interpreter,30000,28231.691541239063,1.133298540999931,1.2598246249999647,0.12652608400003373,"CLI OS process high-water read before final output hashes; warm repeat inherits earlier high-water and allocator state. Whole-child guardian peak samples the complete child, including both fresh models.",41.375,0.05542166600116616
0,35231671267271804adb2c09859bf071e0779a938625cf37a88dc3c409db84f1,1.1619211249999353,1.148598,30,0,1544192,,1e277cb16652947f945abfbcd94c70df32442859c6e85728eb9c7af0730a7234,10,0.014470499999333697,macOS proc_pid_rusage RUSAGE_INFO_V2,1000,0,1524890,42.234375,0.00066033300026902,0.05562783400000626,0,evidence/benchmarks/20261007T143303-cpu-benchmark-6ad2db33c118/weak-r0-w2-world0/run-0,,1.0908164160000524,2,3d67a62e6eb2c78b4ac28aec497c7b5e43390d476cb8196309da0a9b9f644b90,0.0003460420002738829,complete,141c445eb7749254acb370e564614a56cc10cbb9d32e5c1cd397ba28dbe0de09,weak-r0-w2-world0,fresh_interpreter,30000,27502.336378478703,1.1644728339997528,1.2558420830000614,0.09136924900030863,"CLI OS process high-water read before final output hashes; warm repeat inherits earlier high-water and allocator state. Whole-child guardian peak samples the complete child, including both fresh models.",36.546875,0.05817954299982375
0,f46759b45baa11ca65a316972982c2a0c7e83c7fd81f67757d4bb6466da375b9,1.1686063329998433,1.153678,30,0,1548288,,2ac40da8626cf98ecbc0b34f98e0c2d8e951b1c39e6f9dba9767ce37ea885534,10,0.014455749999797263,macOS proc_pid_rusage RUSAGE_INFO_V2,1000,0,1527497,42.328125,0.0004771249996338156,0.05883416600045166,0,evidence/benchmarks/20261007T143303-cpu-benchmark-6ad2db33c118/weak-r0-w2-world1/run-0,,1.0944880419992842,2,3d67a62e6eb2c78b4ac28aec497c7b5e43390d476cb8196309da0a9b9f644b90,0.000351250000676373,complete,e21ba617c0f63ee07985685fbb9f12090576403a873133b666eda519eb0e3924,weak-r0-w2-world1,fresh_interpreter,30000,27410.075623301895,1.171440540999356,1.2899425420000625,0.11850200100070651,"CLI OS process high-water read before final output hashes; warm repeat inherits earlier high-water and allocator state. Whole-child guardian peak samples the complete child, including both fresh models.",39.484375,0.06166837399996439
0,552bd92d9d87fe4b5abb9f506413393966f9c18709859ca4faa662cf2a047a2b,1.1698251670004538,1.154144,30,0,1540096,,f4cc5a2b357dd343e0540413627bc03930d4fbe61527e9f63cbba494fb436ce3,10,0.014507999999295862,macOS proc_pid_rusage RUSAGE_INFO_V2,1000,0,1519984,41.671875,0.0004893750001428998,0.056636500001332024,0,evidence/benchmarks/20261007T143303-cpu-benchmark-6ad2db33c118/weak-r0-w2-world2/run-0,,1.0978589169999395,2,3d67a62e6eb2c78b4ac28aec497c7b5e43390d476cb8196309da0a9b9f644b90,0.00033237499974347884,complete,47778ab3e901352a4eb2a6fc8c36cb092c2b5bbe32a1fa5c862a75ef3b9f19c7,weak-r0-w2-world2,fresh_interpreter,30000,27325.915502858417,1.1722856670003239,1.2546100419995128,0.08232437499918888,"CLI OS process high-water read before final output hashes; warm repeat inherits earlier high-water and allocator state. Whole-child guardian peak samples the complete child, including both fresh models.",36.34375,0.059097000001202105
0,aa038bdc5005d306b87849f0e8f9eb63f07b99d89b92ddecbe6180aeec97b069,1.1596751669994774,1.145027,30,0,1548288,,c1e62d4a0ed278be3d47d2100c888289ab78967bcba2d3fa2fd8bee7e6ab1517,10,0.014779208000618382,macOS proc_pid_rusage RUSAGE_INFO_V2,1000,0,1527453,42.109375,0.0004637080000975402,0.054227708998041635,0,evidence/benchmarks/20261007T143303-cpu-benchmark-6ad2db33c118/weak-r0-w2-world3/run-0,,1.0898848750002799,2,3d67a62e6eb2c78b4ac28aec497c7b5e43390d476cb8196309da0a9b9f644b90,0.00031966700043994933,complete,b36d160cf1c4d29347cdd207daf9199f7839a7dea2550ee5ee73b16814f0aee8,weak-r0-w2-world3,fresh_interpreter,30000,27525.84303914879,1.162069292000524,1.2466741250000268,0.08460483299950283,"CLI OS process high-water read before final output hashes; warm repeat inherits earlier high-water and allocator state. Whole-child guardian peak samples the complete child, including both fresh models.",36.4375,0.05662183399908827
0,35231671267271804adb2c09859bf071e0779a938625cf37a88dc3c409db84f1,1.1628562500000044,1.146667,30,0,1544192,,1e277cb16652947f945abfbcd94c70df32442859c6e85728eb9c7af0730a7234,10,0.015071499999976368,macOS proc_pid_rusage RUSAGE_INFO_V2,1000,0,1524882,43.078125,0.000555333000193059,0.059506750999389624,0,evidence/benchmarks/20261007T143303-cpu-benchmark-6ad2db33c118/weak-r0-w4-world0/run-0,,1.0873902080002154,2,3d67a62e6eb2c78b4ac28aec497c7b5e43390d476cb8196309da0a9b9f644b90,0.00033245800022996264,complete,141c445eb7749254acb370e564614a56cc10cbb9d32e5c1cd397ba28dbe0de09,weak-r0-w4-world0,fresh_interpreter,30000,27588.99223046347,1.1657568330001595,1.2487852920003206,0.08302845900016109,"CLI OS process high-water read before final output hashes; warm repeat inherits earlier high-water and allocator state. Whole-child guardian peak samples the complete child, including both fresh models.",36.9375,0.06240733399954479
0,f46759b45baa11ca65a316972982c2a0c7e83c7fd81f67757d4bb6466da375b9,1.1591630410002836,1.142732,30,0,1548288,,2ac40da8626cf98ecbc0b34f98e0c2d8e951b1c39e6f9dba9767ce37ea885534,10,0.014814624999416992,macOS proc_pid_rusage RUSAGE_INFO_V2,1000,0,1527495,42.21875,0.000495000000228174,0.05997620800008008,0,evidence/benchmarks/20261007T143303-cpu-benchmark-6ad2db33c118/weak-r0-w4-world1/run-0,,1.083528041000136,2,3d67a62e6eb2c78b4ac28aec497c7b5e43390d476cb8196309da0a9b9f644b90,0.0003491670004223124,complete,e21ba617c0f63ee07985685fbb9f12090576403a873133b666eda519eb0e3924,weak-r0-w4-world1,fresh_interpreter,30000,27687.3314439642,1.1617380409998077,1.2465632920002463,0.08482525100043858,"CLI OS process high-water read before final output hashes; warm repeat inherits earlier high-water and allocator state. Whole-child guardian peak samples the complete child, including both fresh models.",36.65625,0.06255120799960423
0,552bd92d9d87fe4b5abb9f506413393966f9c18709859ca4faa662cf2a047a2b,1.1611545839996325,1.145675,30,0,1540096,,f4cc5a2b357dd343e0540413627bc03930d4fbe61527e9f63cbba494fb436ce3,10,0.01481549999971321,macOS proc_pid_rusage RUSAGE_INFO_V2,1000,0,1519982,41.71875,0.00044758300009561935,0.0585229589996743,0,evidence/benchmarks/20261007T143303-cpu-benchmark-6ad2db33c118/weak-r0-w4-world2/run-0,,1.08704145899992,2,3d67a62e6eb2c78b4ac28aec497c7b5e43390d476cb8196309da0a9b9f644b90,0.00032708300022932235,complete,47778ab3e901352a4eb2a6fc8c36cb092c2b5bbe32a1fa5c862a75ef3b9f19c7,weak-r0-w4-world2,fresh_interpreter,30000,27597.843441592424,1.164170957999886,1.250911250000172,0.08674029200028599,"CLI OS process high-water read before final output hashes; warm repeat inherits earlier high-water and allocator state. Whole-child guardian peak samples the complete child, including both fresh models.",36.484375,0.061539332999927865
0,aa038bdc5005d306b87849f0e8f9eb63f07b99d89b92ddecbe6180aeec97b069,1.167149750000135,1.152571,30,0,1548288,,c1e62d4a0ed278be3d47d2100c888289ab78967bcba2d3fa2fd8bee7e6ab1517,10,0.015022667000266665,macOS proc_pid_rusage RUSAGE_INFO_V2,1000,0,1527446,44.0,0.0006185840002217446,0.05975720700007514,0,evidence/benchmarks/20261007T143303-cpu-benchmark-6ad2db33c118/weak-r0-w4-world3/run-0,,1.091431707999618,2,3d67a62e6eb2c78b4ac28aec497c7b5e43390d476cb8196309da0a9b9f644b90,0.00031958399995346554,complete,b36d160cf1c4d29347cdd207daf9199f7839a7dea2550ee5ee73b16814f0aee8,weak-r0-w4-world3,fresh_interpreter,30000,27486.832002511786,1.170686583999668,1.2948323330001585,0.12414574900049047,"CLI OS process high-water read before final output hashes; warm repeat inherits earlier high-water and allocator state. Whole-child guardian peak samples the complete child, including both fresh models.",43.015625,0.06329404099960811
0,991c648e2cf623fd3178e92478c764898d790f18021a32d5ac28bc1c92a7c00b,1.1658852499995191,1.149276,30,0,1544192,,bc79621b7efceba83ad200f273dfc76f1764fe551e39872d7a11b1655fa1d116,10,0.014769915999750083,macOS proc_pid_rusage RUSAGE_INFO_V2,1000,0,1525761,42.609375,0.00056341599974985,0.05841816800057131,0,evidence/benchmarks/20261007T143303-cpu-benchmark-6ad2db33c118/weak-r0-w4-world4/run-0,,1.0917827499997657,2,3d67a62e6eb2c78b4ac28aec497c7b5e43390d476cb8196309da0a9b9f644b90,0.0003509999996822444,complete,778d76d9824888b625964af7d8f3e5af1416ed2a2592f2b9f8faebd5dbe13e91,weak-r0-w4-world4,fresh_interpreter,30000,27477.994133912118,1.1684432079991893,1.3026866669997617,0.13424345900057233,"CLI OS process high-water read before final output hashes; warm repeat inherits earlier high-water and allocator state. Whole-child guardian peak samples the complete child, including both fresh models.",36.375,0.06097612600024149
0,d035d38e42043de13dbeee53498226397fce1dfb60b571476136c070d8574be1,1.1688761660007003,1.154267,30,0,1548288,,fa802db7e33b4ef157fe443f20e36c94e068f16c6f4cff94fb0e468a7cbbdbea,10,0.014929999999367283,macOS proc_pid_rusage RUSAGE_INFO_V2,1000,0,1527444,41.5,0.0005802499999845168,0.05714529100168875,0,evidence/benchmarks/20261007T143303-cpu-benchmark-6ad2db33c118/weak-r0-w4-world5/run-0,,1.0958926659995996,2,3d67a62e6eb2c78b4ac28aec497c7b5e43390d476cb8196309da0a9b9f644b90,0.0003279590000602184,complete,f147ab42ae078aab9b0ab90a6b4bbc9785bb6332114a040823a9d8e1f7fde98e,weak-r0-w4-world5,fresh_interpreter,30000,27374.943669904038,1.1718002500001603,1.2519368339999346,0.0801365839997743,"CLI OS process high-water read before final output hashes; warm repeat inherits earlier high-water and allocator state. Whole-child guardian peak samples the complete child, including both fresh models.",36.828125,0.06006937500114873
0,739101b169224561ad5fed81538a415321b85f4de5bbd2d49b309cbd418a31fb,1.1688814170001933,1.1536650000000002,30,0,1552384,,0bfa45035ce4aae87679aeeb10391d70d91545e1d5efac47c03bea7b508bd7a7,10,0.014870291999613983,macOS proc_pid_rusage RUSAGE_INFO_V2,1000,0,1531436,42.0,0.00048275000062858453,0.05725195899958635,0,evidence/benchmarks/20261007T143303-cpu-benchmark-6ad2db33c118/weak-r0-w4-world6/run-0,,1.0959515410004315,2,3d67a62e6eb2c78b4ac28aec497c7b5e43390d476cb8196309da0a9b9f644b90,0.0003248749999329448,complete,7b5d5c90931aec44da7aa06dabdfa35ad681eab12c1c9e6a46cfde90679df0bd,weak-r0-w4-world6,fresh_interpreter,30000,27373.47307583939,1.1716698749996795,1.2975236659995062,0.12585379099982674,"CLI OS process high-water read before final output hashes; warm repeat inherits earlier high-water and allocator state. Whole-child guardian peak samples the complete child, including both fresh models.",39.015625,0.06004041699907248
0,a3b49fcbd1da9b64476502c6f1c7735f9a8ae2320595ec9371e2557572713453,1.1720780830000876,1.1570559999999999,30,4096,1548288,,7781bdd3162321547b439d0e50b76dacdd278f803ff4df654b692a8e27185bf5,10,0.01472708299934311,macOS proc_pid_rusage RUSAGE_INFO_V2,1000,0,1529470,41.796875,0.0005370000008042553,0.05474258300000656,0,evidence/benchmarks/20261007T143303-cpu-benchmark-6ad2db33c118/weak-r0-w4-world7/run-0,,1.1017177919993628,2,3d67a62e6eb2c78b4ac28aec497c7b5e43390d476cb8196309da0a9b9f644b90,0.00035362500057090074,complete,a403a4fa44fc5491acb6c5a6d658bbac569e5d7c898f5fc4cf8507a40af8c9bf,weak-r0-w4-world7,fresh_interpreter,30000,27230.203794346413,1.1745436250002967,1.2960962919996746,0.12155266699937783,"CLI OS process high-water read before final output hashes; warm repeat inherits earlier high-water and allocator state. Whole-child guardian peak samples the complete child, including both fresh models.",40.796875,0.05720812500021566
0,35231671267271804adb2c09859bf071e0779a938625cf37a88dc3c409db84f1,1.140272124999683,1.12494,30,0,1544192,,1e277cb16652947f945abfbcd94c70df32442859c6e85728eb9c7af0730a7234,10,0.014568792000318354,macOS proc_pid_rusage RUSAGE_INFO_V2,1000,0,1524892,42.734375,0.0006819159998485702,0.057330582999384205,0,evidence/benchmarks/20261007T143303-cpu-benchmark-6ad2db33c118/weak-r1-w1-world0/run-0,,1.0673585840004307,2,3d67a62e6eb2c78b4ac28aec497c7b5e43390d476cb8196309da0a9b9f644b90,0.00033224999970116187,complete,141c445eb7749254acb370e564614a56cc10cbb9d32e5c1cd397ba28dbe0de09,weak-r1-w1-world0,fresh_interpreter,30000,28106.76791257988,1.1431961250000313,1.247109625000121,0.1039135000000897,"CLI OS process high-water read before final output hashes; warm repeat inherits earlier high-water and allocator state. Whole-child guardian peak samples the complete child, including both fresh models.",38.34375,0.06025458299973252
0,f46759b45baa11ca65a316972982c2a0c7e83c7fd81f67757d4bb6466da375b9,1.178277832999811,1.1540439999999998,30,0,1548288,,2ac40da8626cf98ecbc0b34f98e0c2d8e951b1c39e6f9dba9767ce37ea885534,10,0.01777833300002385,macOS proc_pid_rusage RUSAGE_INFO_V2,1000,0,1527496,42.09375,0.00046720799946342595,0.05569500100045843,0,evidence/benchmarks/20261007T143303-cpu-benchmark-6ad2db33c118/weak-r1-w1-world1/run-0,,1.104008082999826,2,3d67a62e6eb2c78b4ac28aec497c7b5e43390d476cb8196309da0a9b9f644b90,0.00032920800003921613,complete,e21ba617c0f63ee07985685fbb9f12090576403a873133b666eda519eb0e3924,weak-r1-w1-world1,fresh_interpreter,30000,27173.714089559548,1.1804446250007459,1.307834332999846,0.1273897079991002,"CLI OS process high-water read before final output hashes; warm repeat inherits earlier high-water and allocator state. Whole-child guardian peak samples the complete child, including both fresh models.",42.09375,0.05786179300139338
0,35231671267271804adb2c09859bf071e0779a938625cf37a88dc3c409db84f1,1.1653989159995035,1.149732,30,0,1544192,,1e277cb16652947f945abfbcd94c70df32442859c6e85728eb9c7af0730a7234,10,0.014411707999897772,macOS proc_pid_rusage RUSAGE_INFO_V2,1000,0,1524883,42.796875,0.0005748330004280433,0.05472025000017311,0,evidence/benchmarks/20261007T143303-cpu-benchmark-6ad2db33c118/weak-r1-w2-world0/run-0,,1.0953544999993028,2,3d67a62e6eb2c78b4ac28aec497c7b5e43390d476cb8196309da0a9b9f644b90,0.00033762499970180215,complete,141c445eb7749254acb370e564614a56cc10cbb9d32e5c1cd397ba28dbe0de09,weak-r1-w2-world0,fresh_interpreter,30000,27388.393437940955,1.1680347500005155,1.2599040420000165,0.091869291999501,"CLI OS process high-water read before final output hashes; warm repeat inherits earlier high-water and allocator state. Whole-child guardian peak samples the complete child, including both fresh models.",36.828125,0.05735608400118508
0,f46759b45baa11ca65a316972982c2a0c7e83c7fd81f67757d4bb6466da375b9,1.15843920899988,1.141206,30,0,1548288,,2ac40da8626cf98ecbc0b34f98e0c2d8e951b1c39e6f9dba9767ce37ea885534,10,0.014464124999904016,macOS proc_pid_rusage RUSAGE_INFO_V2,1000,0,1527504,42.96875,0.0005166659993847134,0.05736541800069972,0,evidence/benchmarks/20261007T143303-cpu-benchmark-6ad2db33c118/weak-r1-w2-world1/run-0,,1.085749541000041,2,3d67a62e6eb2c78b4ac28aec497c7b5e43390d476cb8196309da0a9b9f644b90,0.0003434589998505544,complete,e21ba617c0f63ee07985685fbb9f12090576403a873133b666eda519eb0e3924,weak-r1-w2-world1,fresh_interpreter,30000,27630.68172459754,1.1612872910000078,1.240042290999554,0.07875499999954627,"CLI OS process high-water read before final output hashes; warm repeat inherits earlier high-water and allocator state. Whole-child guardian peak samples the complete child, including both fresh models.",36.765625,0.06021350000082748
0,552bd92d9d87fe4b5abb9f506413393966f9c18709859ca4faa662cf2a047a2b,1.1681508749998102,1.153009,30,0,1540096,,f4cc5a2b357dd343e0540413627bc03930d4fbe61527e9f63cbba494fb436ce3,10,0.015028499999971245,macOS proc_pid_rusage RUSAGE_INFO_V2,1000,0,1519995,41.390625,0.00045766700077365385,0.05670533299962699,0,evidence/benchmarks/20261007T143303-cpu-benchmark-6ad2db33c118/weak-r1-w2-world2/run-0,,1.0956145829995876,2,3d67a62e6eb2c78b4ac28aec497c7b5e43390d476cb8196309da0a9b9f644b90,0.0003447919998507132,complete,47778ab3e901352a4eb2a6fc8c36cb092c2b5bbe32a1fa5c862a75ef3b9f19c7,weak-r1-w2-world2,fresh_interpreter,30000,27381.89183085316,1.1708585839996886,1.2979547080003613,0.12709612400067272,"CLI OS process high-water read before final output hashes; warm repeat inherits earlier high-water and allocator state. Whole-child guardian peak samples the complete child, including both fresh models.",38.390625,0.05941304199950537
0,aa038bdc5005d306b87849f0e8f9eb63f07b99d89b92ddecbe6180aeec97b069,1.1539560410001286,1.139661,30,0,1548288,,c1e62d4a0ed278be3d47d2100c888289ab78967bcba2d3fa2fd8bee7e6ab1517,10,0.014669832999970822,macOS proc_pid_rusage RUSAGE_INFO_V2,1000,0,1527450,40.6875,0.00048116600009961985,0.05508383399956074,0,evidence/benchmarks/20261007T143303-cpu-benchmark-6ad2db33c118/weak-r1-w2-world3/run-0,,1.0833819999998013,2,3d67a62e6eb2c78b4ac28aec497c7b5e43390d476cb8196309da0a9b9f644b90,0.0003392080006960896,complete,b36d160cf1c4d29347cdd207daf9199f7839a7dea2550ee5ee73b16814f0aee8,weak-r1-w2-world3,fresh_interpreter,30000,27691.06372452699,1.1564802919992871,1.2844634579996637,0.1279831660003765,"CLI OS process high-water read before final output hashes; warm repeat inherits earlier high-water and allocator state. Whole-child guardian peak samples the complete child, including both fresh models.",36.6875,0.05760808499871928
0,35231671267271804adb2c09859bf071e0779a938625cf37a88dc3c409db84f1,1.1701339999999618,1.151743,30,0,1544192,,1e277cb16652947f945abfbcd94c70df32442859c6e85728eb9c7af0730a7234,10,0.015005583999482042,macOS proc_pid_rusage RUSAGE_INFO_V2,1000,0,1524892,42.71875,0.00047375000031024683,0.05933129100048973,0,evidence/benchmarks/20261007T143303-cpu-benchmark-6ad2db33c118/weak-r1-w4-world0/run-0,,1.0949964999999793,2,3d67a62e6eb2c78b4ac28aec497c7b5e43390d476cb8196309da0a9b9f644b90,0.0003268749997005216,complete,141c445eb7749254acb370e564614a56cc10cbb9d32e5c1cd397ba28dbe0de09,weak-r1-w4-world0,fresh_interpreter,30000,27397.34784540459,1.1728638340000543,1.3008393749996685,0.12797554099961417,"CLI OS process high-water read before final output hashes; warm repeat inherits earlier high-water and allocator state. Whole-child guardian peak samples the complete child, including both fresh models.",41.71875,0.06206112500058225
0,f46759b45baa11ca65a316972982c2a0c7e83c7fd81f67757d4bb6466da375b9,1.173938791999717,1.156196,30,0,1548288,,2ac40da8626cf98ecbc0b34f98e0c2d8e951b1c39e6f9dba9767ce37ea885534,10,0.015002207999714301,macOS proc_pid_rusage RUSAGE_INFO_V2,1000,0,1527508,43.15625,0.00045812499956809916,0.05996175100062828,0,evidence/benchmarks/20261007T143303-cpu-benchmark-6ad2db33c118/weak-r1-w4-world1/run-0,,1.0981766249997236,2,3d67a62e6eb2c78b4ac28aec497c7b5e43390d476cb8196309da0a9b9f644b90,0.00034008300008281367,complete,e21ba617c0f63ee07985685fbb9f12090576403a873133b666eda519eb0e3924,weak-r1-w4-world1,fresh_interpreter,30000,27318.00997859297,1.1768174580001869,1.306975374999638,0.13015791699945112,"CLI OS process high-water read before final output hashes; warm repeat inherits earlier high-water and allocator state. Whole-child guardian peak samples the complete child, including both fresh models.",40.15625,0.0628404170010981
0,552bd92d9d87fe4b5abb9f506413393966f9c18709859ca4faa662cf2a047a2b,1.1767884159999085,1.159953,30,0,1540096,,f4cc5a2b357dd343e0540413627bc03930d4fbe61527e9f63cbba494fb436ce3,10,0.01523837500008085,macOS proc_pid_rusage RUSAGE_INFO_V2,1000,0,1519992,42.71875,0.000631333999990602,0.05936745700000756,0,evidence/benchmarks/20261007T143303-cpu-benchmark-6ad2db33c118/weak-r1-w4-world2/run-0,,1.1012169579998954,2,3d67a62e6eb2c78b4ac28aec497c7b5e43390d476cb8196309da0a9b9f644b90,0.00033429199993406655,complete,47778ab3e901352a4eb2a6fc8c36cb092c2b5bbe32a1fa5c862a75ef3b9f19c7,weak-r1-w4-world2,fresh_interpreter,30000,27242.58810406264,1.1798202910003965,1.3066546249992825,0.126834333998886,"CLI OS process high-water read before final output hashes; warm repeat inherits earlier high-water and allocator state. Whole-child guardian peak samples the complete child, including both fresh models.",41.71875,0.06239933200049563
0,aa038bdc5005d306b87849f0e8f9eb63f07b99d89b92ddecbe6180aeec97b069,1.177945667000131,1.160549,30,0,1548288,,c1e62d4a0ed278be3d47d2100c888289ab78967bcba2d3fa2fd8bee7e6ab1517,10,0.015220250000311353,macOS proc_pid_rusage RUSAGE_INFO_V2,1000,0,1527447,41.875,0.0005554579993258812,0.05937712500053749,0,evidence/benchmarks/20261007T143303-cpu-benchmark-6ad2db33c118/weak-r1-w4-world3/run-0,,1.102445209000507,2,3d67a62e6eb2c78b4ac28aec497c7b5e43390d476cb8196309da0a9b9f644b90,0.0003476249994491809,complete,b36d160cf1c4d29347cdd207daf9199f7839a7dea2550ee5ee73b16814f0aee8,weak-r1-w4-world3,fresh_interpreter,30000,27212.23672167657,1.1809731670000474,1.294312665999314,0.11333949899926665,"CLI OS process high-water read before final output hashes; warm repeat inherits earlier high-water and allocator state. Whole-child guardian peak samples the complete child, including both fresh models.",38.40625,0.06240462500045396
0,991c648e2cf623fd3178e92478c764898d790f18021a32d5ac28bc1c92a7c00b,1.166196291000233,1.1506640000000001,30,0,1544192,,bc79621b7efceba83ad200f273dfc76f1764fe551e39872d7a11b1655fa1d116,10,0.014895582999997714,macOS proc_pid_rusage RUSAGE_INFO_V2,1000,0,1525760,42.5625,0.0005369999998947605,0.05683712499921967,0,evidence/benchmarks/20261007T143303-cpu-benchmark-6ad2db33c118/weak-r1-w4-world4/run-0,,1.0935880410006575,2,3d67a62e6eb2c78b4ac28aec497c7b5e43390d476cb8196309da0a9b9f644b90,0.0003385420004633488,complete,778d76d9824888b625964af7d8f3e5af1416ed2a2592f2b9f8faebd5dbe13e91,weak-r1-w4-world4,fresh_interpreter,30000,27432.633565148837,1.1688396670006114,1.2974098340000637,0.12857016699945234,"CLI OS process high-water read before final output hashes; warm repeat inherits earlier high-water and allocator state. Whole-child guardian peak samples the complete child, including both fresh models.",41.5625,0.05948050099959801
0,d035d38e42043de13dbeee53498226397fce1dfb60b571476136c070d8574be1,1.1625601249997999,1.1476579999999998,30,0,1548288,,fa802db7e33b4ef157fe443f20e36c94e068f16c6f4cff94fb0e468a7cbbdbea,10,0.014934541999537032,macOS proc_pid_rusage RUSAGE_INFO_V2,1000,0,1527438,41.3125,0.0005482090000441531,0.057199125000806816,0,evidence/benchmarks/20261007T143303-cpu-benchmark-6ad2db33c118/weak-r1-w4-world5/run-0,,1.0895577080000294,2,3d67a62e6eb2c78b4ac28aec497c7b5e43390d476cb8196309da0a9b9f644b90,0.00032054099938250147,complete,f147ab42ae078aab9b0ab90a6b4bbc9785bb6332114a040823a9d8e1f7fde98e,weak-r1-w4-world5,fresh_interpreter,30000,27534.10836317005,1.1653539589997308,1.2963896669998576,0.13103570800012676,"CLI OS process high-water read before final output hashes; warm repeat inherits earlier high-water and allocator state. Whole-child guardian peak samples the complete child, including both fresh models.",39.6875,0.059992959000737756
0,739101b169224561ad5fed81538a415321b85f4de5bbd2d49b309cbd418a31fb,1.1607292090002375,1.146027,30,0,1552384,,0bfa45035ce4aae87679aeeb10391d70d91545e1d5efac47c03bea7b508bd7a7,10,0.014962375000322936,macOS proc_pid_rusage RUSAGE_INFO_V2,1000,0,1531438,42.3125,0.0006011670002408209,0.05662125099934201,0,evidence/benchmarks/20261007T143303-cpu-benchmark-6ad2db33c118/weak-r1-w4-world6/run-0,,1.088208707999911,2,3d67a62e6eb2c78b4ac28aec497c7b5e43390d476cb8196309da0a9b9f644b90,0.00033570800042070914,complete,7b5d5c90931aec44da7aa06dabdfa35ad681eab12c1c9e6a46cfde90679df0bd,weak-r1-w4-world6,fresh_interpreter,30000,27568.241073110814,1.163772875000177,1.2535060000000158,0.08973312499983876,"CLI OS process high-water read before final output hashes; warm repeat inherits earlier high-water and allocator state. Whole-child guardian peak samples the complete child, including both fresh models.",36.765625,0.05966491699928156
0,a3b49fcbd1da9b64476502c6f1c7735f9a8ae2320595ec9371e2557572713453,1.1679659579995132,1.1523949999999998,30,0,1548288,,7781bdd3162321547b439d0e50b76dacdd278f803ff4df654b692a8e27185bf5,10,0.014875583999128139,macOS proc_pid_rusage RUSAGE_INFO_V2,1000,0,1529469,42.703125,0.000539583000318089,0.056260082999870065,0,evidence/benchmarks/20261007T143303-cpu-benchmark-6ad2db33c118/weak-r1-w4-world7/run-0,,1.0959257919994343,2,3d67a62e6eb2c78b4ac28aec497c7b5e43390d476cb8196309da0a9b9f644b90,0.0003649160007626051,complete,a403a4fa44fc5491acb6c5a6d658bbac569e5d7c898f5fc4cf8507a40af8c9bf,weak-r1-w4-world7,fresh_interpreter,30000,27374.116221197106,1.1706240000003163,1.3037219580000965,0.1330979579997802,"CLI OS process high-water read before final output hashes; warm repeat inherits earlier high-water and allocator state. Whole-child guardian peak samples the complete child, including both fresh models.",36.609375,0.05891812500067317
0,35231671267271804adb2c09859bf071e0779a938625cf37a88dc3c409db84f1,1.144811541999843,1.1299,30,0,1544192,,1e277cb16652947f945abfbcd94c70df32442859c6e85728eb9c7af0730a7234,10,0.014388958000381535,macOS proc_pid_rusage RUSAGE_INFO_V2,1000,0,1524881,41.234375,0.0005942080006207107,0.06097137599772395,0,evidence/benchmarks/20261007T143303-cpu-benchmark-6ad2db33c118/weak-r2-w1-world0/run-0,,1.068492000000333,2,3d67a62e6eb2c78b4ac28aec497c7b5e43390d476cb8196309da0a9b9f644b90,0.00036500000078376615,complete,141c445eb7749254acb370e564614a56cc10cbb9d32e5c1cd397ba28dbe0de09,weak-r2-w1-world0,fresh_interpreter,30000,28076.95331363328,1.1475432079996608,1.2576147079998918,0.11007150000023103,"CLI OS process high-water read before final output hashes; warm repeat inherits earlier high-water and allocator state. Whole-child guardian peak samples the complete child, including both fresh models.",38.703125,0.06370304199754173
0,f46759b45baa11ca65a316972982c2a0c7e83c7fd81f67757d4bb6466da375b9,1.1217934999995123,1.1077139999999999,30,0,1548288,,2ac40da8626cf98ecbc0b34f98e0c2d8e951b1c39e6f9dba9767ce37ea885534,10,0.014639207999607606,macOS proc_pid_rusage RUSAGE_INFO_V2,1000,0,1527495,41.875,0.0005187080005271127,0.05655491699963022,0,evidence/benchmarks/20261007T143303-cpu-benchmark-6ad2db33c118/weak-r2-w1-world1/run-0,,1.0497435839997706,2,3d67a62e6eb2c78b4ac28aec497c7b5e43390d476cb8196309da0a9b9f644b90,0.0003370829999767011,complete,e21ba617c0f63ee07985685fbb9f12090576403a873133b666eda519eb0e3924,weak-r2-w1-world1,fresh_interpreter,30000,28578.407581871492,1.124163167000006,1.2301909999996496,0.10602783299964358,"CLI OS process high-water read before final output hashes; warm repeat inherits earlier high-water and allocator state. Whole-child guardian peak samples the complete child, including both fresh models.",38.234375,0.058924584000124014
0,35231671267271804adb2c09859bf071e0779a938625cf37a88dc3c409db84f1,1.1589059159996395,1.141346,30,0,1544192,,1e277cb16652947f945abfbcd94c70df32442859c6e85728eb9c7af0730a7234,10,0.01467837500058522,macOS proc_pid_rusage RUSAGE_INFO_V2,1000,0,1524882,40.703125,0.0004920000001220615,0.05921066499740846,0,evidence/benchmarks/20261007T143303-cpu-benchmark-6ad2db33c118/weak-r2-w2-world0/run-0,,1.0841922920008074,2,3d67a62e6eb2c78b4ac28aec497c7b5e43390d476cb8196309da0a9b9f644b90,0.00033258400071645156,complete,141c445eb7749254acb370e564614a56cc10cbb9d32e5c1cd397ba28dbe0de09,weak-r2-w2-world0,fresh_interpreter,30000,27670.368274466262,1.1614647920005154,1.2541853750008158,0.0927205830003004,"CLI OS process high-water read before final output hashes; warm repeat inherits earlier high-water and allocator state. Whole-child guardian peak samples the complete child, including both fresh models.",37.046875,0.061769540998284356
0,f46759b45baa11ca65a316972982c2a0c7e83c7fd81f67757d4bb6466da375b9,1.1625057920000472,1.144562,30,0,1548288,,2ac40da8626cf98ecbc0b34f98e0c2d8e951b1c39e6f9dba9767ce37ea885534,10,0.01491570899997896,macOS proc_pid_rusage RUSAGE_INFO_V2,1000,0,1527492,40.875,0.00045845899967389414,0.059497040001588175,0,evidence/benchmarks/20261007T143303-cpu-benchmark-6ad2db33c118/weak-r2-w2-world1/run-0,,1.08729591699921,2,3d67a62e6eb2c78b4ac28aec497c7b5e43390d476cb8196309da0a9b9f644b90,0.0003386669995961711,complete,e21ba617c0f63ee07985685fbb9f12090576403a873133b666eda519eb0e3924,weak-r2-w2-world1,fresh_interpreter,30000,27591.3847656082,1.1649980840002172,1.2963173329999336,0.13131924899971636,"CLI OS process high-water read before final output hashes; warm repeat inherits earlier high-water and allocator state. Whole-child guardian peak samples the complete child, including both fresh models.",36.875,0.06198933200175816
0,552bd92d9d87fe4b5abb9f506413393966f9c18709859ca4faa662cf2a047a2b,1.1854607499999474,1.1701920000000001,30,0,1540096,,f4cc5a2b357dd343e0540413627bc03930d4fbe61527e9f63cbba494fb436ce3,10,0.014436417000069923,macOS proc_pid_rusage RUSAGE_INFO_V2,1000,0,1519993,42.03125,0.0006916250003996538,0.05658087499887188,0,evidence/benchmarks/20261007T143303-cpu-benchmark-6ad2db33c118/weak-r2-w2-world2/run-0,,1.1134090000005017,2,3d67a62e6eb2c78b4ac28aec497c7b5e43390d476cb8196309da0a9b9f644b90,0.0003428330001042923,complete,47778ab3e901352a4eb2a6fc8c36cb092c2b5bbe32a1fa5c862a75ef3b9f19c7,weak-r2-w2-world2,fresh_interpreter,30000,26944.276541672003,1.1883832089997668,1.3011254579996603,0.11274224899989349,"CLI OS process high-water read before final output hashes; warm repeat inherits earlier high-water and allocator state. Whole-child guardian peak samples the complete child, including both fresh models.",39.3125,0.05950333399869123
0,aa038bdc5005d306b87849f0e8f9eb63f07b99d89b92ddecbe6180aeec97b069,1.1827455840002585,1.1677620000000002,30,0,1548288,,c1e62d4a0ed278be3d47d2100c888289ab78967bcba2d3fa2fd8bee7e6ab1517,10,0.0143861670003389,macOS proc_pid_rusage RUSAGE_INFO_V2,1000,0,1527450,42.453125,0.0005468330000439892,0.05634125100004894,0,evidence/benchmarks/20261007T143303-cpu-benchmark-6ad2db33c118/weak-r2-w2-world3/run-0,,1.1111498749996827,2,3d67a62e6eb2c78b4ac28aec497c7b5e43390d476cb8196309da0a9b9f644b90,0.00032145800014404813,complete,b36d160cf1c4d29347cdd207daf9199f7839a7dea2550ee5ee73b16814f0aee8,weak-r2-w2-world3,fresh_interpreter,30000,26999.058070369283,1.18548812500012,1.2952099170006477,0.10972179200052778,"CLI OS process high-water read before final output hashes; warm repeat inherits earlier high-water and allocator state. Whole-child guardian peak samples the complete child, including both fresh models.",39.078125,0.05908379199991032
0,35231671267271804adb2c09859bf071e0779a938625cf37a88dc3c409db84f1,1.250768541999605,1.201333,30,0,1544192,,1e277cb16652947f945abfbcd94c70df32442859c6e85728eb9c7af0730a7234,10,0.015266499999597727,macOS proc_pid_rusage RUSAGE_INFO_V2,1000,0,1524880,42.140625,0.0005611249998764833,0.06068320900067192,0,evidence/benchmarks/20261007T143303-cpu-benchmark-6ad2db33c118/weak-r2-w4-world0/run-0,,1.1738430830000652,2,3d67a62e6eb2c78b4ac28aec497c7b5e43390d476cb8196309da0a9b9f644b90,0.000414624999393709,complete,141c445eb7749254acb370e564614a56cc10cbb9d32e5c1cd397ba28dbe0de09,weak-r2-w4-world0,fresh_interpreter,30000,25557.078654267058,1.2541049589999602,1.3615172079998956,0.1074122489999354,"CLI OS process high-water read before final output hashes; warm repeat inherits earlier high-water and allocator state. Whole-child guardian peak samples the complete child, including both fresh models.",38.40625,0.06401962600102706
0,f46759b45baa11ca65a316972982c2a0c7e83c7fd81f67757d4bb6466da375b9,1.2476842080004644,1.199188,30,0,1548288,,2ac40da8626cf98ecbc0b34f98e0c2d8e951b1c39e6f9dba9767ce37ea885534,10,0.015340000000833243,macOS proc_pid_rusage RUSAGE_INFO_V2,1000,0,1527499,42.703125,0.0005880839999008458,0.06047016599950439,0,evidence/benchmarks/20261007T143303-cpu-benchmark-6ad2db33c118/weak-r2-w4-world1/run-0,,1.1709482500000377,2,3d67a62e6eb2c78b4ac28aec497c7b5e43390d476cb8196309da0a9b9f644b90,0.00033770800018828595,complete,e21ba617c0f63ee07985685fbb9f12090576403a873133b666eda519eb0e3924,weak-r2-w4-world1,fresh_interpreter,30000,25620.261185751835,1.250678667000102,1.3559064589999252,0.10522779199982324,"CLI OS process high-water read before final output hashes; warm repeat inherits earlier high-water and allocator state. Whole-child guardian peak samples the complete child, including both fresh models.",38.3125,0.06346462499914196
0,552bd92d9d87fe4b5abb9f506413393966f9c18709859ca4faa662cf2a047a2b,1.2516500000001543,1.2046999999999999,30,0,1540096,,f4cc5a2b357dd343e0540413627bc03930d4fbe61527e9f63cbba494fb436ce3,10,0.015271457999915583,macOS proc_pid_rusage RUSAGE_INFO_V2,1000,0,1519984,42.796875,0.0005929169992668903,0.05906987500111427,0,evidence/benchmarks/20261007T143303-cpu-benchmark-6ad2db33c118/weak-r2-w4-world2/run-0,,1.1763741250006206,2,3d67a62e6eb2c78b4ac28aec497c7b5e43390d476cb8196309da0a9b9f644b90,0.0003416249992369558,complete,47778ab3e901352a4eb2a6fc8c36cb092c2b5bbe32a1fa5c862a75ef3b9f19c7,weak-r2-w4-world2,fresh_interpreter,30000,25502.091012061468,1.2547949169993444,1.361289334000503,0.10649441700115858,"CLI OS process high-water read before final output hashes; warm repeat inherits earlier high-water and allocator state. Whole-child guardian peak samples the complete child, including both fresh models.",38.40625,0.06221479200030444
0,aa038bdc5005d306b87849f0e8f9eb63f07b99d89b92ddecbe6180aeec97b069,1.2515461250004591,1.21123,30,0,1548288,,c1e62d4a0ed278be3d47d2100c888289ab78967bcba2d3fa2fd8bee7e6ab1517,10,0.015297375000045577,macOS proc_pid_rusage RUSAGE_INFO_V2,1000,0,1527462,42.546875,0.000555542000256537,0.058296041000176047,0,evidence/benchmarks/20261007T143303-cpu-benchmark-6ad2db33c118/weak-r2-w4-world3/run-0,,1.1770031670002936,2,3d67a62e6eb2c78b4ac28aec497c7b5e43390d476cb8196309da0a9b9f644b90,0.00039399999968736665,complete,b36d160cf1c4d29347cdd207daf9199f7839a7dea2550ee5ee73b16814f0aee8,weak-r2-w4-world3,fresh_interpreter,30000,25488.461578619113,1.2549113750001197,1.355396333000499,0.10048495800037927,"CLI OS process high-water read before final output hashes; warm repeat inherits earlier high-water and allocator state. Whole-child guardian peak samples the complete child, including both fresh models.",37.921875,0.06166129099983664
0,991c648e2cf623fd3178e92478c764898d790f18021a32d5ac28bc1c92a7c00b,1.2026507919999858,1.168745,30,0,1544192,,bc79621b7efceba83ad200f273dfc76f1764fe551e39872d7a11b1655fa1d116,10,0.015183292000074289,macOS proc_pid_rusage RUSAGE_INFO_V2,1000,0,1525762,40.828125,0.001270457999453356,0.06854000100065605,0,evidence/benchmarks/20261007T143303-cpu-benchmark-6ad2db33c118/weak-r2-w4-world4/run-0,,1.1171222080001826,2,3d67a62e6eb2c78b4ac28aec497c7b5e43390d476cb8196309da0a9b9f644b90,0.0005348329996195389,complete,778d76d9824888b625964af7d8f3e5af1416ed2a2592f2b9f8faebd5dbe13e91,weak-r2-w4-world4,fresh_interpreter,30000,26854.716328399314,1.2063357090000864,1.3028041659999872,0.09646845699990081,"CLI OS process high-water read before final output hashes; warm repeat inherits earlier high-water and allocator state. Whole-child guardian peak samples the complete child, including both fresh models.",37.9375,0.07222491800075659
0,d035d38e42043de13dbeee53498226397fce1dfb60b571476136c070d8574be1,1.2052708749997691,1.170058,30,0,1548288,,fa802db7e33b4ef157fe443f20e36c94e068f16c6f4cff94fb0e468a7cbbdbea,10,0.015210499999739113,macOS proc_pid_rusage RUSAGE_INFO_V2,1000,0,1527447,42.921875,0.0006220420000317972,0.06570262400055071,0,evidence/benchmarks/20261007T143303-cpu-benchmark-6ad2db33c118/weak-r2-w4-world5/run-0,,1.12339562499983,2,3d67a62e6eb2c78b4ac28aec497c7b5e43390d476cb8196309da0a9b9f644b90,0.0003400839996174909,complete,f147ab42ae078aab9b0ab90a6b4bbc9785bb6332114a040823a9d8e1f7fde98e,weak-r2-w4-world5,fresh_interpreter,30000,26704.750608232553,1.2088244159995156,1.3451035830003093,0.13627916700079368,"CLI OS process high-water read before final output hashes; warm repeat inherits earlier high-water and allocator state. Whole-child guardian peak samples the complete child, including both fresh models.",40.859375,0.06925616500029719
0,739101b169224561ad5fed81538a415321b85f4de5bbd2d49b309cbd418a31fb,1.2068723340007637,1.174592,30,0,1552384,,0bfa45035ce4aae87679aeeb10391d70d91545e1d5efac47c03bea7b508bd7a7,10,0.01527666699985275,macOS proc_pid_rusage RUSAGE_INFO_V2,1000,0,1531450,41.515625,0.0006352090003929334,0.06296820800071146,0,evidence/benchmarks/20261007T143303-cpu-benchmark-6ad2db33c118/weak-r2-w4-world6/run-0,,1.1275744999993549,2,3d67a62e6eb2c78b4ac28aec497c7b5e43390d476cb8196309da0a9b9f644b90,0.00041775000045163324,complete,7b5d5c90931aec44da7aa06dabdfa35ad681eab12c1c9e6a46cfde90679df0bd,weak-r2-w4-world6,fresh_interpreter,30000,26605.78081538485,1.2101041249998161,1.3030595419995734,0.09295541699975729,"CLI OS process high-water read before final output hashes; warm repeat inherits earlier high-water and allocator state. Whole-child guardian peak samples the complete child, including both fresh models.",37.328125,0.06619999899976392
0,a3b49fcbd1da9b64476502c6f1c7735f9a8ae2320595ec9371e2557572713453,1.207433999999921,1.1736119999999999,30,4096,1548288,,7781bdd3162321547b439d0e50b76dacdd278f803ff4df654b692a8e27185bf5,10,0.015256540999871504,macOS proc_pid_rusage RUSAGE_INFO_V2,1000,0,1529469,41.140625,0.0007373329999609268,0.06699404299979506,0,evidence/benchmarks/20261007T143303-cpu-benchmark-6ad2db33c118/weak-r2-w4-world7/run-0,,1.1237374580005053,2,3d67a62e6eb2c78b4ac28aec497c7b5e43390d476cb8196309da0a9b9f644b90,0.0007086249997882987,complete,a403a4fa44fc5491acb6c5a6d658bbac569e5d7c898f5fc4cf8507a40af8c9bf,weak-r2-w4-world7,fresh_interpreter,30000,26696.62721164405,1.2107875419997072,1.3005536250002478,0.08976608300054068,"CLI OS process high-water read before final output hashes; warm repeat inherits earlier high-water and allocator state. Whole-child guardian peak samples the complete child, including both fresh models.",37.265625,0.07034758499958116
