decision_errors,decisions_completed,max_individual_time_booked_hours,produced_work_units,effort_hours,cooperation_units,decision_regret_units,backlog_peak_records,review_hours,verification_resource_units,reviews_rejected,fraudulent_records_detected,honest_records_rejected,confirmed_records,fraudulent_records_accepted,appeal_hours,corrections,model_version,world,regime,backend,attack,n,days_completed,update_interval_days,confirmation_mean_days,confirmation_p95_days,appeal_mean_days,unfinished_records,unfinished_appeals,last_authority_contribution_tv,last_signed_gini_gap,context,appeals_denied
8.0,120.0,1.0000000000000002,8703.950172437624,8181.4277868138515,4719.420569112489,1.1965288470427522,2321,1299.1999999999139,0.0,2556.0,0.0,2556.0,10329.0,0.0,30.749999999999886,200.0,0.1.0,8000,equal,central,none,500,30,1,3.4856230031948883,5.0,6.31,2320,22,0.19015959725817058,-0.2651337776803596,fixed_four_guild_scale,
8.0,120.0,1.0000000000000002,8115.08059178426,7968.794201994211,4611.0940192386715,1.3552994032075663,2300,1299.1999999999139,0.0,2950.0,0.0,2950.0,9954.0,0.0,29.549999999999898,192.0,0.1.0,8000,hierarchy,central,none,500,30,1,3.469459513763311,5.0,6.291666666666667,2293,21,0.15177408176898144,0.13510817592932625,fixed_four_guild_scale,
10.0,120.0,1.0000000000000002,8407.182515141958,8050.3776108948105,4677.0498220002055,1.2111208427015114,2303,1299.1999999999139,0.0,2854.0,0.0,2854.0,10043.0,0.0,29.999999999999893,195.0,0.1.0,8000,hierarchy_tenure,central,none,500,30,1,3.4746589664442897,5.0,6.287179487179487,2303,22,0.37123429407897435,0.11034260200898639,fixed_four_guild_scale,
7.0,120.0,1.0000000000000002,8252.657499907227,8041.063529132123,4626.583988178948,1.0269475687601672,2306,1299.1999999999139,0.0,2800.0,0.0,2800.0,10095.0,0.0,29.549999999999898,192.0,0.1.0,8000,linear,central,none,500,30,1,3.4749876176324914,5.0,6.291666666666667,2302,22,0.0,0.0,fixed_four_guild_scale,
7.0,120.0,1.0000000000000002,8316.403158760872,8072.197526805206,4632.100943692318,1.0269475687601672,2310,1299.1999999999139,0.0,2750.0,0.0,2750.0,10140.0,0.0,29.699999999999896,193.0,0.1.0,8000,sublinear,central,none,500,30,1,3.477514792899408,5.0,6.295336787564767,2308,22,0.03449774389678932,-0.04716281739571275,fixed_four_guild_scale,
9.0,120.0,1.0000000000000002,8582.530738381958,8165.711885148137,4727.996875016383,0.9081056646552684,2345,1299.1999999999139,0.0,2427.0,0.0,2427.0,10417.0,0.0,28.499999999999908,178.0,0.1.0,8001,equal,central,none,500,30,1,3.4800806374196025,5.0,6.303370786516854,2345,26,0.17405066789421336,-0.24408961827346307,fixed_four_guild_scale,1.0
9.0,120.0,1.0000000000000002,7929.878652150122,7900.205462167663,4606.250633042164,0.9503372817157819,2315,1299.1999999999139,0.0,2868.0,0.0,2868.0,10001.0,0.0,27.749999999999915,175.0,0.1.0,8001,hierarchy,central,none,500,30,1,3.4638536146385364,5.0,6.291428571428572,2315,26,0.15625121236781644,0.15611451417079064,fixed_four_guild_scale,1.0
12.0,120.0,1.0000000000000002,8254.782271432528,8029.783267551387,4666.739213745009,1.5779742718771823,2321,1299.1999999999139,0.0,2782.0,0.0,2782.0,10075.0,0.0,26.849999999999923,169.0,0.1.0,8001,hierarchy_tenure,central,none,500,30,1,3.463622828784119,5.0,6.295857988165681,2321,26,0.3847510577686404,0.12418686564976297,fixed_four_guild_scale,1.0
9.0,120.0,1.0000000000000002,8121.8230425402135,7999.235560509881,4626.086241607171,0.9503372817157819,2326,1299.1999999999139,0.0,2720.0,0.0,2720.0,10139.0,0.0,27.899999999999913,175.0,0.1.0,8001,linear,central,none,500,30,1,3.4703619686359604,5.0,6.3028571428571425,2326,27,0.0,0.0,fixed_four_guild_scale,1.0
9.0,120.0,1.0000000000000002,8194.796855202492,8035.714417907969,4633.948867646783,0.9503372817157819,2330,1299.1999999999139,0.0,2656.0,0.0,2656.0,10199.0,0.0,27.899999999999913,175.0,0.1.0,8001,sublinear,central,none,500,30,1,3.4722031571722716,5.0,6.3028571428571425,2330,28,0.031313238227591494,-0.042480667367476334,fixed_four_guild_scale,1.0
8.0,120.0,1.0000000000000002,8802.802722617676,8138.58694008357,4641.495676008881,1.2034858468003284,2346,1299.1999999999139,0.0,2440.0,0.0,2440.0,10415.0,0.0,30.599999999999888,194.0,0.1.0,8002,equal,central,none,500,30,1,3.48756601056169,5.0,6.314432989690721,2346,20,0.1843690096197967,-0.2535605983050597,fixed_four_guild_scale,3.0
9.0,120.0,1.0000000000000002,8261.85170578992,7914.410983473326,4525.256391474639,1.4268770405793834,2321,1299.1999999999139,0.0,2768.0,0.0,2768.0,10108.0,0.0,29.849999999999895,190.0,0.1.0,8002,hierarchy,central,none,500,30,1,3.4773446774831815,5.0,6.336842105263158,2321,20,0.14821299914087704,0.14276781565906424,fixed_four_guild_scale,2.0
10.0,120.0,1.0000000000000002,8497.575236830875,8007.160491683932,4574.609171480735,1.3137132364436592,2325,1299.1999999999139,0.0,2748.0,0.0,2748.0,10119.0,0.0,29.2499999999999,184.0,0.1.0,8002,hierarchy_tenure,central,none,500,30,1,3.4693151497183514,5.0,6.282608695652174,2325,21,0.3831925286657191,0.11752007423987998,fixed_four_guild_scale,3.0
8.0,120.0,1.0000000000000002,8378.038386658305,7991.445728616922,4520.988387766437,1.2034858468003284,2329,1299.1999999999139,0.0,2672.0,0.0,2672.0,10195.0,0.0,29.699999999999896,189.0,0.1.0,8002,linear,central,none,500,30,1,3.4831780284453164,5.0,6.333333333333333,2329,20,0.0,6.938893903907228e-18,fixed_four_guild_scale,2.0
8.0,120.0,1.0000000000000002,8442.33002501223,8022.596359140332,4529.714507830296,1.2034858468003284,2335,1299.1999999999139,0.0,2624.0,0.0,2624.0,10238.0,0.0,29.849999999999895,190.0,0.1.0,8002,sublinear,central,none,500,30,1,3.4854463762453602,5.0,6.331578947368421,2335,21,0.03335025832293361,-0.04490262126776364,fixed_four_guild_scale,2.0
11.0,120.0,1.0000000000000002,8926.656231031218,8178.787840984345,4651.972573535718,1.6312334699369573,2322,1299.1999999999139,0.0,2531.0,0.0,2531.0,10329.0,0.0,27.449999999999918,174.0,0.1.0,8003,equal,central,none,500,30,1,3.4765224126246492,5.0,6.224137931034483,2322,22,0.1928075699910689,-0.27012678539727875,fixed_four_guild_scale,1.0
12.0,120.0,1.0000000000000002,8382.450933121638,7955.37939798247,4537.070383262647,1.7134180724850276,2312,1299.1999999999139,0.0,2821.0,0.0,2821.0,10041.0,0.0,26.24999999999993,167.0,0.1.0,8003,hierarchy,central,none,500,30,1,3.4705706602927995,5.0,6.233532934131737,2312,22,0.1474305596935747,0.12947325093511944,fixed_four_guild_scale,1.0
12.0,120.0,1.0000000000000002,8637.874659171961,8054.215444448437,4584.619298945278,1.8298947951734004,2312,1299.1999999999139,0.0,2802.0,0.0,2802.0,10059.0,0.0,26.09999999999993,167.0,0.1.0,8003,hierarchy_tenure,central,none,500,30,1,3.4660503032110546,5.0,6.203592814371257,2312,22,0.39147976156802444,0.10077308875473487,fixed_four_guild_scale,1.0
12.0,120.0,1.0000000000000002,8505.905226652363,8041.954676739158,4562.235831627506,1.7978381833478219,2317,1299.1999999999139,0.0,2673.0,0.0,2673.0,10185.0,0.0,26.399999999999928,167.0,0.1.0,8003,linear,central,none,500,30,1,3.47373588610702,5.0,6.2155688622754495,2317,23,0.0,6.938893903907228e-18,fixed_four_guild_scale,1.0
12.0,120.0,1.0000000000000002,8577.504169086105,8076.434576678936,4569.027717999784,1.7978381833478219,2319,1299.1999999999139,0.0,2634.0,0.0,2634.0,10227.0,0.0,27.14999999999992,172.0,0.1.0,8003,sublinear,central,none,500,30,1,3.4760926958052214,5.0,6.226744186046512,2319,23,0.03591181150352152,-0.04839544720859742,fixed_four_guild_scale,1.0
14.0,120.0,1.0000000000000002,8719.435839820757,8166.222990584711,4594.73857432193,1.2939653700013334,2343,1299.1999999999139,0.0,2444.0,0.0,2444.0,10432.0,0.0,33.59999999999986,210.0,0.1.0,8004,equal,central,none,500,30,1,3.492235429447853,5.0,6.366666666666666,2343,14,0.1770266865407822,-0.2496742701853994,fixed_four_guild_scale,5.0
13.0,120.0,1.0000000000000002,8194.915692255685,7944.27776950195,4490.6248023863445,1.2244126442759389,2317,1299.1999999999139,0.0,2840.0,0.0,2840.0,10058.0,0.0,32.849999999999866,208.0,0.1.0,8004,hierarchy,central,none,500,30,1,3.4800159077351362,5.0,6.355769230769231,2317,15,0.15700449627858967,0.1442574598732821,fixed_four_guild_scale,4.0
13.0,120.0,1.0000000000000002,8401.595423929879,8063.804237993716,4496.038190592941,1.2784207320330592,2327,1299.1999999999139,0.0,2768.0,0.0,2768.0,10111.0,0.0,31.49999999999988,198.0,0.1.0,8004,hierarchy_tenure,central,none,500,30,1,3.4756206112155077,5.0,6.338383838383838,2327,13,0.38239058800675885,0.12368953286580955,fixed_four_guild_scale,4.0
14.0,120.0,1.0000000000000002,8347.463035340046,8031.9020540294,4519.421047235972,1.2939653700013334,2332,1299.1999999999139,0.0,2658.0,0.0,2658.0,10228.0,0.0,33.29999999999986,211.0,0.1.0,8004,linear,central,none,500,30,1,3.489538521705123,5.0,6.3649289099526065,2332,16,0.0,2.0816681711721685e-17,fixed_four_guild_scale,4.0
14.0,120.0,1.0000000000000002,8400.024170427267,8064.845771128544,4523.497118537117,1.2939653700013334,2332,1299.1999999999139,0.0,2612.0,0.0,2612.0,10273.0,0.0,33.149999999999864,210.0,0.1.0,8004,sublinear,central,none,500,30,1,3.489438333495571,5.0,6.3619047619047615,2332,16,0.03316357955749845,-0.04547621855392373,fixed_four_guild_scale,4.0
6.0,120.0,1.0000000000000002,8539.08659855347,8154.8731054314985,4792.373410167254,0.9676961868022228,2319,1299.1999999999139,0.0,2521.0,0.0,2521.0,10363.0,0.0,30.599999999999888,198.0,0.1.0,8005,equal,central,none,500,30,1,3.488661584483258,5.0,6.232323232323233,2319,16,0.17914109161287659,-0.2500751591324632,fixed_four_guild_scale,1.0
6.0,120.0,1.0000000000000002,7938.898219597747,7961.7903838505445,4666.538227686448,0.9799105224505105,2304,1299.1999999999139,0.0,2946.0,0.0,2946.0,9940.0,0.0,28.649999999999906,185.0,0.1.0,8005,hierarchy,central,none,500,30,1,3.472535211267606,5.0,6.216216216216216,2304,13,0.15518112540034637,0.14843282713860306,fixed_four_guild_scale,1.0
11.0,120.0,1.0000000000000002,8201.438006148197,8015.957314129716,4708.584529705938,1.5773892913913463,2303,1299.1999999999139,0.0,2869.0,0.0,2869.0,10025.0,0.0,29.699999999999896,192.0,0.1.0,8005,hierarchy_tenure,central,none,500,30,1,3.4738154613466334,5.0,6.255208333333333,2303,14,0.38443898631539997,0.12381012396991518,fixed_four_guild_scale,1.0
5.0,120.0,1.0000000000000002,8106.948012221641,8038.55134269821,4687.810781365347,0.70426453306961,2315,1299.1999999999139,0.0,2770.0,0.0,2770.0,10110.0,0.0,29.3999999999999,190.0,0.1.0,8005,linear,central,none,500,30,1,3.4817012858555887,5.0,6.205263157894737,2315,15,0.0,2.7755575615628914e-17,fixed_four_guild_scale,1.0
6.0,120.0,1.0000000000000002,8167.3689269575025,8068.0638070501445,4693.791939376805,1.0625994684839324,2314,1299.1999999999139,0.0,2713.0,0.0,2713.0,10168.0,0.0,29.3999999999999,190.0,0.1.0,8005,sublinear,central,none,500,30,1,3.48426435877262,5.0,6.205263157894737,2314,15,0.03274031981901992,-0.044798160191658484,fixed_four_guild_scale,1.0
8.0,120.0,1.0000000000000002,8862.975774183018,8146.620124726293,4883.256603271271,1.3147205043177193,2330,1299.1999999999139,0.0,2471.0,0.0,2471.0,10397.0,0.0,29.849999999999895,194.0,0.1.0,8006,equal,central,none,500,30,1,3.4904299317110703,5.0,6.221649484536083,2330,20,0.1885842309932422,-0.2654122132704228,fixed_four_guild_scale,1.0
7.0,120.0,1.0000000000000002,8274.701967080353,7928.371318128602,4753.388453108652,0.8174635966575992,2318,1299.1999999999139,0.0,2812.0,0.0,2812.0,10066.0,0.0,29.549999999999898,191.0,0.1.0,8006,hierarchy,central,none,500,30,1,3.4778462149811245,5.0,6.2356020942408374,2318,19,0.15114149067182822,0.13262991505924712,fixed_four_guild_scale,1.0
11.0,120.0,1.0000000000000002,8479.52089039509,7988.267184310996,4784.588932706197,1.3969458746410373,2321,1299.1999999999139,0.0,2829.0,0.0,2829.0,10049.0,0.0,29.999999999999893,195.0,0.1.0,8006,hierarchy_tenure,central,none,500,30,1,3.480545327893323,5.0,6.241025641025641,2321,18,0.38417715071515823,0.10678724085050552,fixed_four_guild_scale,1.0
7.0,120.0,1.0000000000000002,8389.64398954257,7991.95461820996,4751.382924654829,0.8174635966575992,2327,1299.1999999999139,0.0,2704.0,0.0,2704.0,10163.0,0.0,29.2499999999999,189.0,0.1.0,8006,linear,central,none,500,30,1,3.4846993997835285,5.0,6.222222222222222,2327,20,0.0,6.938893903907228e-18,fixed_four_guild_scale,1.0
7.0,120.0,1.0000000000000002,8456.176799624522,8030.2467380475655,4763.661240753301,0.8174635966575992,2329,1299.1999999999139,0.0,2650.0,0.0,2650.0,10217.0,0.0,29.549999999999898,191.0,0.1.0,8006,sublinear,central,none,500,30,1,3.4866399138690416,5.0,6.225130890052356,2329,20,0.03514223123811358,-0.04786596659778095,fixed_four_guild_scale,1.0
7.0,120.0,1.0000000000000002,8648.875324674922,8191.165083345649,4714.125624166892,0.6178420373826911,2324,1299.1999999999139,0.0,2327.0,0.0,2327.0,10531.0,0.0,28.049999999999912,176.0,0.1.0,8007,equal,central,none,500,30,1,3.4848542398632607,5.0,6.2102272727272725,2324,19,0.1671389228893071,-0.2344446653391058,fixed_four_guild_scale,5.0
8.0,120.0,1.0000000000000002,8071.813162826887,7944.545627857385,4588.0355279461855,0.7831709286544445,2313,1299.1999999999139,0.0,2726.0,0.0,2726.0,10133.0,0.0,26.549999999999926,166.0,0.1.0,8007,hierarchy,central,none,500,30,1,3.4720221059903285,5.0,6.198795180722891,2313,20,0.15640371383314844,0.1583121353612479,fixed_four_guild_scale,5.0
8.0,120.0,1.0000000000000002,8377.169810450947,8048.788956428224,4648.650319792702,1.1529681669721372,2313,1299.1999999999139,0.0,2669.0,0.0,2669.0,10197.0,0.0,27.449999999999918,173.0,0.1.0,8007,hierarchy_tenure,central,none,500,30,1,3.4755320192213395,5.0,6.202312138728324,2313,19,0.39390611977525497,0.12976561991455648,fixed_four_guild_scale,4.0
7.0,120.0,1.0000000000000002,8234.180350732777,8038.603739246438,4607.028770562863,0.6178420373826911,2320,1299.1999999999139,0.0,2550.0,0.0,2550.0,10305.0,0.0,26.999999999999922,169.0,0.1.0,8007,linear,central,none,500,30,1,3.480640465793304,5.0,6.218934911242603,2320,18,0.0,6.938893903907228e-18,fixed_four_guild_scale,5.0
7.0,120.0,1.0000000000000002,8305.918608242919,8070.8456365337015,4620.690764941791,0.6178420373826911,2322,1299.1999999999139,0.0,2505.0,0.0,2505.0,10348.0,0.0,26.999999999999922,169.0,0.1.0,8007,sublinear,central,none,500,30,1,3.4821221492075765,5.0,6.218934911242603,2322,18,0.030702916397403586,-0.04194219200137739,fixed_four_guild_scale,5.0
9.0,120.0,1.0000000000000002,17417.097309996105,16368.548006771345,9410.419585477268,1.2051160072757823,4547,2609.9999999987217,0.0,4956.0,0.0,4956.0,20882.0,0.0,58.349999999999625,370.0,0.1.0,8000,equal,central,none,1000,30,1,3.429748108418734,5.0,6.22972972972973,4547,34,0.18548288516912656,-0.25882793833568685,fixed_four_guild_scale,4.0
8.0,120.0,1.0000000000000002,16248.355494864103,15949.42276382157,9214.625071541264,1.2264166725330239,4502,2609.9999999987217,0.0,5686.0,0.0,5686.0,20193.0,0.0,57.74999999999963,364.0,0.1.0,8000,hierarchy,central,none,1000,30,1,3.417719011538652,5.0,6.228021978021978,4502,32,0.1511475496715837,0.14059356141031917,fixed_four_guild_scale,4.0
9.0,120.0,1.0000000000000002,16830.30520186294,16077.589347211846,9277.081178643159,1.199350280871497,4516,2609.9999999987217,0.0,5601.0,0.0,5601.0,20259.0,0.0,56.99999999999964,361.0,0.1.0,8000,hierarchy_tenure,central,none,1000,30,1,3.419566612369811,5.0,6.218836565096953,4516,34,0.3743995594503796,0.10915860286133874,fixed_four_guild_scale,4.0
8.0,120.0,1.0000000000000002,16492.057086051133,16090.610509216982,9217.131452073472,1.1906614584019124,4515,2609.9999999987217,0.0,5444.0,0.0,5444.0,20422.0,0.0,57.74999999999963,364.0,0.1.0,8000,linear,central,none,1000,30,1,3.4222407207913035,5.0,6.230769230769231,4515,33,0.0,2.0816681711721685e-17,fixed_four_guild_scale,4.0
9.0,120.0,1.0000000000000002,16624.212370422967,16154.691165005424,9232.679518410263,1.3559728592550644,4524,2609.9999999987217,0.0,5322.0,0.0,5322.0,20536.0,0.0,57.89999999999963,365.0,0.1.0,8000,sublinear,central,none,1000,30,1,3.4241819244253993,5.0,6.227397260273973,4524,34,0.03310869497400016,-0.04541191198924144,fixed_four_guild_scale,4.0
10.0,120.0,1.0000000000000002,17456.47936631629,16341.41554946831,9245.16153009572,1.2036022389858712,4564,2609.9999999987217,0.0,4826.0,0.0,4826.0,20996.0,0.0,58.49999999999962,370.0,0.1.0,8001,equal,central,none,1000,30,1,3.4282244236997523,5.0,6.251351351351351,4564,48,0.1750083916085178,-0.24583867379931976,fixed_four_guild_scale,4.0
9.0,120.0,1.0000000000000002,16116.020409545592,15859.612890197785,8951.198122216398,1.1421700511905737,4502,2609.9999999987217,0.0,5698.0,0.0,5698.0,20169.0,0.0,55.94999999999965,354.0,0.1.0,8001,hierarchy,central,none,1000,30,1,3.4094402300560267,5.0,6.220338983050848,4502,46,0.1530319781226015,0.15231167925156858,fixed_four_guild_scale,4.0
10.0,120.0,1.0000000000000002,16730.68188426209,16067.848174233262,9066.380942893247,1.2036022389858712,4514,2609.9999999987217,0.0,5577.0,0.0,5577.0,20275.0,0.0,55.49999999999965,353.0,0.1.0,8001,hierarchy_tenure,central,none,1000,30,1,3.4110974106041922,5.0,6.235127478753541,4514,47,0.37270861847731873,0.12316096054195098,fixed_four_guild_scale,4.0
9.0,120.0,1.0000000000000002,16491.027075886992,16040.775235012108,9007.118481389522,1.1421700511905737,4528,2609.9999999987217,0.0,5379.0,0.0,5379.0,20466.0,0.0,56.54999999999964,358.0,0.1.0,8001,linear,central,none,1000,30,1,3.4177660510114336,5.0,6.237430167597766,4528,47,0.0,-2.7755575615628914e-17,fixed_four_guild_scale,4.0
9.0,120.0,1.0000000000000002,16640.635015890974,16111.069716205593,9030.648457475952,1.1421700511905737,4538,2609.9999999987217,0.0,5237.0,0.0,5237.0,20603.0,0.0,57.299999999999635,363.0,0.1.0,8001,sublinear,central,none,1000,30,1,3.4214920157258653,5.0,6.245179063360881,4538,49,0.03132360385872241,-0.04280416913221656,fixed_four_guild_scale,4.0
8.0,120.0,1.0000000000000002,17856.567926009026,16284.084723233138,9211.97712846921,1.2034858468003284,4578,2609.9999999987217,0.0,4878.0,0.0,4878.0,20947.0,0.0,61.349999999999596,385.0,0.1.0,8002,equal,central,none,1000,30,1,3.4293216212345445,5.0,6.2727272727272725,4578,52,0.1863323476478158,-0.2595268012126972,fixed_four_guild_scale,6.0
7.0,120.0,1.0000000000000002,16671.153367672774,15784.378081276915,8950.935131534572,0.9433690360795343,4526,2609.9999999987217,0.0,5637.0,0.0,5637.0,20227.0,0.0,59.249999999999616,373.0,0.1.0,8002,hierarchy,central,none,1000,30,1,3.418252830375241,5.0,6.2922252010723865,4526,51,0.14549565905199344,0.1325765811182919,fixed_four_guild_scale,5.0
8.0,120.0,1.0000000000000002,17187.543186602175,16014.506262326451,9071.757306697886,1.0834877181820006,4535,2609.9999999987217,0.0,5555.0,0.0,5555.0,20290.0,0.0,57.89999999999963,361.0,0.1.0,8002,hierarchy_tenure,central,none,1000,30,1,3.412074913750616,5.0,6.243767313019391,4535,51,0.3871934729375426,0.10658194227758863,fixed_four_guild_scale,6.0
7.0,120.0,1.0000000000000002,16917.7036162809,15934.143226554042,8950.29386155658,0.9433690360795343,4541,2609.9999999987217,0.0,5420.0,0.0,5420.0,20427.0,0.0,58.94999999999962,371.0,0.1.0,8002,linear,central,none,1000,30,1,3.4246830175747784,5.0,6.285714285714286,4541,54,0.0,6.938893903907228e-18,fixed_four_guild_scale,5.0
7.0,120.0,1.0000000000000002,17063.23499980691,16009.26548244112,8975.670375766387,0.9433690360795343,4551,2609.9999999987217,0.0,5315.0,0.0,5315.0,20525.0,0.0,59.399999999999615,374.0,0.1.0,8002,sublinear,central,none,1000,30,1,3.4262119366626065,5.0,6.291443850267379,4551,54,0.0340105053048559,-0.04614698904249044,fixed_four_guild_scale,5.0
12.0,120.0,1.0000000000000002,17451.5933981555,16351.318508975171,9214.372423861085,0.8875492267939739,4543,2609.9999999987217,0.0,5109.0,0.0,5109.0,20703.0,0.0,53.39999999999967,345.0,0.1.0,8003,equal,central,none,1000,30,1,3.4254938897744287,5.0,6.16231884057971,4543,47,0.18712059593838387,-0.2623982498722103,fixed_four_guild_scale,1.0
11.0,120.0,1.0000000000000002,16346.94925729932,15943.073511822453,8945.78364579135,0.7900955929760615,4495,2609.9999999987217,0.0,5794.0,0.0,5794.0,20046.0,0.0,50.3999999999997,325.0,0.1.0,8003,hierarchy,central,none,1000,30,1,3.4136486082011372,5.0,6.153846153846154,4495,48,0.15083355828586129,0.13588189823674623,fixed_four_guild_scale,1.0
9.0,120.0,1.0000000000000002,16871.29375663314,16094.990900342798,9103.882506376054,0.5656224290323865,4515,2609.9999999987217,0.0,5708.0,0.0,5708.0,20116.0,0.0,50.999999999999694,331.0,0.1.0,8003,hierarchy_tenure,central,none,1000,30,1,3.4120103400278383,5.0,6.148036253776435,4515,46,0.3909221440681516,0.10621644838112468,fixed_four_guild_scale,1.0
11.0,120.0,1.0000000000000002,16589.05351511407,16090.191514421587,8999.878859161194,0.7900955929760615,4513,2609.9999999987217,0.0,5515.0,0.0,5515.0,20315.0,0.0,51.59999999999969,333.0,0.1.0,8003,linear,central,none,1000,30,1,3.420083682008368,5.0,6.162162162162162,4513,49,0.0,6.938893903907228e-18,fixed_four_guild_scale,1.0
11.0,120.0,1.0000000000000002,16725.36781497757,16160.47176766686,9022.224239346478,0.7900955929760615,4518,2609.9999999987217,0.0,5401.0,0.0,5401.0,20431.0,0.0,52.64999999999968,340.0,0.1.0,8003,sublinear,central,none,1000,30,1,3.4224462826097595,5.0,6.170588235294118,4518,49,0.034396431941249084,-0.04676868426148753,fixed_four_guild_scale,1.0
10.0,120.0,1.0000000000000002,17353.08316207895,16344.606348983676,9121.757803964681,1.0061254832248936,4567,2609.9999999987217,0.0,4858.0,0.0,4858.0,21003.0,0.0,65.54999999999963,415.0,0.1.0,8004,equal,central,none,1000,30,1,3.435509212969576,5.0,6.303614457831325,4567,42,0.17444053021657924,-0.24550587484342767,fixed_four_guild_scale,9.0
10.0,120.0,1.0000000000000002,16258.442452627376,15887.80966231623,8886.904278350032,0.9604432633139177,4523,2609.9999999987217,0.0,5588.0,0.0,5588.0,20308.0,0.0,64.04999999999957,407.0,0.1.0,8004,hierarchy,central,none,1000,30,1,3.424020090604688,5.0,6.292383292383293,4523,41,0.1560758134089572,0.14868172969773408,fixed_four_guild_scale,8.0
11.0,120.0,1.0000000000000002,16777.613439432345,16073.113718985227,9070.235454796859,1.2397785261540388,4540,2609.9999999987217,0.0,5454.0,0.0,5454.0,20415.0,0.0,62.549999999999585,398.0,0.1.0,8004,hierarchy_tenure,central,none,1000,30,1,3.4228263531716876,5.0,6.298994974874372,4540,38,0.37912315095117044,0.12513815557207644,fixed_four_guild_scale,8.0
9.0,120.0,1.0000000000000002,16575.440365534527,16060.690433951071,8937.730008954555,0.9365727574994991,4551,2609.9999999987217,0.0,5288.0,0.0,5288.0,20584.0,0.0,64.6499999999996,411.0,0.1.0,8004,linear,central,none,1000,30,1,3.4321317528177224,5.0,6.29683698296837,4551,43,0.0,6.938893903907228e-18,fixed_four_guild_scale,8.0
10.0,120.0,1.0000000000000002,16701.754903194163,16131.123065723696,8956.24183345076,1.0061254832248936,4556,2609.9999999987217,0.0,5186.0,0.0,5186.0,20681.0,0.0,64.6499999999996,411.0,0.1.0,8004,sublinear,central,none,1000,30,1,3.432909433779798,5.0,6.29683698296837,4556,43,0.032487573543981685,-0.04452649913261739,fixed_four_guild_scale,8.0
7.0,120.0,1.0000000000000002,17613.721962944994,16348.290553380575,9634.358776927133,0.7402595616222222,4550,2609.9999999987217,0.0,4907.0,0.0,4907.0,20948.0,0.0,61.1999999999996,387.0,0.1.0,8005,equal,central,none,1000,30,1,3.4308764559862515,5.0,6.186046511627907,4550,41,0.1831826910646757,-0.2567743088809465,fixed_four_guild_scale,3.0
7.0,120.0,1.0000000000000002,16447.317519988716,15955.692062172602,9391.99065420195,1.0270556661558998,4514,2609.9999999987217,0.0,5611.0,0.0,5611.0,20258.0,0.0,57.89999999999963,365.0,0.1.0,8005,hierarchy,central,none,1000,30,1,3.419488597097443,5.0,6.167123287671233,4514,38,0.1528686099607954,0.1415084675143018,fixed_four_guild_scale,3.0
9.0,120.0,1.0000000000000002,16988.41468175307,16097.434693972953,9460.254802934334,1.3173131260491324,4525,2609.9999999987217,0.0,5565.0,0.0,5565.0,20299.0,0.0,58.79999999999962,373.0,0.1.0,8005,hierarchy_tenure,central,none,1000,30,1,3.4165229814276565,5.0,6.1796246648793565,4525,38,0.3830197974854501,0.1146832873644105,fixed_four_guild_scale,3.0
6.0,120.0,1.0000000000000002,16749.57277151723,16112.267825136565,9435.150378136745,0.961519834137484,4537,2609.9999999987217,0.0,5290.0,0.0,5290.0,20566.0,0.0,59.399999999999615,375.0,0.1.0,8005,linear,central,none,1000,30,1,3.4264319751045416,5.0,6.1706666666666665,4537,39,0.0,-1.3877787807814457e-17,fixed_four_guild_scale,3.0
5.0,120.0,1.0000000000000002,16872.3510983942,16173.43388924015,9446.993870292934,0.70426453306961,4536,2609.9999999987217,0.0,5194.0,0.0,5194.0,20666.0,0.0,59.84999999999961,378.0,0.1.0,8005,sublinear,central,none,1000,30,1,3.4286751185522113,5.0,6.177248677248677,4536,40,0.03348185732937047,-0.04578847022158233,fixed_four_guild_scale,3.0
9.0,120.0,1.0000000000000002,17585.91481421534,16352.451688694275,9431.236475303025,1.3446429142686427,4554,2609.9999999987217,0.0,4969.0,0.0,4969.0,20849.0,0.0,56.099999999999646,360.0,0.1.0,8006,equal,central,none,1000,30,1,3.425631924792556,5.0,6.155555555555556,4554,31,0.18317108711719485,-0.258641490720976,fixed_four_guild_scale,2.0
6.0,120.0,1.0000000000000002,16454.783155784447,15942.768852145136,9158.413012819788,0.6812325339325638,4516,2609.9999999987217,0.0,5652.0,0.0,5652.0,20198.0,0.0,55.199999999999655,354.0,0.1.0,8006,hierarchy,central,none,1000,30,1,3.415932270521834,5.0,6.15819209039548,4516,30,0.1510387460252281,0.13945070122314285,fixed_four_guild_scale,2.0
10.0,120.0,1.0000000000000002,16887.27390997331,16043.708371324843,9268.102438655711,1.3524604882639908,4523,2609.9999999987217,0.0,5646.0,0.0,5646.0,20202.0,0.0,55.94999999999965,359.0,0.1.0,8006,hierarchy_tenure,central,none,1000,30,1,3.4156024156024154,5.0,6.167130919220056,4523,29,0.3818053025388901,0.11298817157832279,fixed_four_guild_scale,2.0
8.0,120.0,1.0000000000000002,16715.08345414404,16072.800071033269,9181.045777262072,1.180860811279389,4529,2609.9999999987217,0.0,5403.0,0.0,5403.0,20434.0,0.0,55.199999999999655,355.0,0.1.0,8006,linear,central,none,1000,30,1,3.4226778897915238,5.0,6.157746478873239,4529,31,0.0,6.938893903907228e-18,fixed_four_guild_scale,2.0
8.0,120.0,1.0000000000000002,16836.96268592475,16142.509225160478,9203.417572225935,1.180860811279389,4536,2609.9999999987217,0.0,5294.0,0.0,5294.0,20538.0,0.0,55.49999999999965,356.0,0.1.0,8006,sublinear,central,none,1000,30,1,3.423653715064758,5.0,6.157303370786517,4536,31,0.03381998096174896,-0.046488204022925014,fixed_four_guild_scale,2.0
4.0,120.0,1.0000000000000002,17186.787191855623,16358.629371977328,9385.882204565107,0.3931671968956818,4540,2609.9999999987217,0.0,4991.0,0.0,4991.0,20831.0,0.0,55.49999999999965,347.0,0.1.0,8007,equal,central,none,1000,30,1,3.4281599539148386,5.0,6.195965417867435,4540,38,0.17720011388125834,-0.24835022289104022,fixed_four_guild_scale,8.0
5.0,120.0,1.0000000000000002,16048.313809793237,15917.317245795322,9130.847079178657,0.5614746874760589,4503,2609.9999999987217,0.0,5746.0,0.0,5746.0,20099.0,0.0,53.39999999999967,334.0,0.1.0,8007,hierarchy,central,none,1000,30,1,3.4152942932484205,5.0,6.191616766467066,4503,36,0.14968756075208933,0.14646580218203253,fixed_four_guild_scale,8.0
4.0,120.0,1.0000000000000002,16554.136374697788,16090.00399842976,9235.848172572672,0.39614579620430546,4508,2609.9999999987217,0.0,5683.0,0.0,5683.0,20166.0,0.0,54.59999999999966,343.0,0.1.0,8007,hierarchy_tenure,central,none,1000,30,1,3.4160468114648417,5.0,6.198250728862973,4508,36,0.3891213652872746,0.11799368561689859,fixed_four_guild_scale,7.0
5.0,120.0,1.0000000000000002,16345.835486903201,16082.692810856734,9168.93081704605,0.41613438216326254,4529,2609.9999999987217,0.0,5415.0,0.0,5415.0,20407.0,0.0,53.84999999999967,336.0,0.1.0,8007,linear,central,none,1000,30,1,3.42245307982555,5.0,6.196428571428571,4529,36,0.0,6.938893903907228e-18,fixed_four_guild_scale,8.0
4.0,120.0,1.0000000000000002,16476.08228884111,16144.539620432943,9187.811753669172,0.3931671968956818,4529,2609.9999999987217,0.0,5333.0,0.0,5333.0,20489.0,0.0,53.84999999999967,336.0,0.1.0,8007,sublinear,central,none,1000,30,1,3.4235443408658304,5.0,6.196428571428571,4529,36,0.03197916330063685,-0.0437041246395639,fixed_four_guild_scale,8.0
8.0,120.0,1.0000000000000002,87717.94204529053,81700.51373039042,47438.592220900115,0.8487181099962826,22773,13050.000000029944,0.0,24779.0,0.0,24779.0,104355.0,0.0,288.6000000000019,1825.0,0.1.0,8000,equal,central,none,5000,30,1,3.430118346030377,5.0,6.2284931506849315,22773,192,0.1853520909517084,-0.2589879971296124,fixed_four_guild_scale,17.0
8.0,120.0,1.0000000000000002,81850.67173385565,79470.38448014451,46193.96256541978,0.8844733241273942,22576,13050.000000029944,0.0,28514.0,0.0,28514.0,100745.0,0.0,277.80000000000354,1754.0,0.1.0,8000,hierarchy,central,none,5000,30,1,3.4176882227405825,5.0,6.220068415051311,22576,176,0.14862905651778394,0.13716854829381472,fixed_four_guild_scale,17.0
8.0,120.0,1.0000000000000002,84593.15706083023,80347.53287478701,46788.3581656191,0.8487181099962826,22632,13050.000000029944,0.0,27829.0,0.0,27829.0,101395.0,0.0,280.95000000000306,1776.0,0.1.0,8000,hierarchy_tenure,central,none,5000,30,1,3.419231717540313,5.0,6.222972972972973,22632,182,0.38068270521716885,0.11176127471246264,fixed_four_guild_scale,17.0
8.0,120.0,1.0000000000000002,83275.36263548864,80257.31707087133,46358.79462324142,0.8487181099962826,22647,13050.000000029944,0.0,27184.0,0.0,27184.0,102036.0,0.0,282.6000000000028,1784.0,0.1.0,8000,linear,central,none,5000,30,1,3.4242228233172605,5.0,6.228139013452915,22647,186,0.0,-1.3877787807814457e-17,fixed_four_guild_scale,17.0
8.0,120.0,1.0000000000000002,83938.96018736801,80597.46345817717,46441.16797238931,0.8487181099962826,22675,13050.000000029944,0.0,26630.0,0.0,26630.0,102574.0,0.0,284.40000000000254,1796.0,0.1.0,8000,sublinear,central,none,5000,30,1,3.4263946029208183,5.0,6.2271714922049,22675,187,0.033736747220595185,-0.045959367966613505,fixed_four_guild_scale,17.0
10.0,120.0,1.0000000000000002,88064.25057753029,81712.88810924515,47030.16486349893,1.2036022389858712,22826,13050.000000029944,0.0,25052.0,0.0,25052.0,104055.0,0.0,293.55000000000115,1856.0,0.1.0,8001,equal,central,none,5000,30,1,3.427408581999904,5.0,6.240301724137931,22826,206,0.18648652372937502,-0.26213248127397865,fixed_four_guild_scale,24.0
10.0,120.0,1.0000000000000002,82367.90592427431,79536.9832975807,45894.41969652986,1.2036022389858712,22614,13050.000000029944,0.0,28541.0,0.0,28541.0,100706.0,0.0,282.6000000000028,1790.0,0.1.0,8001,hierarchy,central,none,5000,30,1,3.414811431295057,5.0,6.223463687150838,22614,197,0.14767234318447037,0.13502886545010678,fixed_four_guild_scale,23.0
10.0,120.0,1.0000000000000002,84709.94321230166,80360.11426184475,46242.644324902285,1.2036022389858712,22635,13050.000000029944,0.0,28386.0,0.0,28386.0,100850.0,0.0,283.9500000000026,1800.0,0.1.0,8001,hierarchy_tenure,central,none,5000,30,1,3.41378284581061,5.0,6.23,22635,197,0.38463119022143655,0.10711531857938768,fixed_four_guild_scale,22.0
10.0,120.0,1.0000000000000002,83713.40339523183,80273.38367200876,46016.86281538171,1.2036022389858712,22708,13050.000000029944,0.0,27338.0,0.0,27338.0,101845.0,0.0,287.1000000000021,1818.0,0.1.0,8001,linear,central,none,5000,30,1,3.421680003927537,5.0,6.238723872387239,22708,200,0.0,-1.3877787807814457e-17,fixed_four_guild_scale,23.0
10.0,120.0,1.0000000000000002,84344.06630310096,80611.68864765376,46084.946066593344,1.2036022389858712,22743,13050.000000029944,0.0,26770.0,0.0,26770.0,102391.0,0.0,289.05000000000183,1830.0,0.1.0,8001,sublinear,central,none,5000,30,1,3.424109540877616,5.0,6.239890710382514,22743,199,0.03396651027039479,-0.046333225080935764,fixed_four_guild_scale,23.0
6.0,120.0,1.0000000000000002,88212.21587627627,81710.1875923741,47042.45001711325,0.8980949083932577,22845,13050.000000029944,0.0,24614.0,0.0,24614.0,104483.0,0.0,295.2000000000009,1865.0,0.1.0,8002,equal,central,none,5000,30,1,3.43013696007963,5.0,6.20911528150134,22845,209,0.18366266709114062,-0.25823927470745145,fixed_four_guild_scale,26.0
7.0,120.0,1.0000000000000002,82495.04899299411,79344.29992743132,45924.2711733275,1.0487077596619583,22608,13050.000000029944,0.0,28259.0,0.0,28259.0,101015.0,0.0,285.9000000000023,1809.0,0.1.0,8002,hierarchy,central,none,5000,30,1,3.418719992080384,5.0,6.206191265892758,22608,189,0.15059563190727884,0.1367055273275941,fixed_four_guild_scale,24.0
7.0,120.0,1.0000000000000002,84653.61388587474,80324.69778045491,46272.03732629758,0.8197752293829348,22652,13050.000000029944,0.0,28144.0,0.0,28144.0,101096.0,0.0,287.70000000000203,1814.0,0.1.0,8002,hierarchy_tenure,central,none,5000,30,1,3.4152884387117197,5.0,6.195700110253584,22652,193,0.38398644636432905,0.1089715358757853,fixed_four_guild_scale,26.0
8.0,120.0,1.0000000000000002,83933.13809905389,80148.20755321748,46068.19613066342,1.1184419403640402,22716,13050.000000029944,0.0,26948.0,0.0,26948.0,102235.0,0.0,288.4500000000019,1824.0,0.1.0,8002,linear,central,none,5000,30,1,3.4260673937496944,5.0,6.211622807017544,22716,196,0.0,-6.938893903907228e-18,fixed_four_guild_scale,24.0
6.0,120.0,1.0000000000000002,84588.32621866855,80518.54316118026,46142.96348655335,0.750041048680853,22753,13050.000000029944,0.0,26398.0,0.0,26398.0,102759.0,0.0,290.10000000000167,1835.0,0.1.0,8002,sublinear,central,none,5000,30,1,3.4277094950320652,5.0,6.2136239782016345,22753,201,0.03379214503111429,-0.046339265743577614,fixed_four_guild_scale,24.0
9.0,120.0,1.0000000000000002,87308.05044218527,81705.49830874185,47237.343428118365,0.5656224290323865,22774,13050.000000029944,0.0,25108.0,0.0,25108.0,104029.0,0.0,288.7500000000019,1840.0,0.1.0,8003,equal,central,none,5000,30,1,3.4282459698737853,5.0,6.232608695652174,22774,215,0.18330603999234385,-0.25755755677539144,fixed_four_guild_scale,14.0
9.0,120.0,1.0000000000000002,81570.66709369012,79423.85122026886,45955.37983886634,0.5656224290323865,22607,13050.000000029944,0.0,28721.0,0.0,28721.0,100509.0,0.0,277.5000000000036,1773.0,0.1.0,8003,hierarchy,central,none,5000,30,1,3.41713677382125,5.0,6.226170332769318,22607,204,0.14995037360245742,0.13694073806886078,fixed_four_guild_scale,13.0
9.0,120.0,1.0000000000000002,84001.43177920941,80327.94167162296,46472.50307123855,0.5656224290323865,22603,13050.000000029944,0.0,28219.0,0.0,28219.0,101020.0,0.0,278.40000000000344,1781.0,0.1.0,8003,hierarchy_tenure,central,none,5000,30,1,3.4157196594733716,5.0,6.216732172936553,22603,210,0.3823035431591309,0.11197339005013973,fixed_four_guild_scale,14.0
9.0,120.0,1.0000000000000002,82984.46557293774,80241.90316465593,46154.71127736996,0.5656224290323865,22676,13050.000000029944,0.0,27308.0,0.0,27308.0,101872.0,0.0,280.5000000000031,1789.0,0.1.0,8003,linear,central,none,5000,30,1,3.423335165698131,5.0,6.229178311906093,22676,207,0.0,-2.0816681711721685e-17,fixed_four_guild_scale,14.0
9.0,120.0,1.0000000000000002,83655.41091104365,80604.73864683352,46260.29547962285,0.5656224290323865,22698,13050.000000029944,0.0,26776.0,0.0,26776.0,102401.0,0.0,283.3500000000027,1808.0,0.1.0,8003,sublinear,central,none,5000,30,1,3.4252399878907434,5.0,6.232853982300885,22698,212,0.03383344148676469,-0.04633187800916591,fixed_four_guild_scale,14.0
10.0,120.0,1.0000000000000002,88271.84843047126,81705.62679800743,46035.33527296915,1.012207910351008,22807,13050.000000029944,0.0,24660.0,0.0,24660.0,104490.0,0.0,297.60000000000053,1891.0,0.1.0,8004,equal,central,none,5000,30,1,3.430270839314767,5.0,6.275515600211528,22807,191,0.1837705287237099,-0.258509241827071,fixed_four_guild_scale,27.0
10.0,120.0,1.0000000000000002,82398.85419141411,79556.84140837553,44733.1579324655,1.012207910351008,22585,13050.000000029944,0.0,28326.0,0.0,28326.0,100960.0,0.0,284.5500000000025,1812.0,0.1.0,8004,hierarchy,central,none,5000,30,1,3.418878763866878,5.0,6.2698675496688745,22585,187,0.14980003389525404,0.13773434031979762,fixed_four_guild_scale,26.0
10.0,120.0,1.0000000000000002,85187.55045275018,80352.10827638938,45446.58413315589,1.012207910351008,22654,13050.000000029944,0.0,27726.0,0.0,27726.0,101500.0,0.0,285.9000000000023,1818.0,0.1.0,8004,hierarchy_tenure,central,none,5000,30,1,3.4174778325123154,5.0,6.262926292629263,22654,180,0.3829874405202867,0.11070259678760093,fixed_four_guild_scale,26.0
10.0,120.0,1.0000000000000002,83843.98081857641,80274.64471145463,44965.539160778215,1.012207910351008,22698,13050.000000029944,0.0,26976.0,0.0,26976.0,102229.0,0.0,289.3500000000018,1843.0,0.1.0,8004,linear,central,none,5000,30,1,3.4266890999618504,5.0,6.278893109061313,22698,191,0.0,1.3877787807814457e-17,fixed_four_guild_scale,26.0
10.0,120.0,1.0000000000000002,84492.66069055632,80621.14252100326,45053.11204347751,1.012207910351008,22724,13050.000000029944,0.0,26448.0,0.0,26448.0,102743.0,0.0,291.1500000000015,1852.0,0.1.0,8004,sublinear,central,none,5000,30,1,3.4281848885082193,5.0,6.282397408207343,22724,192,0.03377544506797313,-0.046351046710414026,fixed_four_guild_scale,26.0
9.0,120.0,1.0000000000000002,87467.91626393495,81668.99516575316,47104.92042225492,1.0692270473732508,22775,13050.000000029944,0.0,24800.0,0.0,24800.0,104433.0,0.0,303.1499999999997,1925.0,0.1.0,8005,equal,central,none,5000,30,1,3.4333496117127726,5.0,6.24051948051948,22775,210,0.18075939606324914,-0.25497915763897006,fixed_four_guild_scale,13.0
7.0,120.0,1.0000000000000002,81870.66265908984,79424.57301976866,45909.392166418955,0.7789695874800184,22615,13050.000000029944,0.0,28356.0,0.0,28356.0,100974.0,0.0,293.7000000000011,1862.0,0.1.0,8005,hierarchy,central,none,5000,30,1,3.4226632598490703,5.0,6.228786251342642,22615,195,0.1509212401442962,0.14004498974919302,fixed_four_guild_scale,13.0
8.0,120.0,1.0000000000000002,84268.46802399786,80256.71434544632,46302.38041946353,0.805795393640638,22658,13050.000000029944,0.0,27793.0,0.0,27793.0,101516.0,0.0,297.0000000000006,1886.0,0.1.0,8005,hierarchy_tenure,central,none,5000,30,1,3.4221403522597424,5.0,6.237009544008483,22658,198,0.3758718493892896,0.1159945959384872,fixed_four_guild_scale,13.0
8.0,120.0,1.0000000000000002,83328.44592406275,80251.02393383472,46114.78488869069,0.805795393640638,22701,13050.000000029944,0.0,26934.0,0.0,26934.0,102334.0,0.0,297.3000000000006,1884.0,0.1.0,8005,linear,central,none,5000,30,1,3.4292219594660622,5.0,6.231422505307855,22701,199,0.0,0.0,fixed_four_guild_scale,13.0
8.0,120.0,1.0000000000000002,83946.06771783145,80594.91550295183,46186.97167206188,0.805795393640638,22718,13050.000000029944,0.0,26437.0,0.0,26437.0,102821.0,0.0,298.3500000000004,1891.0,0.1.0,8005,sublinear,central,none,5000,30,1,3.431157059355579,5.0,6.2332099418297195,22718,201,0.03329827905118526,-0.045647140524722594,fixed_four_guild_scale,13.0
7.0,120.0,1.0000000000000002,87525.44173391307,81523.69125326647,47179.59805503864,0.7934871618532296,22783,13050.000000029944,0.0,24937.0,0.0,24937.0,104223.0,0.0,293.40000000000117,1869.0,0.1.0,8006,equal,central,none,5000,30,1,3.431766500676434,5.0,6.21669341894061,22783,200,0.18304308608632042,-0.2570762732628663,fixed_four_guild_scale,13.0
7.0,120.0,1.0000000000000002,81652.9549397557,79291.91815732584,45820.43148252826,0.7934871618532296,22619,13050.000000029944,0.0,28725.0,0.0,28725.0,100537.0,0.0,284.25000000000256,1808.0,0.1.0,8006,hierarchy,central,none,5000,30,1,3.418612053273919,5.0,6.209623893805309,22619,189,0.14894611358435222,0.13735380866105532,fixed_four_guild_scale,14.0
8.0,120.0,1.0000000000000002,84027.61182053138,79973.41616975328,46424.869163331896,0.8013047358485778,22621,13050.000000029944,0.0,28341.0,0.0,28341.0,100934.0,0.0,286.35000000000224,1826.0,0.1.0,8006,hierarchy_tenure,central,none,5000,30,1,3.419115461588761,5.0,6.2042716319824756,22621,188,0.37709956914012577,0.11341505724482892,fixed_four_guild_scale,13.0
7.0,120.0,1.0000000000000002,83053.3913260664,80043.82676405947,45970.04875562729,0.7934871618532296,22682,13050.000000029944,0.0,27433.0,0.0,27433.0,101788.0,0.0,287.4000000000021,1830.0,0.1.0,8006,linear,central,none,5000,30,1,3.426464809211302,5.0,6.212568306010929,22682,192,0.0,0.0,fixed_four_guild_scale,13.0
7.0,120.0,1.0000000000000002,83712.03367961885,80399.08502519444,46083.93644300088,0.7934871618532296,22707,13050.000000029944,0.0,26852.0,0.0,26852.0,102354.0,0.0,288.90000000000185,1839.0,0.1.0,8006,sublinear,central,none,5000,30,1,3.428415108349454,5.0,6.213703099510604,22707,197,0.03349448050186689,-0.04597736874646443,fixed_four_guild_scale,13.0
4.0,120.0,1.0000000000000002,86386.44897032154,81713.17449878875,45920.934150046254,0.3931671968956818,22720,13050.000000029944,0.0,25347.0,0.0,25347.0,103849.0,0.0,290.5500000000016,1838.0,0.1.0,8007,equal,central,none,5000,30,1,3.427919382950245,5.0,6.236126224156692,22720,187,0.18161489430714792,-0.2556912781525558,fixed_four_guild_scale,21.0
6.0,120.0,1.0000000000000002,80680.1529447107,79454.66270038689,44699.0141554729,0.8087708492835872,22516,13050.000000029944,0.0,29204.0,0.0,29204.0,100120.0,0.0,279.15000000000333,1767.0,0.1.0,8007,hierarchy,central,none,5000,30,1,3.4160707151418297,5.0,6.22863610639502,22516,174,0.14971864916664743,0.13958232187642117,fixed_four_guild_scale,21.0
5.0,120.0,1.0000000000000002,83147.64985102133,80295.51654349487,45163.49966890784,0.6494257002139405,22575,13050.000000029944,0.0,28612.0,0.0,28612.0,100679.0,0.0,282.7500000000028,1791.0,0.1.0,8007,hierarchy_tenure,central,none,5000,30,1,3.415310044795836,5.0,6.2250139586823,22575,171,0.38518763311370985,0.1115542401784839,fixed_four_guild_scale,19.0
5.0,120.0,1.0000000000000002,82056.30379794473,80244.74587212144,44856.49390848376,0.6494257002139405,22621,13050.000000029944,0.0,27673.0,0.0,27673.0,101573.0,0.0,283.2000000000027,1791.0,0.1.0,8007,linear,central,none,5000,30,1,3.4237838795742963,5.0,6.238972640982691,22621,179,0.0,-6.938893903907228e-18,fixed_four_guild_scale,21.0
5.0,120.0,1.0000000000000002,82691.15488677358,80574.11566283197,44933.37552126081,0.6494257002139405,22642,13050.000000029944,0.0,27155.0,0.0,27155.0,102081.0,0.0,284.85000000000247,1801.0,0.1.0,8007,sublinear,central,none,5000,30,1,3.4258089164487027,5.0,6.242642976124375,22642,180,0.03308466212249963,-0.045294000172181936,fixed_four_guild_scale,21.0
6.0,120.0,1.0000000000000002,174982.42842285006,163302.0545149262,93920.64478655145,0.6599031302366434,45555,26099.999999900687,0.0,50042.0,0.0,50042.0,208202.0,0.0,577.0499999999582,3633.0,0.1.0,8000,equal,central,none,10000,30,1,3.4292850212774133,5.0,6.242224057252959,45555,388,0.18527918656869352,-0.25925437616127217,fixed_four_guild_scale,48.0
7.0,120.0,1.0000000000000002,162937.2029055932,158719.516869559,91199.49892506606,0.7191619232742423,45135,26099.999999900687,0.0,57901.0,0.0,57901.0,200612.0,0.0,554.0999999999617,3489.0,0.1.0,8000,hierarchy,central,none,10000,30,1,3.4160967439634717,5.0,6.233018056749785,45135,360,0.1488902207515314,0.13620724800423822,fixed_four_guild_scale,46.0
6.0,120.0,1.0000000000000002,168203.28777778015,160435.61677072736,92294.09206229787,0.6599031302366434,45223,26099.999999900687,0.0,56632.0,0.0,56632.0,201823.0,0.0,558.449999999961,3520.0,0.1.0,8000,hierarchy_tenure,central,none,10000,30,1,3.4169841891162056,5.0,6.236647727272727,45223,375,0.3822670216239888,0.11070788140658935,fixed_four_guild_scale,45.0
6.0,120.0,1.0000000000000002,165858.5006902731,160292.26446573262,91593.79522311848,0.6599031302366434,45304,26099.999999900687,0.0,55009.0,0.0,55009.0,203394.0,0.0,562.9499999999604,3545.0,0.1.0,8000,linear,central,none,10000,30,1,3.423635898797408,5.0,6.2414668547249645,45304,376,0.0,-6.938893903907228e-18,fixed_four_guild_scale,46.0
6.0,120.0,1.0000000000000002,167203.63758947063,160985.79862488608,91773.06690082882,0.6599031302366434,45370,26099.999999900687,0.0,53934.0,0.0,53934.0,204426.0,0.0,566.3999999999598,3566.0,0.1.0,8000,sublinear,central,none,10000,30,1,3.425684599806287,5.0,6.241166573191251,45370,380,0.03375758720822003,-0.046042635973253615,fixed_four_guild_scale,46.0
10.0,120.0,1.0000000000000002,175661.31195007186,163402.14000513055,93752.98357463596,1.2036022389858712,45597,26099.999999900687,0.0,49897.0,0.0,49897.0,208315.0,0.0,578.249999999958,3664.0,0.1.0,8001,equal,central,none,10000,30,1,3.4268679643808655,5.0,6.238810043668122,45597,435,0.1842165110630557,-0.2595106630775538,fixed_four_guild_scale,46.0
11.0,120.0,1.0000000000000002,164266.4553763436,159082.2812403079,91424.26780339133,1.706603771271785,45200,26099.999999900687,0.0,56882.0,0.0,56882.0,201605.0,0.0,559.4999999999609,3554.0,0.1.0,8001,hierarchy,central,none,10000,30,1,3.415078991096451,5.0,6.2265053460889135,45200,413,0.14907821974076932,0.13747287462363839,fixed_four_guild_scale,43.0
11.0,120.0,1.0000000000000002,168849.34906109312,160606.3744991392,92042.89986345629,1.706603771271785,45237,26099.999999900687,0.0,56531.0,0.0,56531.0,201914.0,0.0,558.749999999961,3550.0,0.1.0,8001,hierarchy_tenure,central,none,10000,30,1,3.413775171607714,5.0,6.225352112676056,45237,401,0.3834166527239252,0.1096944673037,fixed_four_guild_scale,43.0
11.0,120.0,1.0000000000000002,167107.0669048394,160648.48377689262,91721.63024035419,1.706603771271785,45398,26099.999999900687,0.0,54310.0,0.0,54310.0,204032.0,0.0,567.4499999999597,3601.0,0.1.0,8001,linear,central,none,10000,30,1,3.421821086888331,5.0,6.236600944182172,45398,423,0.0,1.3877787807814457e-17,fixed_four_guild_scale,43.0
11.0,120.0,1.0000000000000002,168371.2175209903,161330.31760762478,91872.69850379902,1.706603771271785,45453,26099.999999900687,0.0,53192.0,0.0,53192.0,205108.0,0.0,569.3999999999594,3613.0,0.1.0,8001,sublinear,central,none,10000,30,1,3.4236694814439224,5.0,6.236645446996955,45453,423,0.03357188388080133,-0.04599998668006917,fixed_four_guild_scale,43.0
7.0,120.0,1.0000000000000002,176796.92717453153,163408.90387109245,94237.88511801195,0.9328748669133,45695,26099.999999900687,0.0,48975.0,0.0,48975.0,209120.0,0.0,575.8499999999584,3645.0,0.1.0,8002,equal,central,none,10000,30,1,3.429212892119357,5.0,6.220850480109739,45695,391,0.1849429719530841,-0.2597616895246476,fixed_four_guild_scale,49.0
7.0,120.0,1.0000000000000002,165239.96484991905,158805.4424417677,91825.01912912964,1.0487077596619583,45254,26099.999999900687,0.0,56414.0,0.0,56414.0,202004.0,0.0,557.6999999999612,3533.0,0.1.0,8002,hierarchy,central,none,10000,30,1,3.4170560978990516,5.0,6.21483158788565,45254,360,0.14878723637264823,0.13530706931237355,fixed_four_guild_scale,46.0
8.0,120.0,1.0000000000000002,170037.3848097758,160518.46008067322,92863.93562323449,1.1888264417644248,45314,26099.999999900687,0.0,55614.0,0.0,55614.0,202762.0,0.0,560.3999999999608,3544.0,0.1.0,8002,hierarchy_tenure,central,none,10000,30,1,3.415827423284442,5.0,6.207957110609481,45314,368,0.3817638613643238,0.10882683742764719,fixed_four_guild_scale,46.0
6.0,120.0,1.0000000000000002,168095.39376098276,160378.63974828587,92154.85519658349,0.8980949083932577,45422,26099.999999900687,0.0,53688.0,0.0,53688.0,204598.0,0.0,563.0999999999603,3566.0,0.1.0,8002,linear,central,none,10000,30,1,3.4247939862559753,5.0,6.219012899607403,45422,369,0.0,-1.3877787807814457e-17,fixed_four_guild_scale,46.0
5.0,120.0,1.0000000000000002,169423.70506721566,161103.68159504444,92320.83766018828,0.5994281974121521,45492,26099.999999900687,0.0,52549.0,0.0,52549.0,205688.0,0.0,566.2499999999599,3587.0,0.1.0,8002,sublinear,central,none,10000,30,1,3.4268357901287385,5.0,6.221633677167549,45492,377,0.03400029798990094,-0.04658054340334798,fixed_four_guild_scale,46.0
9.0,120.0,1.0000000000000002,173902.9472780054,163306.3475408975,93737.14581765742,0.5656224290323865,45571,26099.999999900687,0.0,50476.0,0.0,50476.0,207701.0,0.0,567.2999999999597,3616.0,0.1.0,8003,equal,central,none,10000,30,1,3.4269310210350454,5.0,6.215431415929204,45571,414,0.18397014145640417,-0.2583804662022139,fixed_four_guild_scale,34.0
9.0,120.0,1.0000000000000002,162412.80335675296,158707.9943505628,91114.64416143822,0.5656224290323865,45208,26099.999999900687,0.0,57941.0,0.0,57941.0,200442.0,0.0,543.4499999999633,3471.0,0.1.0,8003,hierarchy,central,none,10000,30,1,3.4154518514083874,5.0,6.205704407951599,45208,397,0.14924473600533925,0.1360413365952386,fixed_four_guild_scale,32.0
9.0,120.0,1.0000000000000002,167050.31253648797,160497.04060579665,92036.76960969304,0.5656224290323865,45231,26099.999999900687,0.0,56972.0,0.0,56972.0,201397.0,0.0,545.0999999999631,3485.0,0.1.0,8003,hierarchy_tenure,central,none,10000,30,1,3.4135811357666697,5.0,6.198852223816356,45231,396,0.3810601851142631,0.11131444745311779,fixed_four_guild_scale,34.0
9.0,120.0,1.0000000000000002,165278.61009059963,160325.67988182654,91544.19235967548,0.5656224290323865,45353,26099.999999900687,0.0,55110.0,0.0,55110.0,203169.0,0.0,549.7499999999624,3509.0,0.1.0,8003,linear,central,none,10000,30,1,3.4220230448542837,5.0,6.209461385009974,45353,403,0.0,2.7755575615628914e-17,fixed_four_guild_scale,33.0
9.0,120.0,1.0000000000000002,166581.90180122413,161048.7654588164,91730.21552028657,0.5656224290323865,45400,26099.999999900687,0.0,54053.0,0.0,54053.0,204209.0,0.0,554.2499999999617,3539.0,0.1.0,8003,sublinear,central,none,10000,30,1,3.423747239347923,5.0,6.212771969482905,45400,409,0.03396740109282639,-0.046423013319062324,fixed_four_guild_scale,33.0
10.0,120.0,1.0000000000000002,175585.72443006336,163391.71266019606,93011.90771882185,1.012207910351008,45617,26099.999999900687,0.0,49686.0,0.0,49686.0,208615.0,0.0,594.7499999999555,3781.0,0.1.0,8004,equal,central,none,10000,30,1,3.429887591975649,5.0,6.255487966146522,45617,388,0.18395385062757508,-0.25808504846565833,fixed_four_guild_scale,47.0
10.0,120.0,1.0000000000000002,164093.84224112268,159001.29736433658,90478.2098227453,1.012207910351008,45170,26099.999999900687,0.0,57055.0,0.0,57055.0,201521.0,0.0,568.7999999999595,3622.0,0.1.0,8004,hierarchy,central,none,10000,30,1,3.418288912818019,5.0,6.24434014356709,45170,374,0.1491394704923511,0.1371585577684212,fixed_four_guild_scale,46.0
10.0,120.0,1.0000000000000002,169274.3707537523,160633.33871902656,91748.83476183502,1.012207910351008,45287,26099.999999900687,0.0,55939.0,0.0,55939.0,202563.0,0.0,575.2499999999585,3663.0,0.1.0,8004,hierarchy_tenure,central,none,10000,30,1,3.4173318918064997,5.0,6.241878241878242,45287,364,0.3818586629431322,0.11162808036910658,fixed_four_guild_scale,46.0
10.0,120.0,1.0000000000000002,166916.52457037265,160495.37015166742,90876.90757718611,1.012207910351008,45369,26099.999999900687,0.0,54278.0,0.0,54278.0,204167.0,0.0,578.9999999999579,3686.0,0.1.0,8004,linear,central,none,10000,30,1,3.4262148143431603,5.0,6.2533912099837226,45369,386,0.0,-1.3877787807814457e-17,fixed_four_guild_scale,46.0
10.0,120.0,1.0000000000000002,168229.85219170354,161189.33474783532,91063.63826711464,1.012207910351008,45410,26099.999999900687,0.0,53244.0,0.0,53244.0,205170.0,0.0,580.4999999999577,3693.0,0.1.0,8004,sublinear,central,none,10000,30,1,3.427523517083394,5.0,6.253723260222042,45410,388,0.03384007165773958,-0.04630503257684538,fixed_four_guild_scale,46.0
8.0,120.0,1.0000000000000002,174775.4161929282,163245.11432530804,94226.30092013844,0.805795393640638,45545,26099.999999900687,0.0,49840.0,0.0,49840.0,208553.0,0.0,595.0499999999555,3779.0,0.1.0,8005,equal,central,none,10000,30,1,3.4328827684089895,5.0,6.240804445620535,45545,432,0.18225019813107787,-0.25623840952890486,fixed_four_guild_scale,29.0
8.0,120.0,1.0000000000000002,163256.1933423516,158640.1539195872,91720.16405051916,0.805795393640638,45181,26099.999999900687,0.0,57300.0,0.0,57300.0,201335.0,0.0,576.7499999999583,3663.0,0.1.0,8005,hierarchy,central,none,10000,30,1,3.4216355824869,5.0,6.231231231231231,45181,399,0.1501028920384745,0.13855465775226872,fixed_four_guild_scale,29.0
8.0,120.0,1.0000000000000002,168346.0575580744,160442.39810376966,92648.7939336179,0.805795393640638,45260,26099.999999900687,0.0,56192.0,0.0,56192.0,202411.0,0.0,583.7999999999572,3708.0,0.1.0,8005,hierarchy_tenure,central,none,10000,30,1,3.4207577651412224,5.0,6.23435814455232,45260,400,0.3818221856043591,0.11346214094883564,fixed_four_guild_scale,29.0
8.0,120.0,1.0000000000000002,166133.84493072514,160281.3448875667,92098.56258264366,0.805795393640638,45343,26099.999999900687,0.0,54426.0,0.0,54426.0,204100.0,0.0,584.6999999999571,3711.0,0.1.0,8005,linear,central,none,10000,30,1,3.4288192062714358,5.0,6.233360280247911,45343,411,0.0,0.0,fixed_four_guild_scale,29.0
8.0,120.0,1.0000000000000002,167424.9095326441,160986.89186470525,92270.41901092704,0.805795393640638,45401,26099.999999900687,0.0,53353.0,0.0,53353.0,205131.0,0.0,587.0999999999567,3727.0,0.1.0,8005,sublinear,central,none,10000,30,1,3.4306126329028768,5.0,6.235846525355514,45401,419,0.03354887519656248,-0.045884188964400045,fixed_four_guild_scale,29.0
9.0,120.0,1.0000000000000002,174896.04429007389,163117.54709221263,93712.65326555753,0.9652602218061097,45590,26099.999999900687,0.0,49842.0,0.0,49842.0,208402.0,0.0,580.4999999999577,3675.0,0.1.0,8006,equal,central,none,10000,30,1,3.430307770558824,5.0,6.2405442176870745,45590,413,0.18312553115544572,-0.25731227258616995,fixed_four_guild_scale,36.0
9.0,120.0,1.0000000000000002,162981.70872373923,158496.6987076529,90965.51925975567,0.9652602218061097,45213,26099.999999900687,0.0,57723.0,0.0,57723.0,200764.0,0.0,560.2499999999608,3549.0,0.1.0,8006,hierarchy,central,none,10000,30,1,3.4172411388495947,5.0,6.231614539306847,45213,384,0.14930679031417543,0.13670145106078818,fixed_four_guild_scale,35.0
8.0,120.0,1.0000000000000002,167871.29186228657,160042.74215699403,92144.67440940168,0.8336089583851076,45277,26099.999999900687,0.0,56572.0,0.0,56572.0,201864.0,0.0,562.1999999999605,3563.0,0.1.0,8006,hierarchy_tenure,central,none,10000,30,1,3.4175286331391432,5.0,6.224529890541678,45277,382,0.3795491964207255,0.11257738213956901,fixed_four_guild_scale,35.0
9.0,120.0,1.0000000000000002,165879.62508685046,160052.07420441642,91342.06413816795,0.9652602218061097,45367,26099.999999900687,0.0,54886.0,0.0,54886.0,203488.0,0.0,566.2499999999599,3587.0,0.1.0,8006,linear,central,none,10000,30,1,3.42523392042774,5.0,6.237803178143295,45367,398,0.0,-1.3877787807814457e-17,fixed_four_guild_scale,34.0
9.0,120.0,1.0000000000000002,167243.57161846603,160788.09613271971,91571.28431647348,0.9652602218061097,45420,26099.999999900687,0.0,53713.0,0.0,53713.0,204628.0,0.0,569.3999999999594,3606.0,0.1.0,8006,sublinear,central,none,10000,30,1,3.4269357077232834,5.0,6.237936772046589,45420,403,0.0336226525503529,-0.046066517407459914,fixed_four_guild_scale,35.0
4.0,120.0,1.0000000000000002,174286.7369114416,163283.82051716626,92844.31594164205,0.3931671968956818,45471,26099.999999900687,0.0,50340.0,0.0,50340.0,207993.0,0.0,577.3499999999582,3664.0,0.1.0,8007,equal,central,none,10000,30,1,3.4291923285879813,5.0,6.221069868995633,45471,400,0.18376464816364094,-0.25807291110567965,fixed_four_guild_scale,45.0
5.0,120.0,1.0000000000000002,162653.44913951308,158738.36008111003,90367.05266946157,0.6494257002139405,45092,26099.999999900687,0.0,57796.0,0.0,57796.0,200799.0,0.0,559.6499999999609,3554.0,0.1.0,8007,hierarchy,central,none,10000,30,1,3.417920407970159,5.0,6.216938660664041,45092,372,0.1488000150349145,0.13692034883391452,fixed_four_guild_scale,44.0
4.0,120.0,1.0000000000000002,167832.3312394726,160517.16365532085,91352.50725814319,0.3931671968956818,45151,26099.999999900687,0.0,56554.0,0.0,56554.0,202009.0,0.0,563.3999999999603,3581.0,0.1.0,8007,hierarchy_tenure,central,none,10000,30,1,3.4169715210708436,5.0,6.210555710695337,45151,367,0.3829086235887762,0.11127872234815066,fixed_four_guild_scale,42.0
4.0,120.0,1.0000000000000002,165507.65124704063,160316.57989404481,90707.1455993197,0.3931671968956818,45275,26099.999999900687,0.0,54971.0,0.0,54971.0,203489.0,0.0,566.8499999999598,3599.0,0.1.0,8007,linear,central,none,10000,30,1,3.4250008599973465,5.0,6.223395387607669,45275,384,0.0,0.0,fixed_four_guild_scale,44.0
4.0,120.0,1.0000000000000002,166811.0378297238,161008.86332950357,90876.06175493331,0.3931671968956818,45326,26099.999999900687,0.0,53891.0,0.0,53891.0,204536.0,0.0,569.5499999999594,3615.0,0.1.0,8007,sublinear,central,none,10000,30,1,3.426721946258849,5.0,6.224066390041494,45326,388,0.03366022826168023,-0.04596148172364671,fixed_four_guild_scale,44.0
17.0,240.0,1.0000000000000002,3890.9235274397106,3832.2627128159033,2194.1148583167965,1.9515913651397623,909,637.2000000000763,0.0,1387.0,0.0,1387.0,4979.0,0.0,11.250000000000016,75.0,0.1.0,8100,equal,central,none,120,60,1,4.8730668808997795,8.0,8.066666666666666,909,5,0.18562791791656302,-0.25509245912583445,no_shock,
21.0,240.0,1.0000000000000002,3669.9661518579146,3694.0813866672815,2134.956143143707,3.0660721905891917,909,637.2000000000763,0.0,1536.0,0.0,1536.0,4828.0,0.0,10.950000000000015,73.0,0.1.0,8100,hierarchy,central,none,120,60,1,4.870339685169842,8.0,8.10958904109589,909,3,0.14987059931406105,0.15866884238084672,no_shock,
26.0,240.0,1.0000000000000002,3822.613119391002,3754.7163964616125,2216.222255428512,5.543680545825333,904,637.2000000000763,0.0,1508.0,0.0,1508.0,4860.0,0.0,10.800000000000015,72.0,0.1.0,8100,hierarchy_tenure,central,none,120,60,1,4.848971193415638,8.0,8.0,904,6,0.3975717704930655,0.10621326213787574,no_shock,
23.0,240.0,1.0000000000000002,3724.8519052041725,3741.18653029499,2138.63066745856,4.032714400438945,913,637.2000000000763,0.0,1461.0,0.0,1461.0,4899.0,0.0,10.950000000000015,73.0,0.1.0,8100,linear,central,none,120,60,1,4.88344560114309,8.0,8.095890410958905,913,4,0.0,2.7755575615628914e-17,no_shock,
21.0,240.0,1.0000000000000002,3754.2591177044815,3762.8757526501886,2147.0350487304104,3.604049387905653,914,637.2000000000763,0.0,1438.0,0.0,1438.0,4921.0,0.0,10.950000000000015,73.0,0.1.0,8100,sublinear,central,none,120,60,1,4.887014834383256,8.0,8.136986301369863,914,5,0.03374462346536155,-0.04576597970082919,no_shock,
22.0,240.0,1.0000000000000002,4265.1540707309605,3848.577786134472,2117.261329713599,4.355486288900189,915,637.2000000000763,0.0,1263.0,0.0,1263.0,5127.0,0.0,15.900000000000027,104.0,0.1.0,8101,equal,central,none,120,60,1,4.899551394577726,8.0,7.798076923076923,915,2,0.18428177643781574,-0.25143354462976153,no_shock,1.0
26.0,240.0,1.0000000000000002,3967.73249865338,3740.1669918750645,2030.1694921470298,5.658477559883299,912,637.2000000000763,0.0,1432.0,0.0,1432.0,4959.0,0.0,15.600000000000026,102.0,0.1.0,8101,hierarchy,central,none,120,60,1,4.886469046178665,8.0,7.852941176470588,912,2,0.1708861058199748,0.17171003138696725,no_shock,1.0
24.0,240.0,1.0000000000000002,4126.541417376323,3777.840025617866,2075.2012123891336,4.922281327500858,916,637.2000000000763,0.0,1447.0,0.0,1447.0,4936.0,0.0,15.000000000000025,98.0,0.1.0,8101,hierarchy_tenure,central,none,120,60,1,4.875607779578607,8.0,7.816326530612245,916,2,0.4118836569297665,0.10862016335633468,no_shock,1.0
24.0,240.0,1.0000000000000002,4000.393775482756,3779.064576112652,2038.5210913211158,5.145856785443243,910,637.2000000000763,0.0,1340.0,0.0,1340.0,5053.0,0.0,15.600000000000026,102.0,0.1.0,8101,linear,central,none,120,60,1,4.892143281219078,8.0,7.823529411764706,910,2,0.0,1.3877787807814457e-17,no_shock,1.0
24.0,240.0,1.0000000000000002,4036.3214382638444,3795.297522910698,2047.0427501091453,5.145856785443243,912,637.2000000000763,0.0,1312.0,0.0,1312.0,5079.0,0.0,15.600000000000026,102.0,0.1.0,8101,sublinear,central,none,120,60,1,4.895648749753889,8.0,7.823529411764706,912,2,0.03209536388346281,-0.04304872481888308,no_shock,1.0
17.0,240.0,1.0000000000000002,4296.684749082157,3830.6479389455153,2274.884868639284,2.490438625777748,914,637.2000000000763,0.0,1320.0,0.0,1320.0,5074.0,0.0,16.200000000000024,106.0,0.1.0,8102,equal,central,none,120,60,1,4.921757981868349,8.0,7.933962264150943,914,3,0.1996711583313247,-0.2682449829966511,no_shock,
20.0,240.0,1.0000000000000002,4030.035199539177,3706.745658025544,2234.298601009166,4.4441670584261175,909,637.2000000000763,0.0,1457.0,0.0,1457.0,4935.0,0.0,15.150000000000025,99.0,0.1.0,8102,hierarchy,central,none,120,60,1,4.916109422492402,8.0,7.838383838383838,909,4,0.15057576203182033,0.14285343594387018,no_shock,
19.0,240.0,1.0000000000000002,4194.594296956978,3732.9271630825565,2246.0016565604274,3.6881054297541374,913,637.2000000000763,0.0,1491.0,0.0,1491.0,4898.0,0.0,15.300000000000026,100.0,0.1.0,8102,hierarchy_tenure,central,none,120,60,1,4.903021641486321,8.0,7.85,913,3,0.3844343161000874,0.08565074191228961,no_shock,
19.0,240.0,1.0000000000000002,4072.2259899506907,3744.56963978227,2230.0228761738053,3.4082506455285575,912,637.2000000000763,0.0,1409.0,0.0,1409.0,4981.0,0.0,15.300000000000026,100.0,0.1.0,8102,linear,central,none,120,60,1,4.9235093354748045,8.0,7.88,912,4,0.0,2.7755575615628914e-17,no_shock,
17.0,240.0,1.0000000000000002,4093.0249656696787,3762.1941619809772,2231.7208632869333,2.797365804263209,913,637.2000000000763,0.0,1395.0,0.0,1395.0,4993.0,0.0,15.150000000000025,99.0,0.1.0,8102,sublinear,central,none,120,60,1,4.921289805728019,8.0,7.878787878787879,913,4,0.035518299736886014,-0.04723541632543948,no_shock,
19.0,240.0,1.0,4304.570119164864,3848.0110217532474,2088.8393184300635,2.2551581635349183,920,637.2000000000763,0.0,1340.0,0.0,1340.0,5045.0,0.0,15.750000000000027,103.0,0.1.0,8103,equal,central,none,120,60,1,4.904658077304262,8.0,7.728155339805825,920,6,0.21165081070116804,-0.28090682892088603,no_shock,
23.0,240.0,1.0000000000000002,3977.086997937185,3729.415631565815,2037.5709780060229,3.40174233574701,920,637.2000000000763,0.0,1503.0,0.0,1503.0,4879.0,0.0,15.300000000000026,99.0,0.1.0,8103,hierarchy,central,none,120,60,1,4.911662225865956,8.0,7.717171717171717,920,5,0.167751788257485,0.1509201582214712,no_shock,
28.0,240.0,1.0000000000000002,4140.457544330071,3778.149762841621,2007.7984908899725,5.977943094740296,916,637.2000000000763,0.0,1546.0,0.0,1546.0,4839.0,0.0,15.150000000000025,100.0,0.1.0,8103,hierarchy_tenure,central,none,120,60,1,4.894399669353172,8.0,7.71,916,6,0.43142541182940886,0.08231665058419747,no_shock,
17.0,240.0,1.0000000000000002,4052.658258363267,3784.6437363556006,2055.5164629907545,2.1457579024807565,919,637.2000000000763,0.0,1382.0,0.0,1382.0,5000.0,0.0,15.150000000000025,100.0,0.1.0,8103,linear,central,none,120,60,1,4.9156,8.0,7.72,919,6,0.0,6.938893903907228e-18,no_shock,
17.0,240.0,1.0000000000000002,4072.1705221406473,3801.346775712127,2054.3972365256714,1.851803503119254,919,637.2000000000763,0.0,1363.0,0.0,1363.0,5021.0,0.0,15.450000000000026,102.0,0.1.0,8103,sublinear,central,none,120,60,1,4.9131647082254535,8.0,7.735294117647059,919,6,0.0371737134828469,-0.04791489632713704,no_shock,
14.0,240.0,1.0000000000000002,4220.348914152856,3856.2659714427414,2403.6842486510664,1.754486382882708,909,637.2000000000763,0.0,1224.0,0.0,1224.0,5190.0,0.0,18.450000000000003,121.0,0.1.0,8104,equal,central,none,120,60,1,4.896146435452794,8.0,7.520661157024794,909,5,0.16373839636684206,-0.2267582631849557,no_shock,
13.0,240.0,1.0000000000000002,4081.742663555349,3738.184028842814,2331.4068744003766,1.7453483894530621,909,637.2000000000763,0.0,1372.0,0.0,1372.0,5037.0,0.0,17.70000000000001,116.0,0.1.0,8104,hierarchy,central,none,120,60,1,4.9205876513797895,8.0,7.508620689655173,909,5,0.16971158989352883,0.17480732419183242,no_shock,
16.0,240.0,1.0000000000000002,4137.083484818075,3761.709766101449,2338.9378935608866,2.5675839948168626,911,637.2000000000763,0.0,1430.0,0.0,1430.0,4977.0,0.0,17.70000000000001,116.0,0.1.0,8104,hierarchy_tenure,central,none,120,60,1,4.884870403857746,8.0,7.474137931034483,911,5,0.39884303366766427,0.11660790287575787,no_shock,
14.0,240.0,1.0000000000000002,4087.0148504947606,3788.8475495078474,2346.4025910594246,1.9327631437096797,912,637.2000000000763,0.0,1293.0,0.0,1293.0,5115.0,0.0,18.000000000000007,118.0,0.1.0,8104,linear,central,none,120,60,1,4.912805474095797,8.0,7.4576271186440675,912,5,0.0,6.938893903907228e-18,no_shock,
14.0,240.0,1.0000000000000002,4103.451565355945,3807.251031554751,2351.9408089513586,1.9327631437096797,913,637.2000000000763,0.0,1279.0,0.0,1279.0,5130.0,0.0,18.300000000000004,120.0,0.1.0,8104,sublinear,central,none,120,60,1,4.911695906432748,8.0,7.491666666666666,913,5,0.0317244912262476,-0.04262067930848259,no_shock,
17.0,240.0,1.0000000000000002,3924.380865990772,3843.4578910948217,2170.101149375261,3.1204835255744667,919,637.2000000000763,0.0,1368.0,0.0,1368.0,5005.0,0.0,14.250000000000023,90.0,0.1.0,8105,equal,central,none,120,60,1,4.899700299700299,8.0,7.8,919,0,0.16156276894363636,-0.22800275119844504,no_shock,3.0
19.0,240.0,1.0000000000000002,3675.7513059015287,3745.0025934145087,2114.473663275245,3.265052484319236,919,637.2000000000763,0.0,1502.0,0.0,1502.0,4871.0,0.0,14.250000000000023,90.0,0.1.0,8105,hierarchy,central,none,120,60,1,4.900841716280024,8.0,7.844444444444444,919,0,0.18622089098781017,0.20433403307676895,no_shock,3.0
22.0,240.0,1.0000000000000002,3913.9839831966665,3757.141556160283,2154.974554823907,4.991657022525258,913,637.2000000000763,0.0,1534.0,0.0,1534.0,4848.0,0.0,14.700000000000024,93.0,0.1.0,8105,hierarchy_tenure,central,none,120,60,1,4.901196369636963,8.0,7.89247311827957,913,0,0.41504650822874617,0.11067339769083509,no_shock,3.0
19.0,240.0,1.0000000000000002,3714.1183701394134,3793.754281255339,2120.3578304210005,3.063269808870211,917,637.2000000000763,0.0,1426.0,0.0,1426.0,4949.0,0.0,14.250000000000023,90.0,0.1.0,8105,linear,central,none,120,60,1,4.897150939583755,8.0,7.822222222222222,917,0,0.0,-6.938893903907228e-18,no_shock,3.0
18.0,240.0,1.0000000000000002,3741.8837861258176,3807.6250740483897,2130.1746289207877,2.891729036670619,921,637.2000000000763,0.0,1395.0,0.0,1395.0,4976.0,0.0,14.250000000000023,90.0,0.1.0,8105,sublinear,central,none,120,60,1,4.901326366559486,8.0,7.822222222222222,921,0,0.027133910248293803,-0.03765106296415323,no_shock,3.0
30.0,240.0,1.0,4064.140434436541,3841.291449930092,2131.8792770504947,5.167180512672144,909,637.2000000000763,0.0,1387.0,0.0,1387.0,4990.0,0.0,13.350000000000021,83.0,0.1.0,8106,equal,central,none,120,60,1,4.897595190380762,8.0,7.578313253012048,909,7,0.1910325082735065,-0.26285353842693626,no_shock,3.0
29.0,240.0,1.0000000000000002,3848.1086935188296,3773.6814051386573,2096.3213095648275,5.081988354498987,906,637.2000000000763,0.0,1518.0,0.0,1518.0,4855.0,0.0,12.300000000000018,77.0,0.1.0,8106,hierarchy,central,none,120,60,1,4.889392378990731,8.0,7.532467532467533,906,6,0.17913573455624743,0.16951082830809985,no_shock,3.0
34.0,240.0,1.0000000000000002,3952.804473830773,3781.2002256193937,2133.17456554443,5.801208248620437,911,637.2000000000763,0.0,1561.0,0.0,1561.0,4810.0,0.0,12.75000000000002,79.0,0.1.0,8106,hierarchy_tenure,central,none,120,60,1,4.878378378378378,8.0,7.544303797468355,911,7,0.413556625704947,0.10152853286351995,no_shock,3.0
27.0,240.0,1.0000000000000002,3886.1557135744924,3797.2392552599104,2099.52564658385,4.750996811052662,909,637.2000000000763,0.0,1432.0,0.0,1432.0,4940.0,0.0,12.60000000000002,78.0,0.1.0,8106,linear,central,none,120,60,1,4.8945344129554655,8.0,7.564102564102564,909,6,0.0,-1.3877787807814457e-17,no_shock,3.0
28.0,240.0,1.0000000000000002,3905.669084903233,3810.739141565284,2103.9428276520657,4.794030114729835,911,637.2000000000763,0.0,1413.0,0.0,1413.0,4958.0,0.0,12.75000000000002,79.0,0.1.0,8106,sublinear,central,none,120,60,1,4.891891891891892,8.0,7.594936708860759,911,6,0.03407024750869089,-0.04618839541411551,no_shock,3.0
19.0,240.0,1.0000000000000002,3820.627067130607,3844.741980874686,2070.979392484392,2.816414279047942,915,637.2000000000763,0.0,1400.0,0.0,1400.0,4981.0,0.0,14.550000000000024,91.0,0.1.0,8107,equal,central,none,120,60,1,4.900020076289902,8.0,7.648351648351649,915,6,0.17191546831079813,-0.2329874124657846,no_shock,1.0
28.0,240.0,1.0000000000000002,3446.9134844492532,3743.7754776419406,1936.2845293472815,5.614006315411526,914,637.2000000000763,0.0,1652.0,0.0,1652.0,4721.0,0.0,13.20000000000002,83.0,0.1.0,8107,hierarchy,central,none,120,60,1,4.857021817411566,8.0,7.63855421686747,914,5,0.18721769240710348,0.20521214740092922,no_shock,1.0
34.0,240.0,1.0000000000000002,3641.7167557695852,3786.496197507427,1945.4624707409696,6.918100798596305,913,637.2000000000763,0.0,1631.0,0.0,1631.0,4742.0,0.0,13.05000000000002,81.0,0.1.0,8107,hierarchy_tenure,central,none,120,60,1,4.863137916490932,8.0,7.6419753086419755,913,5,0.4032381920802932,0.12513769923188334,no_shock,1.0
24.0,240.0,1.0000000000000002,3541.7417199632823,3780.459239132033,1974.8195333853425,4.541698704972802,914,637.2000000000763,0.0,1530.0,0.0,1530.0,4850.0,0.0,14.250000000000023,89.0,0.1.0,8107,linear,central,none,120,60,1,4.87958762886598,8.0,7.741573033707865,914,6,0.0,6.938893903907228e-18,no_shock,1.0
24.0,240.0,1.0000000000000002,3582.2769319994118,3792.7954315459797,1989.9216946049298,4.541698704972802,914,637.2000000000763,0.0,1506.0,0.0,1506.0,4874.0,0.0,14.250000000000023,89.0,0.1.0,8107,sublinear,central,none,120,60,1,4.88695116947066,8.0,7.741573033707865,914,6,0.026502758068474717,-0.03535974450703865,no_shock,1.0
17.0,240.0,1.0000000000000002,3848.132496400612,3830.3856145219484,2192.4530632426795,1.9515913651397623,909,637.2000000000763,0.0,1418.0,0.0,1418.0,4945.0,0.0,10.800000000000015,72.0,0.1.0,8100,equal,central,none,120,60,1,4.870374115267947,8.0,8.069444444444445,909,5,0.1853074069738828,-0.25438602488342976,shock,
20.0,240.0,1.0000000000000002,3628.2077164184457,3688.0577995963076,2129.6771809240504,2.982470048477528,910,637.2000000000763,0.0,1574.0,0.0,1574.0,4787.0,0.0,10.650000000000015,71.0,0.1.0,8100,hierarchy,central,none,120,60,1,4.869855859619804,8.0,8.112676056338028,910,3,0.1492676639859217,0.15858411371028952,shock,
26.0,240.0,1.0000000000000002,3780.6533802493436,3751.8315533982077,2213.526535531445,5.543680545825333,905,637.2000000000763,0.0,1537.0,0.0,1537.0,4830.0,0.0,10.800000000000015,72.0,0.1.0,8100,hierarchy_tenure,central,none,120,60,1,4.849068322981366,8.0,8.0,905,6,0.39668365570997915,0.10702686034160858,shock,
23.0,240.0,1.0000000000000002,3685.7911495070557,3738.22609592649,2136.150936699061,4.032714400438945,913,637.2000000000763,0.0,1492.0,0.0,1492.0,4865.0,0.0,10.500000000000014,70.0,0.1.0,8100,linear,central,none,120,60,1,4.882425488180884,8.0,8.1,913,4,0.0,0.0,shock,
21.0,240.0,1.0000000000000002,3716.0374218092143,3760.3904601637882,2145.2756855751372,3.604049387905653,915,637.2000000000763,0.0,1466.0,0.0,1466.0,4889.0,0.0,10.500000000000014,70.0,0.1.0,8100,sublinear,central,none,120,60,1,4.887093475148292,8.0,8.142857142857142,915,5,0.03361965862816316,-0.045604798484166126,shock,
22.0,240.0,1.0000000000000002,4219.836734789298,3844.081177088991,2113.470289989897,4.355486288900189,916,637.2000000000763,0.0,1306.0,0.0,1306.0,5082.0,0.0,15.750000000000027,103.0,0.1.0,8101,equal,central,none,120,60,1,4.900236127508855,8.0,7.796116504854369,916,2,0.18397658615404863,-0.25134190939653545,shock,1.0
25.0,240.0,1.0000000000000002,3920.673660238671,3733.919448007291,2023.408260037081,5.616693033614578,913,637.2000000000763,0.0,1476.0,0.0,1476.0,4913.0,0.0,15.450000000000026,101.0,0.1.0,8101,hierarchy,central,none,120,60,1,4.883574190922044,8.0,7.851485148514851,913,2,0.17034389891716245,0.17101281489152761,shock,1.0
24.0,240.0,1.0000000000000002,4082.9907072230053,3774.9089774669874,2071.670624024835,4.922281327500858,915,637.2000000000763,0.0,1490.0,0.0,1490.0,4893.0,0.0,14.850000000000025,97.0,0.1.0,8101,hierarchy_tenure,central,none,120,60,1,4.875332107091764,8.0,7.814432989690721,915,2,0.4109775726549477,0.10902835054303635,shock,1.0
24.0,240.0,1.0000000000000002,3956.4144252980836,3773.2222720289947,2033.3206306331153,5.145856785443243,910,637.2000000000763,0.0,1390.0,0.0,1390.0,5002.0,0.0,15.450000000000026,101.0,0.1.0,8101,linear,central,none,120,60,1,4.890443822471012,8.0,7.821782178217822,910,2,0.0,2.0816681711721685e-17,shock,1.0
24.0,240.0,1.0000000000000002,3991.51863529639,3789.5505302435836,2042.0720002871383,5.145856785443243,911,637.2000000000763,0.0,1365.0,0.0,1365.0,5026.0,0.0,15.450000000000026,101.0,0.1.0,8101,sublinear,central,none,120,60,1,4.891762833267012,8.0,7.821782178217822,911,2,0.032045884339386474,-0.04305328815221643,shock,1.0
17.0,240.0,1.0000000000000002,4246.142421120656,3827.1821451126034,2272.329261020213,2.490438625777748,915,637.2000000000763,0.0,1356.0,0.0,1356.0,5036.0,0.0,16.050000000000026,105.0,0.1.0,8102,equal,central,none,120,60,1,4.919380460683082,8.0,7.933333333333334,915,3,0.19995468269651412,-0.2685339873826762,shock,
20.0,240.0,1.0000000000000002,3984.3657684920436,3702.7001628979833,2230.4007955645766,4.4441670584261175,911,637.2000000000763,0.0,1491.0,0.0,1491.0,4898.0,0.0,15.000000000000025,98.0,0.1.0,8102,hierarchy,central,none,120,60,1,4.914454879542671,8.0,7.826530612244898,911,4,0.15116579517867373,0.14250948253891757,shock,
19.0,240.0,1.0000000000000002,4143.785944198074,3729.8761922914396,2243.659287237345,3.6881054297541374,914,637.2000000000763,0.0,1516.0,0.0,1516.0,4872.0,0.0,15.300000000000026,100.0,0.1.0,8102,hierarchy_tenure,central,none,120,60,1,4.903530377668309,8.0,7.85,914,3,0.38345789370282446,0.085830514427061,shock,
19.0,240.0,1.0000000000000002,4022.626986809752,3739.8948254281245,2225.104561531496,3.4082506455285575,913,637.2000000000763,0.0,1446.0,0.0,1446.0,4943.0,0.0,15.300000000000026,100.0,0.1.0,8102,linear,central,none,120,60,1,4.92332591543597,8.0,7.88,913,4,0.0,6.938893903907228e-18,shock,
17.0,240.0,1.0000000000000002,4044.355098109903,3757.580980093418,2226.9449325419596,2.797365804263209,914,637.2000000000763,0.0,1435.0,0.0,1435.0,4952.0,0.0,15.150000000000025,99.0,0.1.0,8102,sublinear,central,none,120,60,1,4.920638126009693,8.0,7.878787878787879,914,4,0.03549266429120271,-0.047239560426260326,shock,
19.0,240.0,1.0,4259.857460442304,3845.03865153654,2087.1547837870708,2.2551581635349183,921,637.2000000000763,0.0,1373.0,0.0,1373.0,5011.0,0.0,15.750000000000027,103.0,0.1.0,8103,equal,central,none,120,60,1,4.908401516663341,8.0,7.747572815533981,921,6,0.21061363165895722,-0.2797429955856265,shock,
23.0,240.0,1.0000000000000002,3930.2417937423697,3723.9089970105315,2032.2839660612426,3.40174233574701,920,637.2000000000763,0.0,1544.0,0.0,1544.0,4837.0,0.0,15.150000000000025,98.0,0.1.0,8103,hierarchy,central,none,120,60,1,4.909448004961753,8.0,7.724489795918367,920,5,0.16740330841427714,0.1509847818838609,shock,
28.0,240.0,1.0000000000000002,4096.901089387298,3774.1342379168464,2004.5452270436708,5.977943094740296,916,637.2000000000763,0.0,1584.0,0.0,1584.0,4800.0,0.0,15.000000000000025,99.0,0.1.0,8103,hierarchy_tenure,central,none,120,60,1,4.89375,8.0,7.717171717171717,916,7,0.43042758611965604,0.08326436781231994,shock,
17.0,240.0,1.0000000000000002,4012.3386717833246,3781.334895469324,2053.245072544231,2.1457579024807565,919,637.2000000000763,0.0,1420.0,0.0,1420.0,4961.0,0.0,15.000000000000025,99.0,0.1.0,8103,linear,central,none,120,60,1,4.917355371900826,8.0,7.7272727272727275,919,6,0.0,-1.3877787807814457e-17,shock,
15.0,240.0,1.0000000000000002,4031.241551787861,3797.8906605403313,2052.957603024018,1.6035703808456858,918,637.2000000000763,0.0,1402.0,0.0,1402.0,4982.0,0.0,15.300000000000026,101.0,0.1.0,8103,sublinear,central,none,120,60,1,4.915897230028101,8.0,7.742574257425742,918,6,0.03694263351192004,-0.0477086023220821,shock,
14.0,240.0,1.0000000000000002,4176.558381679288,3853.971891442174,2401.902380633436,1.754486382882708,911,637.2000000000763,0.0,1265.0,0.0,1265.0,5144.0,0.0,18.000000000000007,118.0,0.1.0,8104,equal,central,none,120,60,1,4.894440124416796,8.0,7.516949152542373,911,5,0.16303167612936426,-0.22592010533079773,shock,
13.0,240.0,1.0000000000000002,4037.807532404074,3734.4546736890275,2328.4240031135428,1.7453483894530621,911,637.2000000000763,0.0,1402.0,0.0,1402.0,5003.0,0.0,17.400000000000013,114.0,0.1.0,8104,hierarchy,central,none,120,60,1,4.921047371577054,8.0,7.5,911,5,0.16975826349550924,0.1744702750005418,shock,
16.0,240.0,1.0000000000000002,4093.11276401945,3758.3385078789097,2335.689935206857,2.5675839948168626,911,637.2000000000763,0.0,1457.0,0.0,1457.0,4946.0,0.0,17.100000000000016,112.0,0.1.0,8104,hierarchy_tenure,central,none,120,60,1,4.885564092195714,8.0,7.464285714285714,911,5,0.3973684499174251,0.1178701136949577,shock,
14.0,240.0,1.0000000000000002,4043.2018489709094,3785.9554917394244,2344.005336596782,1.9327631437096797,913,637.2000000000763,0.0,1334.0,0.0,1334.0,5070.0,0.0,17.55000000000001,115.0,0.1.0,8104,linear,central,none,120,60,1,4.911242603550296,8.0,7.452173913043478,913,5,0.0,-2.0816681711721685e-17,shock,
14.0,240.0,1.0000000000000002,4060.2723341542483,3804.8351783773805,2350.202109350177,1.9327631437096797,913,637.2000000000763,0.0,1321.0,0.0,1321.0,5085.0,0.0,17.85000000000001,117.0,0.1.0,8104,sublinear,central,none,120,60,1,4.909341199606686,8.0,7.487179487179487,913,5,0.031630436744461476,-0.04251536301662855,shock,
17.0,240.0,1.0000000000000002,3883.2107854756387,3840.0160810362217,2166.7681698593965,3.1204835255744667,919,637.2000000000763,0.0,1402.0,0.0,1402.0,4972.0,0.0,14.400000000000023,91.0,0.1.0,8105,equal,central,none,120,60,1,4.901448109412711,8.0,7.824175824175824,919,0,0.16137601242369032,-0.2279283361051819,shock,3.0
19.0,240.0,1.0000000000000002,3638.90153106948,3740.328862668696,2107.455123546696,3.265052484319236,918,637.2000000000763,0.0,1547.0,0.0,1547.0,4827.0,0.0,14.250000000000023,90.0,0.1.0,8105,hierarchy,central,none,120,60,1,4.898073337476694,8.0,7.844444444444444,918,0,0.1850256958705439,0.20282579779819673,shock,3.0
22.0,240.0,1.0000000000000002,3871.121176734487,3752.6850984512344,2151.2591036131485,4.991657022525258,913,637.2000000000763,0.0,1569.0,0.0,1569.0,4812.0,0.0,14.550000000000024,92.0,0.1.0,8105,hierarchy_tenure,central,none,120,60,1,4.900872817955112,8.0,7.891304347826087,913,0,0.41387274771045135,0.11114950968000485,shock,3.0
18.0,240.0,1.0000000000000002,3674.487311846985,3788.873143493014,2113.90448909196,2.992142438385656,918,637.2000000000763,0.0,1467.0,0.0,1467.0,4907.0,0.0,14.250000000000023,90.0,0.1.0,8105,linear,central,none,120,60,1,4.8952516812716524,8.0,7.822222222222222,918,0,0.0,6.938893903907228e-18,shock,3.0
18.0,240.0,1.0000000000000002,3706.583765187088,3803.9802708995494,2127.2536410032735,2.891729036670619,921,637.2000000000763,0.0,1440.0,0.0,1440.0,4931.0,0.0,14.250000000000023,90.0,0.1.0,8105,sublinear,central,none,120,60,1,4.8998174812411275,8.0,7.822222222222222,921,0,0.02720464594718217,-0.03765167966106556,shock,3.0
30.0,240.0,1.0,4014.95328404356,3838.095774453573,2130.1721458850025,5.167180512672144,909,637.2000000000763,0.0,1421.0,0.0,1421.0,4955.0,0.0,13.20000000000002,82.0,0.1.0,8106,equal,central,none,120,60,1,4.8970736629667,8.0,7.573170731707317,909,7,0.19037806434558158,-0.2622945745577305,shock,3.0
29.0,240.0,1.0000000000000002,3805.266065175972,3770.69217938282,2092.79497362077,5.081988354498987,906,637.2000000000763,0.0,1554.0,0.0,1554.0,4819.0,0.0,12.300000000000018,77.0,0.1.0,8106,hierarchy,central,none,120,60,1,4.888566092550322,8.0,7.532467532467533,906,6,0.17940410783016358,0.1699124220845963,shock,3.0
34.0,240.0,1.0000000000000002,3905.583412779255,3778.9329073206227,2131.32617566633,5.801208248620437,911,637.2000000000763,0.0,1589.0,0.0,1589.0,4781.0,0.0,12.60000000000002,78.0,0.1.0,8106,hierarchy_tenure,central,none,120,60,1,4.877640660949592,8.0,7.538461538461538,911,7,0.41268674431381175,0.1025880370774035,shock,3.0
27.0,240.0,1.0000000000000002,3841.1812492987788,3794.2614018680188,2096.683965809316,4.750996811052662,909,637.2000000000763,0.0,1465.0,0.0,1465.0,4907.0,0.0,12.60000000000002,78.0,0.1.0,8106,linear,central,none,120,60,1,4.894844100264928,8.0,7.564102564102564,909,6,0.0,6.938893903907228e-18,shock,3.0
28.0,240.0,1.0000000000000002,3861.861748124735,3806.4885728922222,2099.7033789494626,4.794030114729835,911,637.2000000000763,0.0,1450.0,0.0,1450.0,4920.0,0.0,12.60000000000002,78.0,0.1.0,8106,sublinear,central,none,120,60,1,4.891260162601626,8.0,7.564102564102564,911,6,0.03400303745374327,-0.04611553977067813,shock,3.0
19.0,240.0,1.0000000000000002,3782.576785591067,3841.2431828859194,2066.91508962818,2.816414279047942,916,637.2000000000763,0.0,1433.0,0.0,1433.0,4945.0,0.0,14.250000000000023,89.0,0.1.0,8107,equal,central,none,120,60,1,4.899292214357938,8.0,7.640449438202247,916,6,0.17153674019969575,-0.23266306771720036,shock,1.0
28.0,240.0,1.0000000000000002,3415.0512329383046,3739.4395951757756,1932.8348815316083,5.614006315411526,914,637.2000000000763,0.0,1689.0,0.0,1689.0,4683.0,0.0,13.05000000000002,82.0,0.1.0,8107,hierarchy,central,none,120,60,1,4.857142857142857,8.0,7.634146341463414,914,5,0.1872344065701811,0.20458030148332546,shock,1.0
34.0,240.0,1.0000000000000002,3603.0446053207543,3782.7701469938133,1941.7938566587165,6.918100798596305,913,637.2000000000763,0.0,1663.0,0.0,1663.0,4710.0,0.0,13.05000000000002,81.0,0.1.0,8107,hierarchy_tenure,central,none,120,60,1,4.863269639065817,8.0,7.6419753086419755,913,5,0.40220390445629495,0.1259787972757419,shock,1.0
24.0,240.0,1.0000000000000002,3511.4509525305193,3776.0097416821604,1972.6305417123747,4.541698704972802,915,637.2000000000763,0.0,1572.0,0.0,1572.0,4804.0,0.0,13.800000000000022,86.0,0.1.0,8107,linear,central,none,120,60,1,4.879059117402165,8.0,7.732558139534884,915,6,0.0,-6.938893903907228e-18,shock,1.0
24.0,240.0,1.0000000000000002,3550.3398995420425,3788.522777173761,1987.0676856693408,4.541698704972802,915,637.2000000000763,0.0,1543.0,0.0,1543.0,4833.0,0.0,13.800000000000022,86.0,0.1.0,8107,sublinear,central,none,120,60,1,4.887440513138837,8.0,7.732558139534884,915,6,0.02660752958733715,-0.03544347679558567,shock,1.0
