compiled_kernel_seconds,config_sha256,core_total_wall_seconds,cpu_seconds,days,disk_read_bytes,disk_write_bytes,error,final_state_sha256,guilds,initialization_population_generation_seconds,io_measurement_method,n,network_io_bytes,output_bytes,peak_process_rss_mb,plotting_seconds,provenance_serialization_hash_io_residual_seconds,repeat,run_path,separately_timed_population_generation_seconds,simulation_seconds,sites,source_sha256,statistics_seconds,status,summary_sha256,task,temperature,work_claims_emitted,work_claims_per_simulation_second,wrapper_wall_seconds,spawn_to_exit_wall_seconds,process_startup_gc_monitor_residual_seconds,rss_note
0,2794965d4b3e59b69e6cb255611841225131ebdf213c5bd8fdddd214f92d1151,1.0964542079996136,1.082647,30,0,1552384,,a97b64755bdd03966047dfd6f299d104dd0f49944bfc876eb41bc386d8ea9936,10,0.014016499999797816,macOS proc_pid_rusage RUSAGE_INFO_V2,1000,0,1530839,40.875,0.0004321249998611165,0.053167499999744905,0,evidence/benchmarks/20261007T141530-cpu-benchmark-2ae7d6ba8f34/single-n1000-t30-r0/run-0,,1.0285068749999482,2,61149d88f0df519415814b032ec44dc4237b0c3f9eebafd3a60bacb265923e59,0.0003312080002615403,complete,7e87673d67490f7353804bb12ad0f348a47a62cf24920d7616c634c922ceb5a1,single-n1000-t30-r0,fresh_interpreter,30000,29168.49729371183,1.0987825419997534,2.3113297499999135,0.11041474900048343,OS process high-water; warm repeat inherits earlier high-water and allocator state
0,2794965d4b3e59b69e6cb255611841225131ebdf213c5bd8fdddd214f92d1151,1.099748083999657,1.089738,30,0,1552384,,a97b64755bdd03966047dfd6f299d104dd0f49944bfc876eb41bc386d8ea9936,10,0.013640291000228899,macOS proc_pid_rusage RUSAGE_INFO_V2,1000,0,1530839,42.5625,0.0004725839999082382,0.04666787599944655,1,evidence/benchmarks/20261007T141530-cpu-benchmark-2ae7d6ba8f34/single-n1000-t30-r0/run-1,,1.038652749999983,2,61149d88f0df519415814b032ec44dc4237b0c3f9eebafd3a60bacb265923e59,0.00031458300009035156,complete,7e87673d67490f7353804bb12ad0f348a47a62cf24920d7616c634c922ceb5a1,single-n1000-t30-r0,same_interpreter_fresh_model,30000,28883.570567738345,1.1021324589996766,2.3113297499999135,0.11041474900048343,OS process high-water; warm repeat inherits earlier high-water and allocator state
0,2794965d4b3e59b69e6cb255611841225131ebdf213c5bd8fdddd214f92d1151,1.1146086250000735,1.1016769999999998,30,0,1552384,,a97b64755bdd03966047dfd6f299d104dd0f49944bfc876eb41bc386d8ea9936,10,0.014048916999854555,macOS proc_pid_rusage RUSAGE_INFO_V2,1000,0,1530831,41.109375,0.0004834159999518306,0.052063208000163286,0,evidence/benchmarks/20261007T141530-cpu-benchmark-2ae7d6ba8f34/single-n1000-t30-r1/run-0,,1.047681417000149,2,61149d88f0df519415814b032ec44dc4237b0c3f9eebafd3a60bacb265923e59,0.0003316669999549049,complete,7e87673d67490f7353804bb12ad0f348a47a62cf24920d7616c634c922ceb5a1,single-n1000-t30-r1,fresh_interpreter,30000,28634.658888863098,1.11696770799972,2.3361908749998292,0.10805083400009607,OS process high-water; warm repeat inherits earlier high-water and allocator state
0,2794965d4b3e59b69e6cb255611841225131ebdf213c5bd8fdddd214f92d1151,1.1086305420003555,1.098666,30,0,1552384,,a97b64755bdd03966047dfd6f299d104dd0f49944bfc876eb41bc386d8ea9936,10,0.01398162500026956,macOS proc_pid_rusage RUSAGE_INFO_V2,1000,0,1530830,45.9375,0.00043425000012575765,0.04781450099972062,1,evidence/benchmarks/20261007T141530-cpu-benchmark-2ae7d6ba8f34/single-n1000-t30-r1/run-1,,1.0460650410000198,2,61149d88f0df519415814b032ec44dc4237b0c3f9eebafd3a60bacb265923e59,0.0003351250002197048,complete,7e87673d67490f7353804bb12ad0f348a47a62cf24920d7616c634c922ceb5a1,single-n1000-t30-r1,same_interpreter_fresh_model,30000,28678.90506246201,1.1111723330000132,2.3361908749998292,0.10805083400009607,OS process high-water; warm repeat inherits earlier high-water and allocator state
0,2794965d4b3e59b69e6cb255611841225131ebdf213c5bd8fdddd214f92d1151,1.119637917000091,1.106387,30,0,1552384,,a97b64755bdd03966047dfd6f299d104dd0f49944bfc876eb41bc386d8ea9936,10,0.01425016700022752,macOS proc_pid_rusage RUSAGE_INFO_V2,1000,0,1530828,42.28125,0.0006225419997463177,0.05488058399987494,0,evidence/benchmarks/20261007T141530-cpu-benchmark-2ae7d6ba8f34/single-n1000-t30-r2/run-0,,1.0495470410000962,2,61149d88f0df519415814b032ec44dc4237b0c3f9eebafd3a60bacb265923e59,0.000337583000145969,complete,7e87673d67490f7353804bb12ad0f348a47a62cf24920d7616c634c922ceb5a1,single-n1000-t30-r2,fresh_interpreter,30000,28583.759305741543,1.122236832999988,2.348891082999671,0.12274320799951965,OS process high-water; warm repeat inherits earlier high-water and allocator state
0,2794965d4b3e59b69e6cb255611841225131ebdf213c5bd8fdddd214f92d1151,1.1017065409996576,1.091407,30,0,1552384,,a97b64755bdd03966047dfd6f299d104dd0f49944bfc876eb41bc386d8ea9936,10,0.013938875000349071,macOS proc_pid_rusage RUSAGE_INFO_V2,1000,0,1530843,42.390625,0.0004279160002624849,0.04590262399869971,1,evidence/benchmarks/20261007T141530-cpu-benchmark-2ae7d6ba8f34/single-n1000-t30-r2/run-1,,1.0411115420001806,2,61149d88f0df519415814b032ec44dc4237b0c3f9eebafd3a60bacb265923e59,0.00032558400016569067,complete,7e87673d67490f7353804bb12ad0f348a47a62cf24920d7616c634c922ceb5a1,single-n1000-t30-r2,same_interpreter_fresh_model,30000,28815.35627043773,1.1039110420001634,2.348891082999671,0.12274320799951965,OS process high-water; warm repeat inherits earlier high-water and allocator state
0,99c822f04ef5bddab01d3ab337bb691128bdc4bc93c2186453a0f004739c4e67,11.57313137500023,11.552919,30,0,15622144,,8aaed306fadbff8a0d917f8d2d6526a89405df430f1083ff9367ece95a332ba2,100,0.13836870799968892,macOS proc_pid_rusage RUSAGE_INFO_V2,10000,0,15602925,133.9375,0.0007030409997241804,0.3613172510008553,0,evidence/benchmarks/20261007T141530-cpu-benchmark-2ae7d6ba8f34/single-n10000-t30-r0/run-0,,11.069605749999937,8,61149d88f0df519415814b032ec44dc4237b0c3f9eebafd3a60bacb265923e59,0.003136625000024651,complete,cf10cf9c3447f9c673371f5188162ceead42e45952bdc277a90ac7eeda3cb3e6,single-n10000-t30-r0,fresh_interpreter,300000,27101.23619352945,11.59639233300004,23.389695541000037,0.1149711660000321,OS process high-water; warm repeat inherits earlier high-water and allocator state
0,99c822f04ef5bddab01d3ab337bb691128bdc4bc93c2186453a0f004739c4e67,11.655317000000196,11.650424999999998,30,0,15622144,,8aaed306fadbff8a0d917f8d2d6526a89405df430f1083ff9367ece95a332ba2,100,0.14039404100003594,macOS proc_pid_rusage RUSAGE_INFO_V2,10000,0,15602932,153.0,0.000995584000065719,0.34901866600012,1,evidence/benchmarks/20261007T141530-cpu-benchmark-2ae7d6ba8f34/single-n10000-t30-r0/run-1,,11.161706542000047,8,61149d88f0df519415814b032ec44dc4237b0c3f9eebafd3a60bacb265923e59,0.0032021669999267033,complete,cf10cf9c3447f9c673371f5188162ceead42e45952bdc277a90ac7eeda3cb3e6,single-n10000-t30-r0,same_interpreter_fresh_model,300000,26877.610414781924,11.678332041999965,23.389695541000037,0.1149711660000321,OS process high-water; warm repeat inherits earlier high-water and allocator state
0,99c822f04ef5bddab01d3ab337bb691128bdc4bc93c2186453a0f004739c4e67,11.686250666999968,11.673737,30,0,15622144,,8aaed306fadbff8a0d917f8d2d6526a89405df430f1083ff9367ece95a332ba2,100,0.14202945899978658,macOS proc_pid_rusage RUSAGE_INFO_V2,10000,0,15602928,133.40625,0.0006984170004216139,0.3667903329996989,0,evidence/benchmarks/20261007T141530-cpu-benchmark-2ae7d6ba8f34/single-n10000-t30-r1/run-0,,11.173590833000162,8,61149d88f0df519415814b032ec44dc4237b0c3f9eebafd3a60bacb265923e59,0.0031416249998983403,complete,cf10cf9c3447f9c673371f5188162ceead42e45952bdc277a90ac7eeda3cb3e6,single-n10000-t30-r1,fresh_interpreter,300000,26849.023244522064,11.709704207999948,23.712972499999978,0.1311385839999275,OS process high-water; warm repeat inherits earlier high-water and allocator state
0,99c822f04ef5bddab01d3ab337bb691128bdc4bc93c2186453a0f004739c4e67,11.845570541999678,11.845457999999999,30,0,15622144,,8aaed306fadbff8a0d917f8d2d6526a89405df430f1083ff9367ece95a332ba2,100,0.14418462499997986,macOS proc_pid_rusage RUSAGE_INFO_V2,10000,0,15602938,154.390625,0.0006649580000157584,0.36156804199981707,1,evidence/benchmarks/20261007T141530-cpu-benchmark-2ae7d6ba8f34/single-n10000-t30-r1/run-1,,11.336019291999946,8,61149d88f0df519415814b032ec44dc4237b0c3f9eebafd3a60bacb265923e59,0.0031336249999185384,complete,cf10cf9c3447f9c673371f5188162ceead42e45952bdc277a90ac7eeda3cb3e6,single-n10000-t30-r1,same_interpreter_fresh_model,300000,26464.316288850703,11.872129708000102,23.712972499999978,0.1311385839999275,OS process high-water; warm repeat inherits earlier high-water and allocator state
0,99c822f04ef5bddab01d3ab337bb691128bdc4bc93c2186453a0f004739c4e67,11.598830708999685,11.596988,30,0,15622144,,8aaed306fadbff8a0d917f8d2d6526a89405df430f1083ff9367ece95a332ba2,100,0.14247366600011446,macOS proc_pid_rusage RUSAGE_INFO_V2,10000,0,15602924,133.75,0.0007423340002787882,0.36538316699943607,0,evidence/benchmarks/20261007T141530-cpu-benchmark-2ae7d6ba8f34/single-n10000-t30-r2/run-0,,11.086994792000041,8,61149d88f0df519415814b032ec44dc4237b0c3f9eebafd3a60bacb265923e59,0.003236749999814492,complete,cf10cf9c3447f9c673371f5188162ceead42e45952bdc277a90ac7eeda3cb3e6,single-n10000-t30-r2,fresh_interpreter,300000,27058.73012734422,11.621528667000348,23.500049750000017,0.14878779099990425,OS process high-water; warm repeat inherits earlier high-water and allocator state
0,99c822f04ef5bddab01d3ab337bb691128bdc4bc93c2186453a0f004739c4e67,11.706239667000318,11.706793,30,0,15622144,,8aaed306fadbff8a0d917f8d2d6526a89405df430f1083ff9367ece95a332ba2,100,0.14414570799999638,macOS proc_pid_rusage RUSAGE_INFO_V2,10000,0,15602929,157.265625,0.0006269589998737501,0.3475129990001733,1,evidence/benchmarks/20261007T141530-cpu-benchmark-2ae7d6ba8f34/single-n10000-t30-r2/run-1,,11.210807834000207,8,61149d88f0df519415814b032ec44dc4237b0c3f9eebafd3a60bacb265923e59,0.0031461670000680897,complete,cf10cf9c3447f9c673371f5188162ceead42e45952bdc277a90ac7eeda3cb3e6,single-n10000-t30-r2,same_interpreter_fresh_model,300000,26759.891387145017,11.729733291999764,23.500049750000017,0.14878779099990425,OS process high-water; warm repeat inherits earlier high-water and allocator state
0,349098037f2f1fb32331ebcc7bb5341003ce7b3cd0bb9aac47a3f28dea3af93e,14.267760665999958,14.331679000000001,3,0,73629696,,a1dcfe3085feb5c9e9b4d1f59aeae1d9fb4e33732582b2694145bac30560beed,1000,1.493563125000037,macOS proc_pid_rusage RUSAGE_INFO_V2,100000,0,73611013,459.78125,0.0008254169997599092,1.797658706999755,0,evidence/benchmarks/20261007T141530-cpu-benchmark-2ae7d6ba8f34/single-n100000-t3-r0/run-0,,10.974999417000163,8,61149d88f0df519415814b032ec44dc4237b0c3f9eebafd3a60bacb265923e59,0.0007140000002436864,complete,04fe293e21cc423f19d4a1c7b73c7334004f9806da3b20a12cd23c027ae7ee7b,single-n100000-t3-r0,fresh_interpreter,300000,27334.853388265612,14.371844833000068,28.781628875000024,0.20811045900018144,OS process high-water; warm repeat inherits earlier high-water and allocator state
0,349098037f2f1fb32331ebcc7bb5341003ce7b3cd0bb9aac47a3f28dea3af93e,14.097181457999795,14.172984000000001,3,0,73629696,,a1dcfe3085feb5c9e9b4d1f59aeae1d9fb4e33732582b2694145bac30560beed,1000,1.4403814160000366,macOS proc_pid_rusage RUSAGE_INFO_V2,100000,0,73611014,543.53125,0.0009580410001035489,1.8328322499992282,1,evidence/benchmarks/20261007T141530-cpu-benchmark-2ae7d6ba8f34/single-n100000-t3-r0/run-1,,10.822314542000186,8,61149d88f0df519415814b032ec44dc4237b0c3f9eebafd3a60bacb265923e59,0.0006952090002414479,complete,04fe293e21cc423f19d4a1c7b73c7334004f9806da3b20a12cd23c027ae7ee7b,single-n100000-t3-r0,same_interpreter_fresh_model,300000,27720.502747885745,14.201673582999774,28.781628875000024,0.20811045900018144,OS process high-water; warm repeat inherits earlier high-water and allocator state
0,349098037f2f1fb32331ebcc7bb5341003ce7b3cd0bb9aac47a3f28dea3af93e,14.368745124999805,14.433113,3,0,73629696,,a1dcfe3085feb5c9e9b4d1f59aeae1d9fb4e33732582b2694145bac30560beed,1000,1.4545679579996431,macOS proc_pid_rusage RUSAGE_INFO_V2,100000,0,73611013,460.59375,0.008445917000244663,1.8326796249994004,0,evidence/benchmarks/20261007T141530-cpu-benchmark-2ae7d6ba8f34/single-n100000-t3-r1/run-0,,11.072259250000116,8,61149d88f0df519415814b032ec44dc4237b0c3f9eebafd3a60bacb265923e59,0.0007923750004010799,complete,04fe293e21cc423f19d4a1c7b73c7334004f9806da3b20a12cd23c027ae7ee7b,single-n100000-t3-r1,fresh_interpreter,300000,27094.741301328984,14.470874832999925,29.15813191699999,0.21554791700009446,OS process high-water; warm repeat inherits earlier high-water and allocator state
0,349098037f2f1fb32331ebcc7bb5341003ce7b3cd0bb9aac47a3f28dea3af93e,14.36879779200035,14.441594,3,0,73629696,,a1dcfe3085feb5c9e9b4d1f59aeae1d9fb4e33732582b2694145bac30560beed,1000,1.4720507500001077,macOS proc_pid_rusage RUSAGE_INFO_V2,100000,0,73611021,541.6875,0.0010161659997720562,1.8333182510004917,1,evidence/benchmarks/20261007T141530-cpu-benchmark-2ae7d6ba8f34/single-n100000-t3-r1/run-1,,11.061687082999924,8,61149d88f0df519415814b032ec44dc4237b0c3f9eebafd3a60bacb265923e59,0.0007255420000547019,complete,04fe293e21cc423f19d4a1c7b73c7334004f9806da3b20a12cd23c027ae7ee7b,single-n100000-t3-r1,same_interpreter_fresh_model,300000,27120.637001299096,14.471709166999972,29.15813191699999,0.21554791700009446,OS process high-water; warm repeat inherits earlier high-water and allocator state
0,349098037f2f1fb32331ebcc7bb5341003ce7b3cd0bb9aac47a3f28dea3af93e,14.554608292000012,14.622247999999999,3,0,73629696,,a1dcfe3085feb5c9e9b4d1f59aeae1d9fb4e33732582b2694145bac30560beed,1000,1.4441941249997399,macOS proc_pid_rusage RUSAGE_INFO_V2,100000,0,73611015,459.703125,0.0006855419997009449,1.8953340000002754,0,evidence/benchmarks/20261007T141530-cpu-benchmark-2ae7d6ba8f34/single-n100000-t3-r2/run-0,,11.213698333000139,8,61149d88f0df519415814b032ec44dc4237b0c3f9eebafd3a60bacb265923e59,0.0006962920001569728,complete,04fe293e21cc423f19d4a1c7b73c7334004f9806da3b20a12cd23c027ae7ee7b,single-n100000-t3-r2,fresh_interpreter,300000,26752.993623624378,14.66008545800014,29.503142125000068,0.20109199999978955,OS process high-water; warm repeat inherits earlier high-water and allocator state
0,349098037f2f1fb32331ebcc7bb5341003ce7b3cd0bb9aac47a3f28dea3af93e,14.532088082999962,14.561683,3,274432,73629696,,a1dcfe3085feb5c9e9b4d1f59aeae1d9fb4e33732582b2694145bac30560beed,1000,1.4940050830000473,macOS proc_pid_rusage RUSAGE_INFO_V2,100000,0,73611014,525.984375,0.0008227079997595865,1.913195041000563,1,evidence/benchmarks/20261007T141530-cpu-benchmark-2ae7d6ba8f34/single-n100000-t3-r2/run-1,,11.12334620899992,8,61149d88f0df519415814b032ec44dc4237b0c3f9eebafd3a60bacb265923e59,0.0007190419996732089,complete,04fe293e21cc423f19d4a1c7b73c7334004f9806da3b20a12cd23c027ae7ee7b,single-n100000-t3-r2,same_interpreter_fresh_model,300000,26970.301414988724,14.641964667000138,29.503142125000068,0.20109199999978955,OS process high-water; warm repeat inherits earlier high-water and allocator state
0,b2f9fa586343baf3201086354caff0e028cef853a708f87321f2488ae946d348,0.27551583299964477,0.26100199999999996,60,0,319488,,e2f87a66360463717e78323f5875106667f1dc7e9aca1ec3afc74ba7f9f92e28,4,0.0017412499996680708,macOS proc_pid_rusage RUSAGE_INFO_V2,120,0,300018,32.140625,0.00045441700012816,0.029682290999971883,0,evidence/benchmarks/20261007T141530-cpu-benchmark-2ae7d6ba8f34/single-n120-t60-r0/run-0,,0.24349750000010317,2,61149d88f0df519415814b032ec44dc4237b0c3f9eebafd3a60bacb265923e59,0.0001403749997734849,complete,8a55664f0f645d128d3fe5c0db49ed4897971e38f63dcc1da330d88405388b28,single-n120-t60-r0,fresh_interpreter,7200,29569.092085121814,0.27653479099990363,0.6751115000001846,0.13235162500041042,OS process high-water; warm repeat inherits earlier high-water and allocator state
0,b2f9fa586343baf3201086354caff0e028cef853a708f87321f2488ae946d348,0.2651886249996096,0.25444600000000006,60,0,319488,,e2f87a66360463717e78323f5875106667f1dc7e9aca1ec3afc74ba7f9f92e28,4,0.0017783329999474518,macOS proc_pid_rusage RUSAGE_INFO_V2,120,0,300020,32.296875,0.00040991700006998144,0.02073762399959378,1,evidence/benchmarks/20261007T141530-cpu-benchmark-2ae7d6ba8f34/single-n120-t60-r0/run-1,,0.2421600419997958,2,61149d88f0df519415814b032ec44dc4237b0c3f9eebafd3a60bacb265923e59,0.00010270900020259432,complete,8a55664f0f645d128d3fe5c0db49ed4897971e38f63dcc1da330d88405388b28,single-n120-t60-r0,same_interpreter_fresh_model,7200,29732.403168339686,0.26622508399987055,0.6751115000001846,0.13235162500041042,OS process high-water; warm repeat inherits earlier high-water and allocator state
0,b2f9fa586343baf3201086354caff0e028cef853a708f87321f2488ae946d348,0.27429762500014476,0.260434,60,0,319488,,e2f87a66360463717e78323f5875106667f1dc7e9aca1ec3afc74ba7f9f92e28,4,0.001957291000053374,macOS proc_pid_rusage RUSAGE_INFO_V2,120,0,300008,31.84375,0.0005046249998486019,0.02926512600015485,0,evidence/benchmarks/20261007T141530-cpu-benchmark-2ae7d6ba8f34/single-n120-t60-r1/run-0,,0.24245049999990442,2,61149d88f0df519415814b032ec44dc4237b0c3f9eebafd3a60bacb265923e59,0.00012008300018351292,complete,8a55664f0f645d128d3fe5c0db49ed4897971e38f63dcc1da330d88405388b28,single-n120-t60-r1,fresh_interpreter,7200,29696.78346715242,0.2754620830000931,0.6325780000001942,0.08952529200041681,OS process high-water; warm repeat inherits earlier high-water and allocator state
0,b2f9fa586343baf3201086354caff0e028cef853a708f87321f2488ae946d348,0.26644883300014044,0.25507899999999994,60,0,319488,,e2f87a66360463717e78323f5875106667f1dc7e9aca1ec3afc74ba7f9f92e28,4,0.0017366659999424883,macOS proc_pid_rusage RUSAGE_INFO_V2,120,0,300019,32.0625,0.0004090000002179295,0.021989916999700654,1,evidence/benchmarks/20261007T141530-cpu-benchmark-2ae7d6ba8f34/single-n120-t60-r1/run-1,,0.24220133400012855,2,61149d88f0df519415814b032ec44dc4237b0c3f9eebafd3a60bacb265923e59,0.00011191600015081349,complete,8a55664f0f645d128d3fe5c0db49ed4897971e38f63dcc1da330d88405388b28,single-n120-t60-r1,same_interpreter_fresh_model,7200,29727.334202032835,0.2675906249996842,0.6325780000001942,0.08952529200041681,OS process high-water; warm repeat inherits earlier high-water and allocator state
0,b2f9fa586343baf3201086354caff0e028cef853a708f87321f2488ae946d348,0.2736143329998413,0.26009299999999996,60,0,319488,,e2f87a66360463717e78323f5875106667f1dc7e9aca1ec3afc74ba7f9f92e28,4,0.0017950420001398015,macOS proc_pid_rusage RUSAGE_INFO_V2,120,0,300019,31.65625,0.0004937910002809076,0.028405373999248695,0,evidence/benchmarks/20261007T141530-cpu-benchmark-2ae7d6ba8f34/single-n120-t60-r2/run-0,,0.24280966700007411,2,61149d88f0df519415814b032ec44dc4237b0c3f9eebafd3a60bacb265923e59,0.00011045900009776233,complete,8a55664f0f645d128d3fe5c0db49ed4897971e38f63dcc1da330d88405388b28,single-n120-t60-r2,fresh_interpreter,7200,29652.855625380857,0.2746888330002548,0.6260546660000728,0.08214616599980218,OS process high-water; warm repeat inherits earlier high-water and allocator state
0,b2f9fa586343baf3201086354caff0e028cef853a708f87321f2488ae946d348,0.2680179170001793,0.258067,60,0,319488,,e2f87a66360463717e78323f5875106667f1dc7e9aca1ec3afc74ba7f9f92e28,4,0.0017618330002733273,macOS proc_pid_rusage RUSAGE_INFO_V2,120,0,300016,31.875,0.0005055000001448207,0.020382250999773532,1,evidence/benchmarks/20261007T141530-cpu-benchmark-2ae7d6ba8f34/single-n120-t60-r2/run-1,,0.24524662499970873,2,61149d88f0df519415814b032ec44dc4237b0c3f9eebafd3a60bacb265923e59,0.00012170800027888617,complete,8a55664f0f645d128d3fe5c0db49ed4897971e38f63dcc1da330d88405388b28,single-n120-t60-r2,same_interpreter_fresh_model,7200,29358.20217712905,0.26921966700001576,0.6260546660000728,0.08214616599980218,OS process high-water; warm repeat inherits earlier high-water and allocator state
0,35231671267271804adb2c09859bf071e0779a938625cf37a88dc3c409db84f1,1.1392858750000414,1.116034,30,65536,1544192,,1e277cb16652947f945abfbcd94c70df32442859c6e85728eb9c7af0730a7234,10,0.014761625000119238,macOS proc_pid_rusage RUSAGE_INFO_V2,1000,0,1524893,40.671875,0.0004702500000348664,0.06322799999998097,0,evidence/benchmarks/20261007T141530-cpu-benchmark-2ae7d6ba8f34/strong-r0-w1-world0/run-0,,1.0604948749996765,2,61149d88f0df519415814b032ec44dc4237b0c3f9eebafd3a60bacb265923e59,0.00033112500022980385,complete,141c445eb7749254acb370e564614a56cc10cbb9d32e5c1cd397ba28dbe0de09,strong-r0-w1-world0,fresh_interpreter,30000,28288.67984865005,1.1417198750000352,1.2496088749999217,0.10788899999988644,OS process high-water; warm repeat inherits earlier high-water and allocator state
0,f46759b45baa11ca65a316972982c2a0c7e83c7fd81f67757d4bb6466da375b9,1.1376041250000526,1.124232,30,0,1548288,,2ac40da8626cf98ecbc0b34f98e0c2d8e951b1c39e6f9dba9767ce37ea885534,10,0.014547665999998571,macOS proc_pid_rusage RUSAGE_INFO_V2,1000,0,1527498,40.859375,0.0004270839999662712,0.0536454170005527,0,evidence/benchmarks/20261007T141530-cpu-benchmark-2ae7d6ba8f34/strong-r0-w1-world1/run-0,,1.0686443749996215,2,61149d88f0df519415814b032ec44dc4237b0c3f9eebafd3a60bacb265923e59,0.0003395829999135458,complete,e21ba617c0f63ee07985685fbb9f12090576403a873133b666eda519eb0e3924,strong-r0-w1-world1,fresh_interpreter,30000,28072.949899736876,1.1399401660000876,1.2538242499999797,0.11388408399989203,OS process high-water; warm repeat inherits earlier high-water and allocator state
0,552bd92d9d87fe4b5abb9f506413393966f9c18709859ca4faa662cf2a047a2b,1.1572125830002733,1.1436089999999999,30,0,1540096,,f4cc5a2b357dd343e0540413627bc03930d4fbe61527e9f63cbba494fb436ce3,10,0.014750625000033324,macOS proc_pid_rusage RUSAGE_INFO_V2,1000,0,1519984,41.359375,0.00046591699992859503,0.053243832000589464,0,evidence/benchmarks/20261007T141530-cpu-benchmark-2ae7d6ba8f34/strong-r0-w1-world2/run-0,,1.0884171669999887,2,61149d88f0df519415814b032ec44dc4237b0c3f9eebafd3a60bacb265923e59,0.000335041999733221,complete,47778ab3e901352a4eb2a6fc8c36cb092c2b5bbe32a1fa5c862a75ef3b9f19c7,strong-r0-w1-world2,fresh_interpreter,30000,27562.96106821725,1.1594959170001857,1.2524609580000288,0.09296504099984304,OS process high-water; warm repeat inherits earlier high-water and allocator state
0,aa038bdc5005d306b87849f0e8f9eb63f07b99d89b92ddecbe6180aeec97b069,1.1668055830000412,1.152283,30,0,1548288,,c1e62d4a0ed278be3d47d2100c888289ab78967bcba2d3fa2fd8bee7e6ab1517,10,0.014331500000025699,macOS proc_pid_rusage RUSAGE_INFO_V2,1000,0,1527452,42.734375,0.0006234170000425365,0.05895670699965194,0,evidence/benchmarks/20261007T141530-cpu-benchmark-2ae7d6ba8f34/strong-r0-w1-world3/run-0,,1.092549292000058,2,61149d88f0df519415814b032ec44dc4237b0c3f9eebafd3a60bacb265923e59,0.00034466700026314356,complete,b36d160cf1c4d29347cdd207daf9199f7839a7dea2550ee5ee73b16814f0aee8,strong-r0-w1-world3,fresh_interpreter,30000,27458.715336386314,1.1697880829997302,1.2612286670000685,0.09144058400033828,OS process high-water; warm repeat inherits earlier high-water and allocator state
0,35231671267271804adb2c09859bf071e0779a938625cf37a88dc3c409db84f1,1.181017958999746,1.16586,30,0,1544192,,1e277cb16652947f945abfbcd94c70df32442859c6e85728eb9c7af0730a7234,10,0.014444667000134359,macOS proc_pid_rusage RUSAGE_INFO_V2,1000,0,1524882,41.046875,0.0004933330001222203,0.058999041999868496,0,evidence/benchmarks/20261007T141530-cpu-benchmark-2ae7d6ba8f34/strong-r0-w2-world0/run-0,,1.1067395419995592,2,61149d88f0df519415814b032ec44dc4237b0c3f9eebafd3a60bacb265923e59,0.00034137500006181654,complete,141c445eb7749254acb370e564614a56cc10cbb9d32e5c1cd397ba28dbe0de09,strong-r0-w2-world0,fresh_interpreter,30000,27106.64872947311,1.183693417000086,1.3145339580000837,0.13084054099999776,OS process high-water; warm repeat inherits earlier high-water and allocator state
0,f46759b45baa11ca65a316972982c2a0c7e83c7fd81f67757d4bb6466da375b9,1.1728189579998798,1.158084,30,0,1548288,,2ac40da8626cf98ecbc0b34f98e0c2d8e951b1c39e6f9dba9767ce37ea885534,10,0.014669000000139931,macOS proc_pid_rusage RUSAGE_INFO_V2,1000,0,1527499,42.234375,0.0004189579999547277,0.057627916999535955,0,evidence/benchmarks/20261007T141530-cpu-benchmark-2ae7d6ba8f34/strong-r0-w2-world1/run-0,,1.0997812499999782,2,61149d88f0df519415814b032ec44dc4237b0c3f9eebafd3a60bacb265923e59,0.00032183300027099904,complete,e21ba617c0f63ee07985685fbb9f12090576403a873133b666eda519eb0e3924,strong-r0-w2-world1,fresh_interpreter,30000,27278.151905208964,1.175210166999932,1.2554849170001035,0.08027475000017148,OS process high-water; warm repeat inherits earlier high-water and allocator state
0,552bd92d9d87fe4b5abb9f506413393966f9c18709859ca4faa662cf2a047a2b,1.1715268749999268,1.158156,30,0,1540096,,f4cc5a2b357dd343e0540413627bc03930d4fbe61527e9f63cbba494fb436ce3,10,0.014658042000064597,macOS proc_pid_rusage RUSAGE_INFO_V2,1000,0,1519993,41.203125,0.0005234580003161682,0.05344729099942924,0,evidence/benchmarks/20261007T141530-cpu-benchmark-2ae7d6ba8f34/strong-r0-w2-world2/run-0,,1.102555417000076,2,61149d88f0df519415814b032ec44dc4237b0c3f9eebafd3a60bacb265923e59,0.0003426670000408194,complete,47778ab3e901352a4eb2a6fc8c36cb092c2b5bbe32a1fa5c862a75ef3b9f19c7,strong-r0-w2-world2,fresh_interpreter,30000,27209.516671394606,1.1739564170002268,1.2987512919999062,0.12479487499967945,OS process high-water; warm repeat inherits earlier high-water and allocator state
0,aa038bdc5005d306b87849f0e8f9eb63f07b99d89b92ddecbe6180aeec97b069,1.1599460000002182,1.146552,30,0,1548288,,c1e62d4a0ed278be3d47d2100c888289ab78967bcba2d3fa2fd8bee7e6ab1517,10,0.014440250000006927,macOS proc_pid_rusage RUSAGE_INFO_V2,1000,0,1527451,40.84375,0.0005728340001951437,0.054119750000154454,0,evidence/benchmarks/20261007T141530-cpu-benchmark-2ae7d6ba8f34/strong-r0-w2-world3/run-0,,1.0904849159996957,2,61149d88f0df519415814b032ec44dc4237b0c3f9eebafd3a60bacb265923e59,0.00032825000016600825,complete,b36d160cf1c4d29347cdd207daf9199f7839a7dea2550ee5ee73b16814f0aee8,strong-r0-w2-world3,fresh_interpreter,30000,27510.696901751893,1.1625293329998385,1.247836790999827,0.0853074579999884,OS process high-water; warm repeat inherits earlier high-water and allocator state
0,35231671267271804adb2c09859bf071e0779a938625cf37a88dc3c409db84f1,1.1713577919999807,1.15474,30,0,1544192,,1e277cb16652947f945abfbcd94c70df32442859c6e85728eb9c7af0730a7234,10,0.014724708999892755,macOS proc_pid_rusage RUSAGE_INFO_V2,1000,0,1524882,42.96875,0.00041162500019709114,0.05857262500012439,0,evidence/benchmarks/20261007T141530-cpu-benchmark-2ae7d6ba8f34/strong-r0-w4-world0/run-0,,1.097313166999811,2,61149d88f0df519415814b032ec44dc4237b0c3f9eebafd3a60bacb265923e59,0.00033566599995538127,complete,141c445eb7749254acb370e564614a56cc10cbb9d32e5c1cd397ba28dbe0de09,strong-r0-w4-world0,fresh_interpreter,30000,27339.506079220468,1.1738625829998455,1.256594208000024,0.08273162500017861,OS process high-water; warm repeat inherits earlier high-water and allocator state
0,f46759b45baa11ca65a316972982c2a0c7e83c7fd81f67757d4bb6466da375b9,1.1642030419998264,1.1468200000000002,30,0,1548288,,2ac40da8626cf98ecbc0b34f98e0c2d8e951b1c39e6f9dba9767ce37ea885534,10,0.014566833000117185,macOS proc_pid_rusage RUSAGE_INFO_V2,1000,0,1527497,41.984375,0.0005486659997586685,0.059092041999974754,0,evidence/benchmarks/20261007T141530-cpu-benchmark-2ae7d6ba8f34/strong-r0-w4-world1/run-0,,1.089663666999968,2,61149d88f0df519415814b032ec44dc4237b0c3f9eebafd3a60bacb265923e59,0.0003318340000078024,complete,e21ba617c0f63ee07985685fbb9f12090576403a873133b666eda519eb0e3924,strong-r0-w4-world1,fresh_interpreter,30000,27531.43094382065,1.1668149580000318,1.2655584169997383,0.09874345899970649,OS process high-water; warm repeat inherits earlier high-water and allocator state
0,552bd92d9d87fe4b5abb9f506413393966f9c18709859ca4faa662cf2a047a2b,1.168703958000151,1.152724,30,0,1540096,,f4cc5a2b357dd343e0540413627bc03930d4fbe61527e9f63cbba494fb436ce3,10,0.014525957999921957,macOS proc_pid_rusage RUSAGE_INFO_V2,1000,0,1519981,41.0625,0.0004969159999745898,0.05793541700040805,0,evidence/benchmarks/20261007T141530-cpu-benchmark-2ae7d6ba8f34/strong-r0-w4-world2/run-0,,1.0954062089999752,2,61149d88f0df519415814b032ec44dc4237b0c3f9eebafd3a60bacb265923e59,0.0003394579998712288,complete,47778ab3e901352a4eb2a6fc8c36cb092c2b5bbe32a1fa5c862a75ef3b9f19c7,strong-r0-w4-world2,fresh_interpreter,30000,27387.100560063267,1.171519083000021,1.2690580420003243,0.0975389590003033,OS process high-water; warm repeat inherits earlier high-water and allocator state
0,aa038bdc5005d306b87849f0e8f9eb63f07b99d89b92ddecbe6180aeec97b069,1.157301791000009,1.140586,30,0,1548288,,c1e62d4a0ed278be3d47d2100c888289ab78967bcba2d3fa2fd8bee7e6ab1517,10,0.014586083000267536,macOS proc_pid_rusage RUSAGE_INFO_V2,1000,0,1527457,42.875,0.0005270000001473818,0.05922375000000102,0,evidence/benchmarks/20261007T141530-cpu-benchmark-2ae7d6ba8f34/strong-r0-w4-world3/run-0,,1.082631124999807,2,61149d88f0df519415814b032ec44dc4237b0c3f9eebafd3a60bacb265923e59,0.0003338329997859546,complete,b36d160cf1c4d29347cdd207daf9199f7839a7dea2550ee5ee73b16814f0aee8,strong-r0-w4-world3,fresh_interpreter,30000,27710.26927570122,1.1598980419998952,1.2641959170000518,0.10429787500015664,OS process high-water; warm repeat inherits earlier high-water and allocator state
0,35231671267271804adb2c09859bf071e0779a938625cf37a88dc3c409db84f1,1.1829046670000025,1.167873,30,0,1544192,,1e277cb16652947f945abfbcd94c70df32442859c6e85728eb9c7af0730a7234,10,0.01455829199994696,macOS proc_pid_rusage RUSAGE_INFO_V2,1000,0,1524883,40.921875,0.00047237499984476017,0.05423916800009465,0,evidence/benchmarks/20261007T141530-cpu-benchmark-2ae7d6ba8f34/strong-r1-w1-world0/run-0,,1.1133040409999921,2,61149d88f0df519415814b032ec44dc4237b0c3f9eebafd3a60bacb265923e59,0.00033079100012400886,complete,141c445eb7749254acb370e564614a56cc10cbb9d32e5c1cd397ba28dbe0de09,strong-r1-w1-world0,fresh_interpreter,30000,26946.816768089153,1.1851809580002737,1.3028757080001014,0.11769474999982776,OS process high-water; warm repeat inherits earlier high-water and allocator state
0,f46759b45baa11ca65a316972982c2a0c7e83c7fd81f67757d4bb6466da375b9,1.1530615840001701,1.139416,30,0,1548288,,2ac40da8626cf98ecbc0b34f98e0c2d8e951b1c39e6f9dba9767ce37ea885534,10,0.014704416999848036,macOS proc_pid_rusage RUSAGE_INFO_V2,1000,0,1527499,42.265625,0.0004392089999782911,0.05385712399993281,0,evidence/benchmarks/20261007T141530-cpu-benchmark-2ae7d6ba8f34/strong-r1-w1-world1/run-0,,1.0837435840003309,2,61149d88f0df519415814b032ec44dc4237b0c3f9eebafd3a60bacb265923e59,0.00031725000008009374,complete,e21ba617c0f63ee07985685fbb9f12090576403a873133b666eda519eb0e3924,strong-r1-w1-world1,fresh_interpreter,30000,27681.824781156756,1.155424167000092,1.2615995000001021,0.10617533300001014,OS process high-water; warm repeat inherits earlier high-water and allocator state
0,552bd92d9d87fe4b5abb9f506413393966f9c18709859ca4faa662cf2a047a2b,1.1627307500002644,1.1488150000000001,30,0,1540096,,f4cc5a2b357dd343e0540413627bc03930d4fbe61527e9f63cbba494fb436ce3,10,0.0149566660002165,macOS proc_pid_rusage RUSAGE_INFO_V2,1000,0,1519981,42.28125,0.0005109169997012941,0.056925375000446365,0,evidence/benchmarks/20261007T141530-cpu-benchmark-2ae7d6ba8f34/strong-r1-w1-world2/run-0,,1.0899942920000285,2,61149d88f0df519415814b032ec44dc4237b0c3f9eebafd3a60bacb265923e59,0.0003434999998717103,complete,47778ab3e901352a4eb2a6fc8c36cb092c2b5bbe32a1fa5c862a75ef3b9f19c7,strong-r1-w1-world2,fresh_interpreter,30000,27523.079909852608,1.1650881669997943,1.2878230420001273,0.12273487500033298,OS process high-water; warm repeat inherits earlier high-water and allocator state
0,aa038bdc5005d306b87849f0e8f9eb63f07b99d89b92ddecbe6180aeec97b069,1.1801974170002723,1.1647079999999999,30,0,1548288,,c1e62d4a0ed278be3d47d2100c888289ab78967bcba2d3fa2fd8bee7e6ab1517,10,0.014688457999909588,macOS proc_pid_rusage RUSAGE_INFO_V2,1000,0,1527452,40.96875,0.0004587919997902645,0.05901295900093828,0,evidence/benchmarks/20261007T141530-cpu-benchmark-2ae7d6ba8f34/strong-r1-w1-world3/run-0,,1.1057141249998494,2,61149d88f0df519415814b032ec44dc4237b0c3f9eebafd3a60bacb265923e59,0.00032308299978467403,complete,b36d160cf1c4d29347cdd207daf9199f7839a7dea2550ee5ee73b16814f0aee8,strong-r1-w1-world3,fresh_interpreter,30000,27131.786889313804,1.1826379170001928,1.304540791999898,0.12190287499970509,OS process high-water; warm repeat inherits earlier high-water and allocator state
0,35231671267271804adb2c09859bf071e0779a938625cf37a88dc3c409db84f1,1.1768730419998974,1.162162,30,0,1544192,,1e277cb16652947f945abfbcd94c70df32442859c6e85728eb9c7af0730a7234,10,0.014526082999964274,macOS proc_pid_rusage RUSAGE_INFO_V2,1000,0,1524891,42.71875,0.0005988340003568737,0.056535124999300024,0,evidence/benchmarks/20261007T141530-cpu-benchmark-2ae7d6ba8f34/strong-r1-w2-world0/run-0,,1.1048835000001418,2,61149d88f0df519415814b032ec44dc4237b0c3f9eebafd3a60bacb265923e59,0.0003295000001344306,complete,141c445eb7749254acb370e564614a56cc10cbb9d32e5c1cd397ba28dbe0de09,strong-r1-w2-world0,fresh_interpreter,30000,27152.183918029503,1.179669291999744,1.2709263340002508,0.09125704200050677,OS process high-water; warm repeat inherits earlier high-water and allocator state
0,f46759b45baa11ca65a316972982c2a0c7e83c7fd81f67757d4bb6466da375b9,1.188808957999754,1.173821,30,0,1548288,,2ac40da8626cf98ecbc0b34f98e0c2d8e951b1c39e6f9dba9767ce37ea885534,10,0.014961416999994981,macOS proc_pid_rusage RUSAGE_INFO_V2,1000,0,1527496,41.609375,0.0003965000000789587,0.05779845799997929,0,evidence/benchmarks/20261007T141530-cpu-benchmark-2ae7d6ba8f34/strong-r1-w2-world1/run-0,,1.115266290999898,2,61149d88f0df519415814b032ec44dc4237b0c3f9eebafd3a60bacb265923e59,0.0003862919998027792,complete,e21ba617c0f63ee07985685fbb9f12090576403a873133b666eda519eb0e3924,strong-r1-w2-world1,fresh_interpreter,30000,26899.405318799098,1.1912660409998352,1.318797958000232,0.1275319170003968,OS process high-water; warm repeat inherits earlier high-water and allocator state
0,552bd92d9d87fe4b5abb9f506413393966f9c18709859ca4faa662cf2a047a2b,1.1691727500001434,1.153352,30,0,1540096,,f4cc5a2b357dd343e0540413627bc03930d4fbe61527e9f63cbba494fb436ce3,10,0.014570167000329093,macOS proc_pid_rusage RUSAGE_INFO_V2,1000,0,1519994,42.296875,0.0006206670000210579,0.05780791600000157,0,evidence/benchmarks/20261007T141530-cpu-benchmark-2ae7d6ba8f34/strong-r1-w2-world2/run-0,,1.0958544999998594,2,61149d88f0df519415814b032ec44dc4237b0c3f9eebafd3a60bacb265923e59,0.0003194999999323045,complete,47778ab3e901352a4eb2a6fc8c36cb092c2b5bbe32a1fa5c862a75ef3b9f19c7,strong-r1-w2-world2,fresh_interpreter,30000,27375.897073930755,1.1717142909997165,1.2608063329998913,0.08909204200017484,OS process high-water; warm repeat inherits earlier high-water and allocator state
0,aa038bdc5005d306b87849f0e8f9eb63f07b99d89b92ddecbe6180aeec97b069,1.1652299170000333,1.1504590000000001,30,0,1548288,,c1e62d4a0ed278be3d47d2100c888289ab78967bcba2d3fa2fd8bee7e6ab1517,10,0.014436208000006445,macOS proc_pid_rusage RUSAGE_INFO_V2,1000,0,1527449,42.5625,0.0004865000000791042,0.05543104199978188,0,evidence/benchmarks/20261007T141530-cpu-benchmark-2ae7d6ba8f34/strong-r1-w2-world3/run-0,,1.094521375000113,2,61149d88f0df519415814b032ec44dc4237b0c3f9eebafd3a60bacb265923e59,0.0003547920000528393,complete,b36d160cf1c4d29347cdd207daf9199f7839a7dea2550ee5ee73b16814f0aee8,strong-r1-w2-world3,fresh_interpreter,30000,27409.24086566779,1.167574374999731,1.291160041999774,0.12358566700004303,OS process high-water; warm repeat inherits earlier high-water and allocator state
0,35231671267271804adb2c09859bf071e0779a938625cf37a88dc3c409db84f1,1.1571726249999301,1.1406720000000001,30,0,1544192,,1e277cb16652947f945abfbcd94c70df32442859c6e85728eb9c7af0730a7234,10,0.014863124999919819,macOS proc_pid_rusage RUSAGE_INFO_V2,1000,0,1524882,43.046875,0.0005062079999333946,0.05930291699996815,0,evidence/benchmarks/20261007T141530-cpu-benchmark-2ae7d6ba8f34/strong-r1-w4-world0/run-0,,1.0821624159998464,2,61149d88f0df519415814b032ec44dc4237b0c3f9eebafd3a60bacb265923e59,0.0003379590002623445,complete,141c445eb7749254acb370e564614a56cc10cbb9d32e5c1cd397ba28dbe0de09,strong-r1-w4-world0,fresh_interpreter,30000,27722.271219595063,1.1600287500000377,1.2541712500001267,0.09414250000008906,OS process high-water; warm repeat inherits earlier high-water and allocator state
0,f46759b45baa11ca65a316972982c2a0c7e83c7fd81f67757d4bb6466da375b9,1.1615707920000204,1.1460789999999998,30,0,1548288,,2ac40da8626cf98ecbc0b34f98e0c2d8e951b1c39e6f9dba9767ce37ea885534,10,0.014655666999715322,macOS proc_pid_rusage RUSAGE_INFO_V2,1000,0,1527509,40.703125,0.0004642919998332218,0.05771737400027632,0,evidence/benchmarks/20261007T141530-cpu-benchmark-2ae7d6ba8f34/strong-r1-w4-world1/run-0,,1.0884126670002843,2,61149d88f0df519415814b032ec44dc4237b0c3f9eebafd3a60bacb265923e59,0.00032079199991130736,complete,e21ba617c0f63ee07985685fbb9f12090576403a873133b666eda519eb0e3924,strong-r1-w4-world1,fresh_interpreter,30000,27563.075026204344,1.1642758749999302,1.2605148750003536,0.0962390000004234,OS process high-water; warm repeat inherits earlier high-water and allocator state
0,552bd92d9d87fe4b5abb9f506413393966f9c18709859ca4faa662cf2a047a2b,1.1545785839998643,1.1379080000000001,30,0,1540096,,f4cc5a2b357dd343e0540413627bc03930d4fbe61527e9f63cbba494fb436ce3,10,0.01459191699996154,macOS proc_pid_rusage RUSAGE_INFO_V2,1000,0,1519982,41.53125,0.0005379580002227158,0.060010333999798604,0,evidence/benchmarks/20261007T141530-cpu-benchmark-2ae7d6ba8f34/strong-r1-w4-world2/run-0,,1.0791027919999578,2,61149d88f0df519415814b032ec44dc4237b0c3f9eebafd3a60bacb265923e59,0.0003355829999236448,complete,47778ab3e901352a4eb2a6fc8c36cb092c2b5bbe32a1fa5c862a75ef3b9f19c7,strong-r1-w4-world2,fresh_interpreter,30000,27800.873301791227,1.1576585419998082,1.2588048329998855,0.10114629100007733,OS process high-water; warm repeat inherits earlier high-water and allocator state
0,aa038bdc5005d306b87849f0e8f9eb63f07b99d89b92ddecbe6180aeec97b069,1.152181749999727,1.136672,30,0,1548288,,c1e62d4a0ed278be3d47d2100c888289ab78967bcba2d3fa2fd8bee7e6ab1517,10,0.014549459000136267,macOS proc_pid_rusage RUSAGE_INFO_V2,1000,0,1527456,42.125,0.0005563330000768474,0.05861629199944218,0,evidence/benchmarks/20261007T141530-cpu-benchmark-2ae7d6ba8f34/strong-r1-w4-world3/run-0,,1.078132583000297,2,61149d88f0df519415814b032ec44dc4237b0c3f9eebafd3a60bacb265923e59,0.000327082999774575,complete,b36d160cf1c4d29347cdd207daf9199f7839a7dea2550ee5ee73b16814f0aee8,strong-r1-w4-world3,fresh_interpreter,30000,27825.89124290638,1.1549727499996152,1.270159500000318,0.11518675000070289,OS process high-water; warm repeat inherits earlier high-water and allocator state
0,35231671267271804adb2c09859bf071e0779a938625cf37a88dc3c409db84f1,1.1657928750000792,1.147511,30,0,1544192,,1e277cb16652947f945abfbcd94c70df32442859c6e85728eb9c7af0730a7234,10,0.014152499999909196,macOS proc_pid_rusage RUSAGE_INFO_V2,1000,0,1524880,41.59375,0.0004455829998732952,0.053879000000506494,0,evidence/benchmarks/20261007T141530-cpu-benchmark-2ae7d6ba8f34/strong-r2-w1-world0/run-0,,1.09697104199995,2,61149d88f0df519415814b032ec44dc4237b0c3f9eebafd3a60bacb265923e59,0.00034474999984013266,complete,141c445eb7749254acb370e564614a56cc10cbb9d32e5c1cd397ba28dbe0de09,strong-r2-w1-world0,fresh_interpreter,30000,27348.032766029355,1.16808679199994,1.2537771249999423,0.08569033300000228,OS process high-water; warm repeat inherits earlier high-water and allocator state
0,f46759b45baa11ca65a316972982c2a0c7e83c7fd81f67757d4bb6466da375b9,1.1736879589998352,1.159797,30,0,1548288,,2ac40da8626cf98ecbc0b34f98e0c2d8e951b1c39e6f9dba9767ce37ea885534,10,0.014621917000113172,macOS proc_pid_rusage RUSAGE_INFO_V2,1000,0,1527508,40.828125,0.0004627919997801655,0.05412091700009114,0,evidence/benchmarks/20261007T141530-cpu-benchmark-2ae7d6ba8f34/strong-r2-w1-world1/run-0,,1.1041530409997904,2,61149d88f0df519415814b032ec44dc4237b0c3f9eebafd3a60bacb265923e59,0.0003292920000603772,complete,e21ba617c0f63ee07985685fbb9f12090576403a873133b666eda519eb0e3924,strong-r2-w1-world1,fresh_interpreter,30000,27170.14660652073,1.1760006249996877,1.2927189580000231,0.1167183330003354,OS process high-water; warm repeat inherits earlier high-water and allocator state
0,552bd92d9d87fe4b5abb9f506413393966f9c18709859ca4faa662cf2a047a2b,1.1527835000001687,1.138382,30,0,1540096,,f4cc5a2b357dd343e0540413627bc03930d4fbe61527e9f63cbba494fb436ce3,10,0.014613082999858307,macOS proc_pid_rusage RUSAGE_INFO_V2,1000,0,1519983,40.828125,0.0004383339996820723,0.054080458000498766,0,evidence/benchmarks/20261007T141530-cpu-benchmark-2ae7d6ba8f34/strong-r2-w1-world2/run-0,,1.083323124999879,2,61149d88f0df519415814b032ec44dc4237b0c3f9eebafd3a60bacb265923e59,0.0003285000002506422,complete,47778ab3e901352a4eb2a6fc8c36cb092c2b5bbe32a1fa5c862a75ef3b9f19c7,strong-r2-w1-world2,fresh_interpreter,30000,27692.568641515292,1.1551353330000893,1.2804528749998099,0.12531754199972056,OS process high-water; warm repeat inherits earlier high-water and allocator state
0,aa038bdc5005d306b87849f0e8f9eb63f07b99d89b92ddecbe6180aeec97b069,1.1564922500001558,1.142257,30,0,1548288,,c1e62d4a0ed278be3d47d2100c888289ab78967bcba2d3fa2fd8bee7e6ab1517,10,0.014787333000185754,macOS proc_pid_rusage RUSAGE_INFO_V2,1000,0,1527450,41.625,0.00046949999978096457,0.05437958400034404,0,evidence/benchmarks/20261007T141530-cpu-benchmark-2ae7d6ba8f34/strong-r2-w1-world3/run-0,,1.086535874999754,2,61149d88f0df519415814b032ec44dc4237b0c3f9eebafd3a60bacb265923e59,0.00031995800009099185,complete,b36d160cf1c4d29347cdd207daf9199f7839a7dea2550ee5ee73b16814f0aee8,strong-r2-w1-world3,fresh_interpreter,30000,27610.68519712411,1.1587853340001857,1.2892202919997544,0.13043495799956872,OS process high-water; warm repeat inherits earlier high-water and allocator state
0,35231671267271804adb2c09859bf071e0779a938625cf37a88dc3c409db84f1,1.1603540829996746,1.145491,30,0,1544192,,1e277cb16652947f945abfbcd94c70df32442859c6e85728eb9c7af0730a7234,10,0.014575416999832669,macOS proc_pid_rusage RUSAGE_INFO_V2,1000,0,1524882,42.578125,0.0005108330001348804,0.05681662500001039,0,evidence/benchmarks/20261007T141530-cpu-benchmark-2ae7d6ba8f34/strong-r2-w2-world0/run-0,,1.0881106249998993,2,61149d88f0df519415814b032ec44dc4237b0c3f9eebafd3a60bacb265923e59,0.0003405829997973342,complete,141c445eb7749254acb370e564614a56cc10cbb9d32e5c1cd397ba28dbe0de09,strong-r2-w2-world0,fresh_interpreter,30000,27570.726092305897,1.1629351249998763,1.2667886250001175,0.10385350000024118,OS process high-water; warm repeat inherits earlier high-water and allocator state
0,f46759b45baa11ca65a316972982c2a0c7e83c7fd81f67757d4bb6466da375b9,1.1830920840002364,1.166924,30,0,1548288,,2ac40da8626cf98ecbc0b34f98e0c2d8e951b1c39e6f9dba9767ce37ea885534,10,0.014674250000098255,macOS proc_pid_rusage RUSAGE_INFO_V2,1000,0,1527510,40.953125,0.00045583300016005524,0.0588012510002045,0,evidence/benchmarks/20261007T141530-cpu-benchmark-2ae7d6ba8f34/strong-r2-w2-world1/run-0,,1.1088086250001652,2,61149d88f0df519415814b032ec44dc4237b0c3f9eebafd3a60bacb265923e59,0.00035212499960834975,complete,e21ba617c0f63ee07985685fbb9f12090576403a873133b666eda519eb0e3924,strong-r2-w2-world1,fresh_interpreter,30000,27056.06659579829,1.1855615419999594,1.3098924160003662,0.12433087400040677,OS process high-water; warm repeat inherits earlier high-water and allocator state
0,552bd92d9d87fe4b5abb9f506413393966f9c18709859ca4faa662cf2a047a2b,1.1691765830000804,1.155396,30,0,1540096,,f4cc5a2b357dd343e0540413627bc03930d4fbe61527e9f63cbba494fb436ce3,10,0.014818084000125964,macOS proc_pid_rusage RUSAGE_INFO_V2,1000,0,1519980,42.4375,0.00051050000001851,0.05589162399928682,0,evidence/benchmarks/20261007T141530-cpu-benchmark-2ae7d6ba8f34/strong-r2-w2-world2/run-0,,1.0976249580003241,2,61149d88f0df519415814b032ec44dc4237b0c3f9eebafd3a60bacb265923e59,0.0003314170003250183,complete,47778ab3e901352a4eb2a6fc8c36cb092c2b5bbe32a1fa5c862a75ef3b9f19c7,strong-r2-w2-world2,fresh_interpreter,30000,27331.74002771823,1.1718383749998793,1.259565332999955,0.08772695800007568,OS process high-water; warm repeat inherits earlier high-water and allocator state
0,aa038bdc5005d306b87849f0e8f9eb63f07b99d89b92ddecbe6180aeec97b069,1.1687081670002044,1.155353,30,0,1548288,,c1e62d4a0ed278be3d47d2100c888289ab78967bcba2d3fa2fd8bee7e6ab1517,10,0.014567416999852867,macOS proc_pid_rusage RUSAGE_INFO_V2,1000,0,1527451,41.546875,0.0004135829999540874,0.053073335000590305,0,evidence/benchmarks/20261007T141530-cpu-benchmark-2ae7d6ba8f34/strong-r2-w2-world3/run-0,,1.10032341599981,2,61149d88f0df519415814b032ec44dc4237b0c3f9eebafd3a60bacb265923e59,0.00033041599999705795,complete,b36d160cf1c4d29347cdd207daf9199f7839a7dea2550ee5ee73b16814f0aee8,strong-r2-w2-world3,fresh_interpreter,30000,27264.71105110534,1.171054124999955,1.2537146670001675,0.08266054200021244,OS process high-water; warm repeat inherits earlier high-water and allocator state
0,35231671267271804adb2c09859bf071e0779a938625cf37a88dc3c409db84f1,1.1807316670001455,1.166385,30,0,1544192,,1e277cb16652947f945abfbcd94c70df32442859c6e85728eb9c7af0730a7234,10,0.014870083000005252,macOS proc_pid_rusage RUSAGE_INFO_V2,1000,0,1524881,43.28125,0.0004487910000534612,0.058885293000003,0,evidence/benchmarks/20261007T141530-cpu-benchmark-2ae7d6ba8f34/strong-r2-w4-world0/run-0,,1.1061854999998104,2,61149d88f0df519415814b032ec44dc4237b0c3f9eebafd3a60bacb265923e59,0.0003420000002734014,complete,141c445eb7749254acb370e564614a56cc10cbb9d32e5c1cd397ba28dbe0de09,strong-r2-w4-world0,fresh_interpreter,30000,27120.225314836563,1.1835390830001415,1.2892885000001115,0.10574941699996998,OS process high-water; warm repeat inherits earlier high-water and allocator state
0,f46759b45baa11ca65a316972982c2a0c7e83c7fd81f67757d4bb6466da375b9,1.148815791999823,1.13306,30,0,1548288,,2ac40da8626cf98ecbc0b34f98e0c2d8e951b1c39e6f9dba9767ce37ea885534,10,0.014744499999778782,macOS proc_pid_rusage RUSAGE_INFO_V2,1000,0,1527497,42.8125,0.00043183299976590206,0.0580326670001341,0,evidence/benchmarks/20261007T141530-cpu-benchmark-2ae7d6ba8f34/strong-r2-w4-world1/run-0,,1.0752870420001273,2,61149d88f0df519415814b032ec44dc4237b0c3f9eebafd3a60bacb265923e59,0.00031975000001693843,complete,e21ba617c0f63ee07985685fbb9f12090576403a873133b666eda519eb0e3924,strong-r2-w4-world1,fresh_interpreter,30000,27899.527129237413,1.1514429580001888,1.2625382920000447,0.11109533399985594,OS process high-water; warm repeat inherits earlier high-water and allocator state
0,552bd92d9d87fe4b5abb9f506413393966f9c18709859ca4faa662cf2a047a2b,1.1525480410000455,1.1371980000000002,30,0,1540096,,f4cc5a2b357dd343e0540413627bc03930d4fbe61527e9f63cbba494fb436ce3,10,0.014429500000005646,macOS proc_pid_rusage RUSAGE_INFO_V2,1000,0,1519995,42.734375,0.0005463339998641459,0.05809329000021535,0,evidence/benchmarks/20261007T141530-cpu-benchmark-2ae7d6ba8f34/strong-r2-w4-world2/run-0,,1.0791430829999626,2,61149d88f0df519415814b032ec44dc4237b0c3f9eebafd3a60bacb265923e59,0.00033583399999770336,complete,47778ab3e901352a4eb2a6fc8c36cb092c2b5bbe32a1fa5c862a75ef3b9f19c7,strong-r2-w4-world2,fresh_interpreter,30000,27799.835325452426,1.1553733329997158,1.2564535000001342,0.10108016700041844,OS process high-water; warm repeat inherits earlier high-water and allocator state
0,aa038bdc5005d306b87849f0e8f9eb63f07b99d89b92ddecbe6180aeec97b069,1.1760925419998784,1.160452,30,0,1548288,,c1e62d4a0ed278be3d47d2100c888289ab78967bcba2d3fa2fd8bee7e6ab1517,10,0.0147724170001311,macOS proc_pid_rusage RUSAGE_INFO_V2,1000,0,1527450,41.109375,0.000476417000299989,0.05753295799922853,0,evidence/benchmarks/20261007T141530-cpu-benchmark-2ae7d6ba8f34/strong-r2-w4-world3/run-0,,1.1029962080001496,2,61149d88f0df519415814b032ec44dc4237b0c3f9eebafd3a60bacb265923e59,0.00031454200006919564,complete,b36d160cf1c4d29347cdd207daf9199f7839a7dea2550ee5ee73b16814f0aee8,strong-r2-w4-world3,fresh_interpreter,30000,27198.64291681765,1.178543166000054,1.2631624159998864,0.08461924999983239,OS process high-water; warm repeat inherits earlier high-water and allocator state
0,35231671267271804adb2c09859bf071e0779a938625cf37a88dc3c409db84f1,1.1421337500000845,1.128105,30,0,1544192,,1e277cb16652947f945abfbcd94c70df32442859c6e85728eb9c7af0730a7234,10,0.01445762499997727,macOS proc_pid_rusage RUSAGE_INFO_V2,1000,0,1524890,41.484375,0.0005200840000725293,0.05596216599997206,0,evidence/benchmarks/20261007T141530-cpu-benchmark-2ae7d6ba8f34/weak-r0-w1-world0/run-0,,1.0708674590000555,2,61149d88f0df519415814b032ec44dc4237b0c3f9eebafd3a60bacb265923e59,0.000326416000007157,complete,141c445eb7749254acb370e564614a56cc10cbb9d32e5c1cd397ba28dbe0de09,weak-r0-w1-world0,fresh_interpreter,30000,28014.671421627765,1.1447675409999647,1.2306914159998996,0.08592387499993492,OS process high-water; warm repeat inherits earlier high-water and allocator state
0,f46759b45baa11ca65a316972982c2a0c7e83c7fd81f67757d4bb6466da375b9,1.1367865829997754,1.1229650000000002,30,0,1548288,,2ac40da8626cf98ecbc0b34f98e0c2d8e951b1c39e6f9dba9767ce37ea885534,10,0.01427041700026166,macOS proc_pid_rusage RUSAGE_INFO_V2,1000,0,1527497,40.828125,0.0004005420000794402,0.05317549899973528,0,evidence/benchmarks/20261007T141530-cpu-benchmark-2ae7d6ba8f34/weak-r0-w1-world1/run-0,,1.0686118329999772,2,61149d88f0df519415814b032ec44dc4237b0c3f9eebafd3a60bacb265923e59,0.0003282919997218414,complete,e21ba617c0f63ee07985685fbb9f12090576403a873133b666eda519eb0e3924,weak-r0-w1-world1,fresh_interpreter,30000,28073.804793812946,1.1391412919997492,1.2589646669998729,0.11982337500012363,OS process high-water; warm repeat inherits earlier high-water and allocator state
0,35231671267271804adb2c09859bf071e0779a938625cf37a88dc3c409db84f1,1.149892957999782,1.133943,30,0,1544192,,1e277cb16652947f945abfbcd94c70df32442859c6e85728eb9c7af0730a7234,10,0.014591374999781692,macOS proc_pid_rusage RUSAGE_INFO_V2,1000,0,1524883,40.765625,0.00048624999999447027,0.05777474899969093,0,evidence/benchmarks/20261007T141530-cpu-benchmark-2ae7d6ba8f34/weak-r0-w2-world0/run-0,,1.0767015420001371,2,61149d88f0df519415814b032ec44dc4237b0c3f9eebafd3a60bacb265923e59,0.00033904200017786934,complete,141c445eb7749254acb370e564614a56cc10cbb9d32e5c1cd397ba28dbe0de09,weak-r0-w2-world0,fresh_interpreter,30000,27862.87455692729,1.1522785420002037,1.2604671250001047,0.10818858299990097,OS process high-water; warm repeat inherits earlier high-water and allocator state
0,f46759b45baa11ca65a316972982c2a0c7e83c7fd81f67757d4bb6466da375b9,1.156308916999933,1.1413959999999999,30,0,1548288,,2ac40da8626cf98ecbc0b34f98e0c2d8e951b1c39e6f9dba9767ce37ea885534,10,0.014449957999659091,macOS proc_pid_rusage RUSAGE_INFO_V2,1000,0,1527494,42.125,0.000506416000007448,0.05649933400036389,0,evidence/benchmarks/20261007T141530-cpu-benchmark-2ae7d6ba8f34/weak-r0-w2-world1/run-0,,1.0845283749999908,2,61149d88f0df519415814b032ec44dc4237b0c3f9eebafd3a60bacb265923e59,0.00032483399991178885,complete,e21ba617c0f63ee07985685fbb9f12090576403a873133b666eda519eb0e3924,weak-r0-w2-world1,fresh_interpreter,30000,27661.793542285377,1.1589661250000063,1.2605835829999705,0.10161745799996424,OS process high-water; warm repeat inherits earlier high-water and allocator state
0,552bd92d9d87fe4b5abb9f506413393966f9c18709859ca4faa662cf2a047a2b,1.1764948330001062,1.1623949999999998,30,0,1540096,,f4cc5a2b357dd343e0540413627bc03930d4fbe61527e9f63cbba494fb436ce3,10,0.014657958000043436,macOS proc_pid_rusage RUSAGE_INFO_V2,1000,0,1519985,42.765625,0.0004248339996593131,0.05621508200056269,0,evidence/benchmarks/20261007T141530-cpu-benchmark-2ae7d6ba8f34/weak-r0-w2-world2/run-0,,1.1048724590000347,2,61149d88f0df519415814b032ec44dc4237b0c3f9eebafd3a60bacb265923e59,0.00032449999980599387,complete,47778ab3e901352a4eb2a6fc8c36cb092c2b5bbe32a1fa5c862a75ef3b9f19c7,weak-r0-w2-world2,fresh_interpreter,30000,27152.45525003991,1.179329958999915,1.264387374999842,0.08505741599992689,OS process high-water; warm repeat inherits earlier high-water and allocator state
0,aa038bdc5005d306b87849f0e8f9eb63f07b99d89b92ddecbe6180aeec97b069,1.172850292000021,1.15676,30,0,1548288,,c1e62d4a0ed278be3d47d2100c888289ab78967bcba2d3fa2fd8bee7e6ab1517,10,0.01454120900007183,macOS proc_pid_rusage RUSAGE_INFO_V2,1000,0,1527449,41.15625,0.0005955829997219553,0.06010558400021182,0,evidence/benchmarks/20261007T141530-cpu-benchmark-2ae7d6ba8f34/weak-r0-w2-world3/run-0,,1.0972723330000917,2,61149d88f0df519415814b032ec44dc4237b0c3f9eebafd3a60bacb265923e59,0.0003355829999236448,complete,b36d160cf1c4d29347cdd207daf9199f7839a7dea2550ee5ee73b16814f0aee8,weak-r0-w2-world3,fresh_interpreter,30000,27340.523494268666,1.1754049999999552,1.307759416999943,0.13235441699998773,OS process high-water; warm repeat inherits earlier high-water and allocator state
0,35231671267271804adb2c09859bf071e0779a938625cf37a88dc3c409db84f1,1.2279879589996199,1.173284,30,0,1544192,,1e277cb16652947f945abfbcd94c70df32442859c6e85728eb9c7af0730a7234,10,0.015149875000133761,macOS proc_pid_rusage RUSAGE_INFO_V2,1000,0,1524892,41.046875,0.0004567920000226877,0.059573958999408205,0,evidence/benchmarks/20261007T141530-cpu-benchmark-2ae7d6ba8f34/weak-r0-w4-world0/run-0,,1.1524519579998014,2,61149d88f0df519415814b032ec44dc4237b0c3f9eebafd3a60bacb265923e59,0.0003553750002538436,complete,141c445eb7749254acb370e564614a56cc10cbb9d32e5c1cd397ba28dbe0de09,weak-r0-w4-world0,fresh_interpreter,30000,26031.4538855642,1.2307101659998807,1.3282580000000053,0.09754783400012457,OS process high-water; warm repeat inherits earlier high-water and allocator state
0,f46759b45baa11ca65a316972982c2a0c7e83c7fd81f67757d4bb6466da375b9,1.2100805000000037,1.170254,30,0,1548288,,2ac40da8626cf98ecbc0b34f98e0c2d8e951b1c39e6f9dba9767ce37ea885534,10,0.014936042000044836,macOS proc_pid_rusage RUSAGE_INFO_V2,1000,0,1527499,40.984375,0.00040662500032340176,0.059989790999679826,0,evidence/benchmarks/20261007T141530-cpu-benchmark-2ae7d6ba8f34/weak-r0-w4-world1/run-0,,1.1343978749996495,2,61149d88f0df519415814b032ec44dc4237b0c3f9eebafd3a60bacb265923e59,0.0003501670003061008,complete,e21ba617c0f63ee07985685fbb9f12090576403a873133b666eda519eb0e3924,weak-r0-w4-world1,fresh_interpreter,30000,26445.747705591628,1.212601208000251,1.3299409170003855,0.11733970900013446,OS process high-water; warm repeat inherits earlier high-water and allocator state
0,552bd92d9d87fe4b5abb9f506413393966f9c18709859ca4faa662cf2a047a2b,1.2215032909998627,1.166434,30,0,1540096,,f4cc5a2b357dd343e0540413627bc03930d4fbe61527e9f63cbba494fb436ce3,10,0.015014583000265702,macOS proc_pid_rusage RUSAGE_INFO_V2,1000,0,1519993,42.96875,0.0006670839998150768,0.0601992489996519,0,evidence/benchmarks/20261007T141530-cpu-benchmark-2ae7d6ba8f34/weak-r0-w4-world2/run-0,,1.1452740830000039,2,61149d88f0df519415814b032ec44dc4237b0c3f9eebafd3a60bacb265923e59,0.0003482920001260936,complete,47778ab3e901352a4eb2a6fc8c36cb092c2b5bbe32a1fa5c862a75ef3b9f19c7,weak-r0-w4-world2,fresh_interpreter,30000,26194.60306079405,1.2242975409999417,1.3410678750001352,0.11677033400019354,OS process high-water; warm repeat inherits earlier high-water and allocator state
0,aa038bdc5005d306b87849f0e8f9eb63f07b99d89b92ddecbe6180aeec97b069,1.2184773330000098,1.169375,30,0,1548288,,c1e62d4a0ed278be3d47d2100c888289ab78967bcba2d3fa2fd8bee7e6ab1517,10,0.014584834000288538,macOS proc_pid_rusage RUSAGE_INFO_V2,1000,0,1527453,42.265625,0.0005117499999869324,0.0595285409999633,0,evidence/benchmarks/20261007T141530-cpu-benchmark-2ae7d6ba8f34/weak-r0-w4-world3/run-0,,1.1435336249996908,2,61149d88f0df519415814b032ec44dc4237b0c3f9eebafd3a60bacb265923e59,0.00031858300008025253,complete,b36d160cf1c4d29347cdd207daf9199f7839a7dea2550ee5ee73b16814f0aee8,weak-r0-w4-world3,fresh_interpreter,30000,26234.471242599546,1.221609250000256,1.3132556659998045,0.09164641599954848,OS process high-water; warm repeat inherits earlier high-water and allocator state
0,991c648e2cf623fd3178e92478c764898d790f18021a32d5ac28bc1c92a7c00b,1.1583467499999642,1.1418769999999998,30,0,1544192,,bc79621b7efceba83ad200f273dfc76f1764fe551e39872d7a11b1655fa1d116,10,0.015129040999909193,macOS proc_pid_rusage RUSAGE_INFO_V2,1000,0,1525763,41.953125,0.0004553750000013679,0.05872462499974063,0,evidence/benchmarks/20261007T141530-cpu-benchmark-2ae7d6ba8f34/weak-r0-w4-world4/run-0,,1.0837019590003365,2,61149d88f0df519415814b032ec44dc4237b0c3f9eebafd3a60bacb265923e59,0.0003357499999765423,complete,778d76d9824888b625964af7d8f3e5af1416ed2a2592f2b9f8faebd5dbe13e91,weak-r0-w4-world4,fresh_interpreter,30000,27682.888040244547,1.1610240420000082,1.272373332999905,0.11134929099989677,OS process high-water; warm repeat inherits earlier high-water and allocator state
0,d035d38e42043de13dbeee53498226397fce1dfb60b571476136c070d8574be1,1.1647316670000691,1.150082,30,0,1548288,,fa802db7e33b4ef157fe443f20e36c94e068f16c6f4cff94fb0e468a7cbbdbea,10,0.014986250000220025,macOS proc_pid_rusage RUSAGE_INFO_V2,1000,0,1527438,40.84375,0.0005264169999463775,0.056679124000311276,0,evidence/benchmarks/20261007T141530-cpu-benchmark-2ae7d6ba8f34/weak-r0-w4-world5/run-0,,1.0921849169999405,2,61149d88f0df519415814b032ec44dc4237b0c3f9eebafd3a60bacb265923e59,0.0003549589996509894,complete,f147ab42ae078aab9b0ab90a6b4bbc9785bb6332114a040823a9d8e1f7fde98e,weak-r0-w4-world5,fresh_interpreter,30000,27467.876119737364,1.1676844590001565,1.2538885830003892,0.0862041240002327,OS process high-water; warm repeat inherits earlier high-water and allocator state
0,739101b169224561ad5fed81538a415321b85f4de5bbd2d49b309cbd418a31fb,1.1559744999999566,1.14127,30,0,1552384,,0bfa45035ce4aae87679aeeb10391d70d91545e1d5efac47c03bea7b508bd7a7,10,0.014829417000328249,macOS proc_pid_rusage RUSAGE_INFO_V2,1000,0,1531440,42.390625,0.0004749159998027608,0.05644387599977563,0,evidence/benchmarks/20261007T141530-cpu-benchmark-2ae7d6ba8f34/weak-r0-w4-world6/run-0,,1.083878833000199,2,61149d88f0df519415814b032ec44dc4237b0c3f9eebafd3a60bacb265923e59,0.00034745799985103076,complete,7b5d5c90931aec44da7aa06dabdfa35ad681eab12c1c9e6a46cfde90679df0bd,weak-r0-w4-world6,fresh_interpreter,30000,27678.370576680958,1.1587169999997968,1.241959874999793,0.08324287499999627,OS process high-water; warm repeat inherits earlier high-water and allocator state
0,a3b49fcbd1da9b64476502c6f1c7735f9a8ae2320595ec9371e2557572713453,1.1585976249998566,1.144977,30,0,1548288,,7781bdd3162321547b439d0e50b76dacdd278f803ff4df654b692a8e27185bf5,10,0.014518792000217218,macOS proc_pid_rusage RUSAGE_INFO_V2,1000,0,1529470,42.546875,0.00046937500019339495,0.056526541999573965,0,evidence/benchmarks/20261007T141530-cpu-benchmark-2ae7d6ba8f34/weak-r0-w4-world7/run-0,,1.086737415999778,2,61149d88f0df519415814b032ec44dc4237b0c3f9eebafd3a60bacb265923e59,0.0003455000000940345,complete,a403a4fa44fc5491acb6c5a6d658bbac569e5d7c898f5fc4cf8507a40af8c9bf,weak-r0-w4-world7,fresh_interpreter,30000,27605.564654641585,1.1614926669999477,1.27011500000026,0.10862233300031221,OS process high-water; warm repeat inherits earlier high-water and allocator state
0,35231671267271804adb2c09859bf071e0779a938625cf37a88dc3c409db84f1,1.1479170420002447,1.134194,30,0,1544192,,1e277cb16652947f945abfbcd94c70df32442859c6e85728eb9c7af0730a7234,10,0.014460749999670952,macOS proc_pid_rusage RUSAGE_INFO_V2,1000,0,1524880,42.609375,0.0004496659998949326,0.054249168000751524,0,evidence/benchmarks/20261007T141530-cpu-benchmark-2ae7d6ba8f34/weak-r1-w1-world0/run-0,,1.07841820800013,2,61149d88f0df519415814b032ec44dc4237b0c3f9eebafd3a60bacb265923e59,0.0003392499997971754,complete,141c445eb7749254acb370e564614a56cc10cbb9d32e5c1cd397ba28dbe0de09,weak-r1-w1-world0,fresh_interpreter,30000,27818.52140240976,1.1502301669997905,1.2544292079996922,0.10419904099990163,OS process high-water; warm repeat inherits earlier high-water and allocator state
0,f46759b45baa11ca65a316972982c2a0c7e83c7fd81f67757d4bb6466da375b9,1.1554096250001749,1.140726,30,0,1548288,,2ac40da8626cf98ecbc0b34f98e0c2d8e951b1c39e6f9dba9767ce37ea885534,10,0.014598333000321873,macOS proc_pid_rusage RUSAGE_INFO_V2,1000,0,1527496,40.90625,0.0004291659997761599,0.054205459000513656,0,evidence/benchmarks/20261007T141530-cpu-benchmark-2ae7d6ba8f34/weak-r1-w1-world1/run-0,,1.0858463329996084,2,61149d88f0df519415814b032ec44dc4237b0c3f9eebafd3a60bacb265923e59,0.0003303339999547461,complete,e21ba617c0f63ee07985685fbb9f12090576403a873133b666eda519eb0e3924,weak-r1-w1-world1,fresh_interpreter,30000,27628.218734345366,1.1577207079999425,1.2436933339999996,0.08597262600005706,OS process high-water; warm repeat inherits earlier high-water and allocator state
0,35231671267271804adb2c09859bf071e0779a938625cf37a88dc3c409db84f1,1.1509176669997032,1.135977,30,0,1544192,,1e277cb16652947f945abfbcd94c70df32442859c6e85728eb9c7af0730a7234,10,0.014622707999933482,macOS proc_pid_rusage RUSAGE_INFO_V2,1000,0,1524883,40.796875,0.00048199999991993536,0.05670854199979658,0,evidence/benchmarks/20261007T141530-cpu-benchmark-2ae7d6ba8f34/weak-r1-w2-world0/run-0,,1.0787612079998325,2,61149d88f0df519415814b032ec44dc4237b0c3f9eebafd3a60bacb265923e59,0.0003432090002206678,complete,141c445eb7749254acb370e564614a56cc10cbb9d32e5c1cd397ba28dbe0de09,weak-r1-w2-world0,fresh_interpreter,30000,27809.676300489158,1.1533664160001535,1.2649504999999408,0.11158408399978725,OS process high-water; warm repeat inherits earlier high-water and allocator state
0,f46759b45baa11ca65a316972982c2a0c7e83c7fd81f67757d4bb6466da375b9,1.1784579160002977,1.163248,30,0,1548288,,2ac40da8626cf98ecbc0b34f98e0c2d8e951b1c39e6f9dba9767ce37ea885534,10,0.014567332999831706,macOS proc_pid_rusage RUSAGE_INFO_V2,1000,0,1527497,41.84375,0.0004927499999212159,0.057060625000303844,0,evidence/benchmarks/20261007T141530-cpu-benchmark-2ae7d6ba8f34/weak-r1-w2-world1/run-0,,1.1060120420002022,2,61149d88f0df519415814b032ec44dc4237b0c3f9eebafd3a60bacb265923e59,0.00032516600003873464,complete,e21ba617c0f63ee07985685fbb9f12090576403a873133b666eda519eb0e3924,weak-r1-w2-world1,fresh_interpreter,30000,27124.478632027873,1.180735249999998,1.2836754999998448,0.10294024999984686,OS process high-water; warm repeat inherits earlier high-water and allocator state
0,552bd92d9d87fe4b5abb9f506413393966f9c18709859ca4faa662cf2a047a2b,1.170364334000169,1.155322,30,0,1540096,,f4cc5a2b357dd343e0540413627bc03930d4fbe61527e9f63cbba494fb436ce3,10,0.014872083000227576,macOS proc_pid_rusage RUSAGE_INFO_V2,1000,0,1519985,42.734375,0.00048062499990919605,0.05811233499980517,0,evidence/benchmarks/20261007T141530-cpu-benchmark-2ae7d6ba8f34/weak-r1-w2-world2/run-0,,1.0965630830000919,2,61149d88f0df519415814b032ec44dc4237b0c3f9eebafd3a60bacb265923e59,0.00033620800013522967,complete,47778ab3e901352a4eb2a6fc8c36cb092c2b5bbe32a1fa5c862a75ef3b9f19c7,weak-r1-w2-world2,fresh_interpreter,30000,27358.20717028232,1.1728385000001254,1.2659607909999977,0.09312229099987235,OS process high-water; warm repeat inherits earlier high-water and allocator state
0,aa038bdc5005d306b87849f0e8f9eb63f07b99d89b92ddecbe6180aeec97b069,1.163814249999632,1.1495650000000002,30,0,1548288,,c1e62d4a0ed278be3d47d2100c888289ab78967bcba2d3fa2fd8bee7e6ab1517,10,0.014616250000017317,macOS proc_pid_rusage RUSAGE_INFO_V2,1000,0,1527449,42.84375,0.0005751670000790909,0.05706108399954246,0,evidence/benchmarks/20261007T141530-cpu-benchmark-2ae7d6ba8f34/weak-r1-w2-world3/run-0,,1.091248290999829,2,61149d88f0df519415814b032ec44dc4237b0c3f9eebafd3a60bacb265923e59,0.0003134580001642462,complete,b36d160cf1c4d29347cdd207daf9199f7839a7dea2550ee5ee73b16814f0aee8,weak-r1-w2-world3,fresh_interpreter,30000,27491.451988908273,1.1667689999999311,1.2468768329999875,0.08010783300005642,OS process high-water; warm repeat inherits earlier high-water and allocator state
0,35231671267271804adb2c09859bf071e0779a938625cf37a88dc3c409db84f1,1.1659415000003719,1.150869,30,0,1544192,,1e277cb16652947f945abfbcd94c70df32442859c6e85728eb9c7af0730a7234,10,0.015014499999779218,macOS proc_pid_rusage RUSAGE_INFO_V2,1000,0,1524881,42.28125,0.0004632090003724443,0.05731704100026036,0,evidence/benchmarks/20261007T141530-cpu-benchmark-2ae7d6ba8f34/weak-r1-w4-world0/run-0,,1.0928084590000253,2,61149d88f0df519415814b032ec44dc4237b0c3f9eebafd3a60bacb265923e59,0.0003382909999345429,complete,141c445eb7749254acb370e564614a56cc10cbb9d32e5c1cd397ba28dbe0de09,weak-r1-w4-world0,fresh_interpreter,30000,27452.20331424915,1.1692444579998664,1.2734671250000247,0.10422266700015825,OS process high-water; warm repeat inherits earlier high-water and allocator state
0,f46759b45baa11ca65a316972982c2a0c7e83c7fd81f67757d4bb6466da375b9,1.1708424579996972,1.154706,30,0,1548288,,2ac40da8626cf98ecbc0b34f98e0c2d8e951b1c39e6f9dba9767ce37ea885534,10,0.01495916700014277,macOS proc_pid_rusage RUSAGE_INFO_V2,1000,0,1527507,43.015625,0.0005980000000818109,0.05837729099948774,0,evidence/benchmarks/20261007T141530-cpu-benchmark-2ae7d6ba8f34/weak-r1-w4-world1/run-0,,1.0965674999997646,2,61149d88f0df519415814b032ec44dc4237b0c3f9eebafd3a60bacb265923e59,0.0003405000002203451,complete,e21ba617c0f63ee07985685fbb9f12090576403a873133b666eda519eb0e3924,weak-r1-w4-world1,fresh_interpreter,30000,27358.09697078059,1.1736902500001634,1.2871721659998911,0.11348191599972779,OS process high-water; warm repeat inherits earlier high-water and allocator state
0,552bd92d9d87fe4b5abb9f506413393966f9c18709859ca4faa662cf2a047a2b,1.15926433300001,1.1440830000000002,30,0,1540096,,f4cc5a2b357dd343e0540413627bc03930d4fbe61527e9f63cbba494fb436ce3,10,0.015005083999767521,macOS proc_pid_rusage RUSAGE_INFO_V2,1000,0,1519991,41.234375,0.0005862499997419945,0.057333874000050855,0,evidence/benchmarks/20261007T141530-cpu-benchmark-2ae7d6ba8f34/weak-r1-w4-world2/run-0,,1.085993375000271,2,61149d88f0df519415814b032ec44dc4237b0c3f9eebafd3a60bacb265923e59,0.0003457500001786684,complete,47778ab3e901352a4eb2a6fc8c36cb092c2b5bbe32a1fa5c862a75ef3b9f19c7,weak-r1-w4-world2,fresh_interpreter,30000,27624.477911748323,1.162707957999828,1.2650191669999913,0.10231120900016322,OS process high-water; warm repeat inherits earlier high-water and allocator state
0,aa038bdc5005d306b87849f0e8f9eb63f07b99d89b92ddecbe6180aeec97b069,1.1605497079999623,1.144592,30,0,1548288,,c1e62d4a0ed278be3d47d2100c888289ab78967bcba2d3fa2fd8bee7e6ab1517,10,0.015006750000338798,macOS proc_pid_rusage RUSAGE_INFO_V2,1000,0,1527463,41.296875,0.0004873329999099951,0.057658583999455004,0,evidence/benchmarks/20261007T141530-cpu-benchmark-2ae7d6ba8f34/weak-r1-w4-world3/run-0,,1.0870633750000707,2,61149d88f0df519415814b032ec44dc4237b0c3f9eebafd3a60bacb265923e59,0.00033366600018780446,complete,b36d160cf1c4d29347cdd207daf9199f7839a7dea2550ee5ee73b16814f0aee8,weak-r1-w4-world3,fresh_interpreter,30000,27597.287048694885,1.1637145830000009,1.289292375000059,0.12557779200005825,OS process high-water; warm repeat inherits earlier high-water and allocator state
0,991c648e2cf623fd3178e92478c764898d790f18021a32d5ac28bc1c92a7c00b,1.2104658750004091,1.179169,30,0,1544192,,bc79621b7efceba83ad200f273dfc76f1764fe551e39872d7a11b1655fa1d116,10,0.015114666000044963,macOS proc_pid_rusage RUSAGE_INFO_V2,1000,0,1525761,42.171875,0.000518625000040629,0.05710191700018186,0,evidence/benchmarks/20261007T141530-cpu-benchmark-2ae7d6ba8f34/weak-r1-w4-world4/run-0,,1.1374013340000602,2,61149d88f0df519415814b032ec44dc4237b0c3f9eebafd3a60bacb265923e59,0.0003293330000815331,complete,778d76d9824888b625964af7d8f3e5af1416ed2a2592f2b9f8faebd5dbe13e91,weak-r1-w4-world4,fresh_interpreter,30000,26375.914203032236,1.2132687080002142,1.3192646249999598,0.10599591699974553,OS process high-water; warm repeat inherits earlier high-water and allocator state
0,d035d38e42043de13dbeee53498226397fce1dfb60b571476136c070d8574be1,1.1955579160003253,1.169027,30,0,1548288,,fa802db7e33b4ef157fe443f20e36c94e068f16c6f4cff94fb0e468a7cbbdbea,10,0.015045083000131854,macOS proc_pid_rusage RUSAGE_INFO_V2,1000,0,1527438,41.90625,0.0005796250002276793,0.0579832919997898,0,evidence/benchmarks/20261007T141530-cpu-benchmark-2ae7d6ba8f34/weak-r1-w4-world5/run-0,,1.121619875000306,2,61149d88f0df519415814b032ec44dc4237b0c3f9eebafd3a60bacb265923e59,0.00033004099987010704,complete,f147ab42ae078aab9b0ab90a6b4bbc9785bb6332114a040823a9d8e1f7fde98e,weak-r1-w4-world5,fresh_interpreter,30000,26747.02960304784,1.1983491249998224,1.3110786249999364,0.11272950000011406,OS process high-water; warm repeat inherits earlier high-water and allocator state
0,739101b169224561ad5fed81538a415321b85f4de5bbd2d49b309cbd418a31fb,1.210835207999935,1.183866,30,0,1552384,,0bfa45035ce4aae87679aeeb10391d70d91545e1d5efac47c03bea7b508bd7a7,10,0.014802916999997251,macOS proc_pid_rusage RUSAGE_INFO_V2,1000,0,1531437,41.703125,0.000505958000303508,0.0565703329993994,0,evidence/benchmarks/20261007T141530-cpu-benchmark-2ae7d6ba8f34/weak-r1-w4-world6/run-0,,1.138591500000075,2,61149d88f0df519415814b032ec44dc4237b0c3f9eebafd3a60bacb265923e59,0.0003645000001597509,complete,7b5d5c90931aec44da7aa06dabdfa35ad681eab12c1c9e6a46cfde90679df0bd,weak-r1-w4-world6,fresh_interpreter,30000,26348.343545510415,1.2136822079996819,1.313327708000088,0.09964550000040617,OS process high-water; warm repeat inherits earlier high-water and allocator state
0,a3b49fcbd1da9b64476502c6f1c7735f9a8ae2320595ec9371e2557572713453,1.2115182089996779,1.176842,30,0,1548288,,7781bdd3162321547b439d0e50b76dacdd278f803ff4df654b692a8e27185bf5,10,0.014833000000180618,macOS proc_pid_rusage RUSAGE_INFO_V2,1000,0,1529469,42.953125,0.000453625000318425,0.05661737599893968,0,evidence/benchmarks/20261007T141530-cpu-benchmark-2ae7d6ba8f34/weak-r1-w4-world7/run-0,,1.1392822080001679,2,61149d88f0df519415814b032ec44dc4237b0c3f9eebafd3a60bacb265923e59,0.0003320000000712753,complete,a403a4fa44fc5491acb6c5a6d658bbac569e5d7c898f5fc4cf8507a40af8c9bf,weak-r1-w4-world7,fresh_interpreter,30000,26332.369442212494,1.2142048330001671,1.3204225419999602,0.1062177089997931,OS process high-water; warm repeat inherits earlier high-water and allocator state
0,35231671267271804adb2c09859bf071e0779a938625cf37a88dc3c409db84f1,1.153719125000407,1.139284,30,0,1544192,,1e277cb16652947f945abfbcd94c70df32442859c6e85728eb9c7af0730a7234,10,0.014421875000152795,macOS proc_pid_rusage RUSAGE_INFO_V2,1000,0,1524881,41.40625,0.00046912499965401366,0.055189251000683726,0,evidence/benchmarks/20261007T141530-cpu-benchmark-2ae7d6ba8f34/weak-r2-w1-world0/run-0,,1.0833109159998457,2,61149d88f0df519415814b032ec44dc4237b0c3f9eebafd3a60bacb265923e59,0.0003279580000707938,complete,141c445eb7749254acb370e564614a56cc10cbb9d32e5c1cd397ba28dbe0de09,weak-r2-w1-world0,fresh_interpreter,30000,27692.880738962544,1.1560783330000959,1.2538015829995857,0.09772324999948978,OS process high-water; warm repeat inherits earlier high-water and allocator state
0,f46759b45baa11ca65a316972982c2a0c7e83c7fd81f67757d4bb6466da375b9,1.1434076670002469,1.1285420000000002,30,0,1548288,,2ac40da8626cf98ecbc0b34f98e0c2d8e951b1c39e6f9dba9767ce37ea885534,10,0.014385291000053257,macOS proc_pid_rusage RUSAGE_INFO_V2,1000,0,1527496,40.9375,0.0004582500000651635,0.056002210000315245,0,evidence/benchmarks/20261007T141530-cpu-benchmark-2ae7d6ba8f34/weak-r2-w1-world1/run-0,,1.0722214579996034,2,61149d88f0df519415814b032ec44dc4237b0c3f9eebafd3a60bacb265923e59,0.0003404580002097646,complete,e21ba617c0f63ee07985685fbb9f12090576403a873133b666eda519eb0e3924,weak-r2-w1-world1,fresh_interpreter,30000,27979.294553542775,1.1456797499999993,1.2436668750001445,0.09798712500014517,OS process high-water; warm repeat inherits earlier high-water and allocator state
0,35231671267271804adb2c09859bf071e0779a938625cf37a88dc3c409db84f1,1.1571234579996599,1.142426,30,0,1544192,,1e277cb16652947f945abfbcd94c70df32442859c6e85728eb9c7af0730a7234,10,0.014681999999993423,macOS proc_pid_rusage RUSAGE_INFO_V2,1000,0,1524879,42.84375,0.000473125000098662,0.05786245799981771,0,evidence/benchmarks/20261007T141530-cpu-benchmark-2ae7d6ba8f34/weak-r2-w2-world0/run-0,,1.083762874999593,2,61149d88f0df519415814b032ec44dc4237b0c3f9eebafd3a60bacb265923e59,0.0003430000001571898,complete,141c445eb7749254acb370e564614a56cc10cbb9d32e5c1cd397ba28dbe0de09,weak-r2-w2-world0,fresh_interpreter,30000,27681.332044162584,1.1595889580003131,1.249379792000127,0.08979083399981391,OS process high-water; warm repeat inherits earlier high-water and allocator state
0,f46759b45baa11ca65a316972982c2a0c7e83c7fd81f67757d4bb6466da375b9,1.1674074170000495,1.153636,30,0,1548288,,2ac40da8626cf98ecbc0b34f98e0c2d8e951b1c39e6f9dba9767ce37ea885534,10,0.014622125000187225,macOS proc_pid_rusage RUSAGE_INFO_V2,1000,0,1527499,41.296875,0.0004947080001329596,0.058149500000126864,0,evidence/benchmarks/20261007T141530-cpu-benchmark-2ae7d6ba8f34/weak-r2-w2-world1/run-0,,1.0937774589997389,2,61149d88f0df519415814b032ec44dc4237b0c3f9eebafd3a60bacb265923e59,0.00036362499986353214,complete,e21ba617c0f63ee07985685fbb9f12090576403a873133b666eda519eb0e3924,weak-r2-w2-world1,fresh_interpreter,30000,27427.882841391744,1.170021166999959,1.2492194160004146,0.07919824900045569,OS process high-water; warm repeat inherits earlier high-water and allocator state
0,552bd92d9d87fe4b5abb9f506413393966f9c18709859ca4faa662cf2a047a2b,1.1791576669997994,1.165603,30,0,1540096,,f4cc5a2b357dd343e0540413627bc03930d4fbe61527e9f63cbba494fb436ce3,10,0.014572083000075509,macOS proc_pid_rusage RUSAGE_INFO_V2,1000,0,1519982,41.875,0.00045374999990599463,0.057810208999853785,0,evidence/benchmarks/20261007T141530-cpu-benchmark-2ae7d6ba8f34/weak-r2-w2-world2/run-0,,1.105985167000199,2,61149d88f0df519415814b032ec44dc4237b0c3f9eebafd3a60bacb265923e59,0.00033645799976511626,complete,47778ab3e901352a4eb2a6fc8c36cb092c2b5bbe32a1fa5c862a75ef3b9f19c7,weak-r2-w2-world2,fresh_interpreter,30000,27125.13774607847,1.181882208999923,1.2742240829998082,0.09234187399988514,OS process high-water; warm repeat inherits earlier high-water and allocator state
0,aa038bdc5005d306b87849f0e8f9eb63f07b99d89b92ddecbe6180aeec97b069,1.1769617919999291,1.162102,30,0,1548288,,c1e62d4a0ed278be3d47d2100c888289ab78967bcba2d3fa2fd8bee7e6ab1517,10,0.014380333000190149,macOS proc_pid_rusage RUSAGE_INFO_V2,1000,0,1527462,42.15625,0.00046341600000232575,0.05829512699983752,0,evidence/benchmarks/20261007T141530-cpu-benchmark-2ae7d6ba8f34/weak-r2-w2-world3/run-0,,1.1034970000000612,2,61149d88f0df519415814b032ec44dc4237b0c3f9eebafd3a60bacb265923e59,0.0003259159998378891,complete,b36d160cf1c4d29347cdd207daf9199f7839a7dea2550ee5ee73b16814f0aee8,weak-r2-w2-world3,fresh_interpreter,30000,27186.29955495877,1.1796733749997657,1.2675656669998716,0.08789229200010595,OS process high-water; warm repeat inherits earlier high-water and allocator state
0,35231671267271804adb2c09859bf071e0779a938625cf37a88dc3c409db84f1,1.1619780410001113,1.145184,30,0,1544192,,1e277cb16652947f945abfbcd94c70df32442859c6e85728eb9c7af0730a7234,10,0.014773542000057205,macOS proc_pid_rusage RUSAGE_INFO_V2,1000,0,1524893,42.453125,0.00045691699961025734,0.060185289999935776,0,evidence/benchmarks/20261007T141530-cpu-benchmark-2ae7d6ba8f34/weak-r2-w4-world0/run-0,,1.0862010000000737,2,61149d88f0df519415814b032ec44dc4237b0c3f9eebafd3a60bacb265923e59,0.0003612920004343323,complete,141c445eb7749254acb370e564614a56cc10cbb9d32e5c1cd397ba28dbe0de09,weak-r2-w4-world0,fresh_interpreter,30000,27619.197551832454,1.1647028329998648,1.263689333000002,0.09898650000013731,OS process high-water; warm repeat inherits earlier high-water and allocator state
0,f46759b45baa11ca65a316972982c2a0c7e83c7fd81f67757d4bb6466da375b9,1.1756750419999662,1.15873,30,0,1548288,,2ac40da8626cf98ecbc0b34f98e0c2d8e951b1c39e6f9dba9767ce37ea885534,10,0.015260333000242099,macOS proc_pid_rusage RUSAGE_INFO_V2,1000,0,1527495,41.5,0.00048237500004688627,0.06007399999998597,0,evidence/benchmarks/20261007T141530-cpu-benchmark-2ae7d6ba8f34/weak-r2-w4-world1/run-0,,1.0995220840000002,2,61149d88f0df519415814b032ec44dc4237b0c3f9eebafd3a60bacb265923e59,0.00033624999969106284,complete,e21ba617c0f63ee07985685fbb9f12090576403a873133b666eda519eb0e3924,weak-r2-w4-world1,fresh_interpreter,30000,27284.581580082202,1.1784288329999981,1.2665430839997498,0.08811425099975168,OS process high-water; warm repeat inherits earlier high-water and allocator state
0,552bd92d9d87fe4b5abb9f506413393966f9c18709859ca4faa662cf2a047a2b,1.1648674160001065,1.148501,30,0,1540096,,f4cc5a2b357dd343e0540413627bc03930d4fbe61527e9f63cbba494fb436ce3,10,0.014954583999951865,macOS proc_pid_rusage RUSAGE_INFO_V2,1000,0,1519994,43.40625,0.0004575409998324176,0.059623624000323616,0,evidence/benchmarks/20261007T141530-cpu-benchmark-2ae7d6ba8f34/weak-r2-w4-world2/run-0,,1.0894921670001168,2,61149d88f0df519415814b032ec44dc4237b0c3f9eebafd3a60bacb265923e59,0.00033949999988180934,complete,47778ab3e901352a4eb2a6fc8c36cb092c2b5bbe32a1fa5c862a75ef3b9f19c7,weak-r2-w4-world2,fresh_interpreter,30000,27535.764743131727,1.1675581250001414,1.2575064170000587,0.08994829199991727,OS process high-water; warm repeat inherits earlier high-water and allocator state
0,aa038bdc5005d306b87849f0e8f9eb63f07b99d89b92ddecbe6180aeec97b069,1.1673635420002029,1.1499210000000002,30,0,1548288,,c1e62d4a0ed278be3d47d2100c888289ab78967bcba2d3fa2fd8bee7e6ab1517,10,0.015107166999769106,macOS proc_pid_rusage RUSAGE_INFO_V2,1000,0,1527452,41.40625,0.00048079199996209354,0.0599455420006052,0,evidence/benchmarks/20261007T141530-cpu-benchmark-2ae7d6ba8f34/weak-r2-w4-world3/run-0,,1.0914896660001432,2,61149d88f0df519415814b032ec44dc4237b0c3f9eebafd3a60bacb265923e59,0.0003403749997232808,complete,b36d160cf1c4d29347cdd207daf9199f7839a7dea2550ee5ee73b16814f0aee8,weak-r2-w4-world3,fresh_interpreter,30000,27485.37245426936,1.169899125000029,1.2750409590003073,0.10514183400027832,OS process high-water; warm repeat inherits earlier high-water and allocator state
0,991c648e2cf623fd3178e92478c764898d790f18021a32d5ac28bc1c92a7c00b,1.1689768750002258,1.152848,30,0,1544192,,bc79621b7efceba83ad200f273dfc76f1764fe551e39872d7a11b1655fa1d116,10,0.014756458000192652,macOS proc_pid_rusage RUSAGE_INFO_V2,1000,0,1525771,42.84375,0.000496042000122543,0.058383375000175874,0,evidence/benchmarks/20261007T141530-cpu-benchmark-2ae7d6ba8f34/weak-r2-w4-world4/run-0,,1.0950009999996837,2,61149d88f0df519415814b032ec44dc4237b0c3f9eebafd3a60bacb265923e59,0.0003400000000510772,complete,778d76d9824888b625964af7d8f3e5af1416ed2a2592f2b9f8faebd5dbe13e91,weak-r2-w4-world4,fresh_interpreter,30000,27397.23525367435,1.171708333999959,1.278499959000328,0.1067916250003691,OS process high-water; warm repeat inherits earlier high-water and allocator state
0,d035d38e42043de13dbeee53498226397fce1dfb60b571476136c070d8574be1,1.169031417000042,1.1538430000000002,30,0,1548288,,fa802db7e33b4ef157fe443f20e36c94e068f16c6f4cff94fb0e468a7cbbdbea,10,0.015201000000161002,macOS proc_pid_rusage RUSAGE_INFO_V2,1000,0,1527438,41.265625,0.000473125000098662,0.057296624999708,0,evidence/benchmarks/20261007T141530-cpu-benchmark-2ae7d6ba8f34/weak-r2-w4-world5/run-0,,1.0957234580000659,2,61149d88f0df519415814b032ec44dc4237b0c3f9eebafd3a60bacb265923e59,0.00033720900000844267,complete,f147ab42ae078aab9b0ab90a6b4bbc9785bb6332114a040823a9d8e1f7fde98e,weak-r2-w4-world5,fresh_interpreter,30000,27379.171068178588,1.1717794159999357,1.2664061669997864,0.09462675099985063,OS process high-water; warm repeat inherits earlier high-water and allocator state
0,739101b169224561ad5fed81538a415321b85f4de5bbd2d49b309cbd418a31fb,1.1595008750000488,1.144377,30,0,1552384,,0bfa45035ce4aae87679aeeb10391d70d91545e1d5efac47c03bea7b508bd7a7,10,0.014928916999906505,macOS proc_pid_rusage RUSAGE_INFO_V2,1000,0,1531438,41.40625,0.0005094580001241411,0.05697237500044139,0,evidence/benchmarks/20261007T141530-cpu-benchmark-2ae7d6ba8f34/weak-r2-w4-world6/run-0,,1.086753624999801,2,61149d88f0df519415814b032ec44dc4237b0c3f9eebafd3a60bacb265923e59,0.0003364999997756968,complete,7b5d5c90931aec44da7aa06dabdfa35ad681eab12c1c9e6a46cfde90679df0bd,weak-r2-w4-world6,fresh_interpreter,30000,27605.152915874092,1.1623014169999806,1.2524149579999175,0.09011354099993696,OS process high-water; warm repeat inherits earlier high-water and allocator state
0,a3b49fcbd1da9b64476502c6f1c7735f9a8ae2320595ec9371e2557572713453,1.1643224580002425,1.149996,30,0,1548288,,7781bdd3162321547b439d0e50b76dacdd278f803ff4df654b692a8e27185bf5,10,0.015173999999660737,macOS proc_pid_rusage RUSAGE_INFO_V2,1000,0,1529469,41.0625,0.0006150419999357837,0.056285625000327855,0,evidence/benchmarks/20261007T141530-cpu-benchmark-2ae7d6ba8f34/weak-r2-w4-world7/run-0,,1.0919025000002875,2,61149d88f0df519415814b032ec44dc4237b0c3f9eebafd3a60bacb265923e59,0.00034529100003055646,complete,a403a4fa44fc5491acb6c5a6d658bbac569e5d7c898f5fc4cf8507a40af8c9bf,weak-r2-w4-world7,fresh_interpreter,30000,27474.980595787718,1.1673352090001572,1.2560031250000065,0.08866791599984936,OS process high-water; warm repeat inherits earlier high-water and allocator state
