batch_wall_seconds,conservative_sum_child_peak_rss_mb,kind,max_child_sampled_rss_mb,repeat,status,sum_child_wall_seconds,workers,worlds,worlds_per_second,speedup,parallel_efficiency,weak_scaling_efficiency
5.025183333999848,152.5,strong,39.53125,0,complete,5.017122749999999,1,4,0.7959908592660553,1.0,1.0,
2.5643424589998176,152.109375,strong,40.21875,0,complete,5.11660695799992,2,4,1.5598540615983634,1.959638158454017,0.9798190792270085,
1.2705259170002137,149.71875,strong,37.859375,0,complete,5.0554065840001385,4,4,3.1483025623312235,3.955199391653971,0.9887998479134927,
5.161441249999825,158.21875,strong,41.28125,1,complete,5.156839042000229,1,4,0.7749773379674012,1.0,1.0,
2.612288583999998,155.84375,strong,41.0625,1,complete,5.141690667000148,2,4,1.531224392473172,1.975831185579238,0.987915592789619,
1.271876834000068,150.640625,strong,38.25,1,complete,5.043650458000684,4,4,3.1449586100408418,4.058129774851729,1.0145324437129322,
5.121047375000217,156.578125,strong,40.640625,2,complete,5.11616924999953,1,4,0.7810902159443176,1.0,1.0,
2.5658174589998453,151.734375,strong,39.953125,2,complete,5.089961041000606,2,4,1.5589573552746807,1.9958736179916707,0.9979368089958354,
1.290540041999975,151.5,strong,38.984375,2,complete,5.071442708000177,4,4,3.099477637130206,3.9681429543743794,0.9920357385935948,
2.491931624999779,76.6875,weak,39.828125,0,complete,2.4896560829997725,1,2,0.8025902396098759,,,1.0
2.570799709000312,151.625,weak,38.3125,0,complete,5.09319749999986,2,4,1.5559360715640702,,,0.9693215758021065
2.6137650830000894,301.09375,weak,38.75,0,complete,10.350859249000678,4,8,3.0607188274233006,,,0.9533877551610456
2.500308582999878,75.171875,weak,38.359375,1,complete,2.4981225419996917,1,2,0.7999012656271386,,,1.0
2.5332519580001644,150.75,weak,38.640625,1,complete,5.061463623999771,2,4,1.5789980887482413,,,0.9869956184594079
2.612408165999568,309.1875,weak,39.625,1,complete,10.37904433299991,4,8,3.062308602506995,,,0.9570895603303253
2.4996027920001325,76.015625,weak,38.296875,2,complete,2.49746845799973,1,2,0.8001271267582638,,,1.0
2.52563258400005,146.734375,weak,36.875,2,complete,5.0403889580002215,2,4,1.5837616387039457,,,0.9896937534917719
2.538236040999891,298.796875,weak,38.421875,2,complete,10.116104002000156,4,8,3.151795132831125,,,0.9847794892296385
