decision_errors,decisions_completed,max_individual_time_booked_hours,produced_work_units,effort_hours,cooperation_units,decision_regret_units,backlog_peak_records,review_hours,verification_resource_units,reviews_rejected,fraudulent_records_detected,honest_records_rejected,confirmed_records,fraudulent_records_accepted,appeal_hours,corrections,model_version,world,regime,backend,attack,n,days_completed,update_interval_days,confirmation_mean_days,confirmation_p95_days,appeal_mean_days,unfinished_records,unfinished_appeals,last_authority_contribution_tv,last_signed_gini_gap,appeals_denied
20.0,240.0,1.0000000000000002,3736.797701089974,3846.2180629518707,2074.954096188769,2.473148254584377,913,637.2000000000763,0.0,1553.0,0.0,1553.0,4828.0,0.0,14.100000000000023,93.0,0.1.0,0,equal,central,none,120,60,1,4.896230323115161,8.0,7.860215053763441,913,4,0.18619542200494915,-0.24760855850254146,
26.0,240.0,1.0000000000000002,3521.4232177205495,3781.440411914365,2005.3554819480173,3.7772475247784216,912,637.2000000000763,0.0,1633.0,0.0,1633.0,4743.0,0.0,13.20000000000002,87.0,0.1.0,0,linear,central,none,120,60,1,4.895003162555344,8.0,7.839080459770115,912,4,0.0,0.0,
26.0,240.0,1.0000000000000002,3543.4694983153927,3794.5040172980825,2013.3199534311861,3.8903371532556057,913,637.2000000000763,0.0,1621.0,0.0,1621.0,4756.0,0.0,13.500000000000021,89.0,0.1.0,0,sublinear,central,none,120,60,1,4.894028595458368,8.0,7.797752808988764,913,4,0.031265205275835414,-0.041342421669950405,
25.0,240.0,1.0000000000000002,3486.3855807189384,3751.194761215557,2006.0070266472997,3.796656659904479,914,637.2000000000763,0.0,1690.0,0.0,1690.0,4680.0,0.0,12.60000000000002,83.0,0.1.0,0,hierarchy,central,none,120,60,1,4.888888888888889,8.0,7.734939759036145,914,5,0.16924368319672517,0.17937973592418008,
24.0,240.0,1.0000000000000002,3616.671640264019,3755.2507719464033,2048.328341956396,4.559659568303812,910,637.2000000000763,0.0,1780.0,0.0,1780.0,4589.0,0.0,11.850000000000017,78.0,0.1.0,0,hierarchy_tenure,central,none,120,60,1,4.876225757245587,8.0,7.705128205128205,910,5,0.4289536501844188,0.08476752466742313,
20.0,240.0,1.0000000000000002,3866.515045763907,3842.4340196629564,1976.1335067220648,2.445308062601405,914,637.2000000000763,0.0,1420.0,0.0,1420.0,4958.0,0.0,13.800000000000022,90.0,0.1.0,1,equal,central,none,120,60,1,4.8876563130294475,8.0,7.766666666666667,914,4,0.1673303892330515,-0.22975313229785807,
20.0,240.0,1.0000000000000002,3746.5187519585543,3804.081697156553,1962.4581139465226,2.6904985702871134,916,637.2000000000763,0.0,1433.0,0.0,1433.0,4940.0,0.0,13.350000000000021,87.0,0.1.0,1,linear,central,none,120,60,1,4.909109311740891,8.0,7.7701149425287355,916,4,0.0,-6.938893903907228e-18,
19.0,240.0,1.0000000000000002,3751.1070049777622,3813.332872295821,1961.137485941464,2.430703245309956,915,637.2000000000763,0.0,1429.0,0.0,1429.0,4945.0,0.0,13.350000000000021,87.0,0.1.0,1,sublinear,central,none,120,60,1,4.903943377148635,8.0,7.7701149425287355,915,4,0.02707088399997242,-0.03725846208217171,
22.0,240.0,1.0000000000000002,3735.8983421283024,3764.1280345428113,1977.6343368135886,2.89596661727284,918,637.2000000000763,0.0,1489.0,0.0,1489.0,4881.0,0.0,13.20000000000002,86.0,0.1.0,1,hierarchy,central,none,120,60,1,4.910674042204466,8.0,7.744186046511628,918,4,0.19033416808683665,0.2052027966862074,
26.0,240.0,1.0000000000000002,3880.1477476556065,3782.7958014333894,2083.2044102782893,4.0186447598026955,919,637.2000000000763,0.0,1511.0,0.0,1511.0,4862.0,0.0,13.800000000000022,90.0,0.1.0,1,hierarchy_tenure,central,none,120,60,1,4.899629781982723,8.0,7.844444444444444,919,4,0.4016701542747538,0.128357751243934,
23.0,240.0,1.0000000000000002,4129.009094756986,3854.159281258266,2261.399046428595,3.1621085432813727,907,637.2000000000763,0.0,1233.0,0.0,1233.0,5150.0,0.0,13.500000000000021,89.0,0.1.0,2,equal,central,none,120,60,1,4.902912621359223,8.0,7.977528089887641,907,5,0.16876140655345753,-0.22886192096824198,
25.0,240.0,1.0000000000000002,3937.121420540251,3780.988617093285,2228.0647689521284,4.186724199306617,904,637.2000000000763,0.0,1305.0,0.0,1305.0,5080.0,0.0,13.350000000000021,88.0,0.1.0,2,linear,central,none,120,60,1,4.909645669291338,8.0,7.920454545454546,904,5,0.0,0.0,
25.0,240.0,1.0000000000000002,3956.4204505092684,3796.7507021423744,2230.0196964116662,4.186724199306617,906,637.2000000000763,0.0,1288.0,0.0,1288.0,5095.0,0.0,13.350000000000021,88.0,0.1.0,2,sublinear,central,none,120,60,1,4.907556427870461,8.0,7.920454545454546,906,5,0.029705857614187453,-0.03968808846757509,
27.0,240.0,1.0000000000000002,3875.145687595257,3727.0396903231754,2233.3559228132376,4.497783305481392,908,637.2000000000763,0.0,1374.0,0.0,1374.0,5006.0,0.0,13.20000000000002,87.0,0.1.0,2,hierarchy,central,none,120,60,1,4.904714342788654,8.0,7.977011494252873,908,5,0.17294413846756415,0.1941434785345837,
24.0,240.0,1.0000000000000002,4018.9190250817674,3742.314487930954,2260.1671667845135,4.210742584543824,906,637.2000000000763,0.0,1393.0,0.0,1393.0,4988.0,0.0,13.05000000000002,86.0,0.1.0,2,hierarchy_tenure,central,none,120,60,1,4.895549318364074,8.0,7.965116279069767,906,5,0.3960028341837947,0.13714781665435924,
19.0,240.0,1.0000000000000002,3968.9703741025937,3837.3012878163877,2072.458600528065,3.086325259704707,910,637.2000000000763,0.0,1468.0,0.0,1468.0,4901.0,0.0,12.000000000000018,78.0,0.1.0,3,equal,central,none,120,60,1,4.879004284839828,8.0,7.256410256410256,910,0,0.1962819730576968,-0.2683493334435024,1.0
21.0,240.0,1.0000000000000002,3803.046272387061,3769.6851971493993,2048.0553177533357,3.8016487382174016,911,637.2000000000763,0.0,1513.0,0.0,1513.0,4858.0,0.0,12.450000000000019,81.0,0.1.0,3,linear,central,none,120,60,1,4.8913132976533555,8.0,7.2592592592592595,911,0,0.0,-6.938893903907228e-18,1.0
22.0,240.0,1.0000000000000002,3808.7194734802033,3787.8148974280134,2046.1562816874946,3.861570398145332,912,637.2000000000763,0.0,1502.0,0.0,1502.0,4868.0,0.0,12.450000000000019,81.0,0.1.0,3,sublinear,central,none,120,60,1,4.8847576006573545,8.0,7.2592592592592595,912,0,0.03523436428836236,-0.04720495637352817,1.0
20.0,240.0,1.0000000000000002,3749.6543926156382,3739.3477493707933,2047.6760532070455,3.770876191609091,909,637.2000000000763,0.0,1565.0,0.0,1565.0,4804.0,0.0,11.850000000000017,78.0,0.1.0,3,hierarchy,central,none,120,60,1,4.8792672772689425,8.0,7.230769230769231,909,0,0.17983384039290348,0.15889705599886728,1.0
23.0,240.0,1.0000000000000002,4014.6339133794886,3775.0669656377227,2062.97284986365,4.030945535967874,913,637.2000000000763,0.0,1551.0,0.0,1551.0,4818.0,0.0,12.450000000000019,81.0,0.1.0,3,hierarchy_tenure,central,none,120,60,1,4.883146533831465,8.0,7.320987654320987,913,0,0.45241571362376143,0.08301383014346986,1.0
