n,alpha,policy,tv,gini,signed_gini_gap
120,0.0,power,0.16025134423848852,0.0,-0.22532036715498452
120,0.2,power,0.12976426710966615,0.043884161940746756,-0.18143620521423776
120,0.5,power,0.08257730183484104,0.11107856756462685,-0.11424179959035767
120,0.8,power,0.03361774669767176,0.1794313423400632,-0.045889024814921325
120,0.95,power,0.008470149617595608,0.21383938331440674,-0.011480983840577774
120,1.0,power,0.0,0.2253203671549845,-2.7755575615628914e-17
120,,performance tiers,0.15947965682969503,0.38333333333333336,0.15801296617834884
120,,tenure tiers,0.35208306562964214,0.38333333333333336,0.15801296617834884
500,0.0,power,0.16774730740767688,0.0,-0.23454164411672507
500,0.2,power,0.13500614997456273,0.04672361491938617,-0.1878180291973389
500,0.5,power,0.08499185539019351,0.11730109882959827,-0.1172405452871268
500,0.8,power,0.034163104623092876,0.1878644998091658,-0.04667714430755926
500,0.95,power,0.008562533679977388,0.22291530244852134,-0.011626341668203727
500,1.0,power,0.0,0.23454164411672507,0.0
500,,performance tiers,0.15310692939822243,0.38333333333333336,0.1487916892166083
500,,tenure tiers,0.339477691049664,0.38333333333333336,0.1487916892166083
1000,0.0,power,0.16198250971042633,0.0,-0.22821308417995786
1000,0.2,power,0.1301037971942804,0.0460117420578268,-0.18220134212213107
1000,0.5,power,0.08172773312373531,0.11493694266546778,-0.11327614151449009
1000,0.8,power,0.03280441568100481,0.18326330730392712,-0.044949776876030745
1000,0.95,power,0.00821149533242733,0.21703189850428387,-0.011181185675673999
1000,1.0,power,0.0,0.22821308417995786,0.0
1000,,performance tiers,0.1572460991386974,0.38333333333333336,0.1551202491533755
1000,,tenure tiers,0.34047311040897477,0.38333333333333336,0.1551202491533755
5000,0.0,power,0.15992796930658562,0.0,-0.22399488245024862
5000,0.2,power,0.12826547133993704,0.04537871091879804,-0.1786161715314506
5000,0.5,power,0.08036063200840166,0.11315595980675316,-0.11083892264349546
5000,0.8,power,0.032163586984683,0.18009532021510086,-0.043899562235147765
5000,0.95,power,0.008040278836088923,0.21308506140258282,-0.010909821047665802
5000,1.0,power,0.0,0.22399488245024862,0.0
5000,,performance tiers,0.1571692394116345,0.38333333333333336,0.15933845088308474
5000,,tenure tiers,0.3379639803272817,0.38333333333333336,0.15933845088308474
10000,0.0,power,0.15912730555540885,0.0,-0.22346658407335018
10000,0.2,power,0.12771979517286525,0.045120197893306596,-0.1783463861800436
10000,0.5,power,0.08011419279235917,0.11263857019948878,-0.1108280138738614
10000,0.8,power,0.03212316538522701,0.17950281486047723,-0.043963769212872955
10000,0.95,power,0.008037714828049096,0.21253176727615433,-0.010934816797195851
10000,1.0,power,0.0,0.22346658407335018,0.0
10000,,performance tiers,0.15789430546348454,0.38333333333333336,0.15986674925998318
10000,,tenure tiers,0.3382243531044537,0.38333333333333336,0.15986674925998318
