alpha,accounts,actor_credit,authority_before,authority_after,within_regime_gain,raw_weight_multiplier,normalized_oracle
0.2,1,1.0,0.19315063977291771,0.19315063977291771,1.0,1.0,0.19315063977291771
0.2,1,100.0,0.4557217320643582,0.4557217320643582,1.0,1.0,0.4557217320643582
0.2,2,1.0,0.19315063977291771,0.29418406640012096,1.5230809835576298,1.7411011265922482,0.29418406640012096
0.2,2,100.0,0.4557217320643582,0.5931347342979575,1.301528306783038,1.7411011265922482,0.5931347342979575
0.2,5,1.0,0.19315063977291771,0.46453061465872425,2.405017219745485,3.623898318388478,0.4645306146587243
0.2,5,100.0,0.4557217320643582,0.7521239059679115,1.650401666299501,3.623898318388478,0.7521239059679115
0.2,10,1.0,0.19315063977291771,0.6016635713918742,3.1149965234349457,6.309573444801933,0.6016635713918742
0.2,10,100.0,0.4557217320643582,0.8408397880580764,1.8450728347958856,6.309573444801933,0.8408397880580762
0.2,20,1.0,0.19315063977291771,0.7245050104510631,3.7509842644209987,10.98560543306118,0.724505010451063
0.2,20,100.0,0.4557217320643582,0.9019434585214761,1.9791539333351373,10.98560543306118,0.9019434585214761
0.5,1,1.0,0.125500137105622,0.125500137105622,1.0,1.0,0.125500137105622
0.5,1,100.0,0.7692307692307694,0.7692307692307694,1.0,1.0,0.7692307692307694
0.5,2,1.0,0.125500137105622,0.16871361140968175,1.3443300963702607,1.4142135623730951,0.16871361140968177
0.5,2,100.0,0.7692307692307694,0.8249926341822363,1.0724904244369071,1.4142135623730951,0.8249926341822366
0.5,5,1.0,0.125500137105622,0.2429403091420766,1.93577724092537,2.23606797749979,0.24294030914207654
0.5,5,100.0,0.7692307692307694,0.88170664088596,1.1462186331517477,2.23606797749979,0.88170664088596
0.5,10,1.0,0.125500137105622,0.312157345199967,2.487306806185022,3.1622776601683795,0.312157345199967
0.5,10,100.0,0.7692307692307694,0.9133518367254779,1.1873573877431212,3.1622776601683795,0.9133518367254779
0.5,20,1.0,0.125500137105622,0.3909122704528956,3.1148354055095613,4.47213595499958,0.3909122704528956
0.5,20,100.0,0.7692307692307694,0.9371350684831807,1.2182755890281347,4.47213595499958,0.9371350684831806
0.8,1,1.0,0.07793218397459926,0.07793218397459926,1.0,1.0,0.07793218397459926
0.8,1,100.0,0.9299240889583485,0.9299240889583485,1.0,1.0,0.9299240889583485
0.8,2,1.0,0.07793218397459926,0.08849505652098527,1.1355392856669948,1.1486983549970349,0.08849505652098527
0.8,2,100.0,0.9299240889583485,0.9384369197870043,1.0091543287562228,1.1486983549970349,0.9384369197870043
0.8,5,1.0,0.07793218397459926,0.10443479016536668,1.3400726739469473,1.3797296614612147,0.10443479016536665
0.8,5,100.0,0.9299240889583485,0.9482115972733014,1.0196655926350262,1.3797296614612147,0.9482115972733015
0.8,10,1.0,0.07793218397459926,0.1181296037963382,1.515799991372507,1.5848931924611134,0.11812960379633816
0.8,10,100.0,0.9299240889583485,0.9546112918624222,1.0265475464042737,1.5848931924611134,0.9546112918624222
0.8,20,1.0,0.07793218397459926,0.1333528483939107,1.711139629262474,1.82056420302608,0.13335284839391062
0.8,20,100.0,0.9299240889583485,0.9602533011371507,1.0326147182753114,1.82056420302608,0.9602533011371508
0.95,1,1.0,0.06054484507293349,0.06054484507293349,1.0,1.0,0.06054484507293349
0.95,1,100.0,0.9636067300181288,0.9636067300181288,1.0,1.0,0.9636067300181288
0.95,2,1.0,0.06054484507293349,0.06254641099646066,1.0330592294210357,1.0352649238413776,0.06254641099646066
0.95,2,100.0,0.9636067300181288,0.9648027848175407,1.0012412271128381,1.0352649238413776,0.9648027848175406
0.95,5,1.0,0.06054484507293349,0.06528716703361166,1.0783274274624945,1.0837983867343681,0.06528716703361165
0.95,5,100.0,0.9636067300181288,0.9663258717423584,1.0028218376226767,1.0837983867343681,0.9663258717423583
0.95,10,1.0,0.06054484507293349,0.06743425694948955,1.113790230501985,1.1220184543019636,0.0674342569494896
0.95,10,100.0,0.9636067300181288,0.967435582686327,1.0039734598658585,1.1220184543019636,0.967435582686327
0.95,20,1.0,0.06054484507293349,0.06964669658772263,1.15033239417534,1.1615863496415424,0.06964669658772264
0.95,20,100.0,0.9636067300181288,0.9685099154819332,1.005088367807178,1.1615863496415424,0.9685099154819332
1.0,1,1.0,0.05555555555555555,0.05555555555555555,1.0,1.0,0.05555555555555555
1.0,1,100.0,0.970873786407767,0.970873786407767,1.0,1.0,0.970873786407767
1.0,2,1.0,0.05555555555555555,0.055555555555555546,0.9999999999999999,1.0,0.05555555555555555
1.0,2,100.0,0.970873786407767,0.970873786407767,1.0,1.0,0.970873786407767
1.0,5,1.0,0.05555555555555555,0.05555555555555557,1.0000000000000004,1.0,0.05555555555555555
1.0,5,100.0,0.970873786407767,0.970873786407767,1.0,1.0,0.970873786407767
1.0,10,1.0,0.05555555555555555,0.055555555555555566,1.0000000000000002,1.0,0.05555555555555555
1.0,10,100.0,0.970873786407767,0.970873786407767,1.0,1.0,0.970873786407767
1.0,20,1.0,0.05555555555555555,0.05555555555555556,1.0000000000000002,1.0,0.05555555555555555
1.0,20,100.0,0.970873786407767,0.970873786407767,1.0,1.0,0.970873786407767
