decision_errors,decisions_completed,max_individual_time_booked_hours,produced_work_units,effort_hours,cooperation_units,decision_regret_units,backlog_peak_records,review_hours,verification_resource_units,reviews_rejected,fraudulent_records_detected,honest_records_rejected,confirmed_records,fraudulent_records_accepted,appeal_hours,corrections,decisions_unresolved,model_version,world,regime,backend,attack,n,days_completed,update_interval_days,confirmation_mean_days,confirmation_p95_days,appeal_mean_days,unfinished_records,unfinished_appeals,last_authority_contribution_tv,last_signed_gini_gap
4.0,47.0,0.9720315205496317,185.6413976276217,159.11879985530297,90.36151829952466,2.0952790579552083,68,23.600000000000065,0.0,40.0,0.0,40.0,187.0,0.0,0.6,4.0,1.0,0.1.0,0,equal,central,none,24,12,1,2.5989304812834226,3.0,6.0,65,2,0.17616235302155775,-0.23315826013887248
4.0,47.0,0.9659377764387476,184.87862201293265,158.1116229123399,88.91963162073358,2.0952790579552083,119,20.000000000000014,40.00000000000003,33.0,0.0,33.0,140.0,0.0,0.6,3.0,1.0,0.1.0,0,equal,witness,none,24,12,1,4.164285714285715,5.0,7.333333333333333,119,0,0.16754191495239135,-0.22700895619342998
4.0,47.0,0.9580631692128001,184.21021898362943,157.3381403447724,87.80328821508003,2.0952790579552083,165,15.99999999999996,80.0,26.0,0.0,26.0,100.0,0.0,0.44999999999999996,2.0,1.0,0.1.0,0,equal,consensus,none,24,12,1,5.65,7.0,8.5,165,1,0.1782854211668656,-0.2384460289041108
8.0,47.0,1.0,184.23961975020973,158.12292282324825,90.1760626176313,4.052161698454547,68,23.600000000000065,0.0,40.0,0.0,40.0,187.0,0.0,0.6,4.0,1.0,0.1.0,0,linear,central,none,24,12,1,2.6042780748663104,3.0,6.0,65,2,0.0,2.7755575615628914e-17
7.0,47.0,1.0,184.5157007390036,157.51691067097698,88.8538116330097,3.6071184442248776,120,20.000000000000014,40.00000000000003,32.0,0.0,32.0,140.0,0.0,0.6,3.0,1.0,0.1.0,0,linear,witness,none,24,12,1,4.171428571428572,5.0,7.333333333333333,120,0,0.0,-6.938893903907228e-18
8.0,47.0,1.0,184.57871752926962,156.903702219244,88.04725872736252,4.022525714920073,165,15.99999999999996,80.0,27.0,0.0,27.0,99.0,0.0,0.44999999999999996,2.0,1.0,0.1.0,0,linear,consensus,none,24,12,1,5.636363636363637,7.0,8.5,165,1,0.0,-1.3877787807814457e-17
7.0,47.0,1.0,184.49618826920732,158.8344653905137,89.9796850935756,3.5357681382502295,68,23.600000000000065,0.0,39.0,0.0,39.0,188.0,0.0,0.6,4.0,1.0,0.1.0,0,sublinear,central,none,24,12,1,2.601063829787234,3.0,6.0,65,2,0.04019004025528098,-0.04926681220579977
6.0,47.0,1.0,184.66835464143466,158.11976287836586,88.6703711554355,3.0907248840205597,120,20.000000000000014,40.00000000000003,32.0,0.0,32.0,140.0,0.0,0.6,3.0,1.0,0.1.0,0,sublinear,witness,none,24,12,1,4.164285714285715,5.0,7.333333333333333,120,0,0.0395905052845312,-0.049082750036423164
6.0,47.0,1.0,184.60635878700265,157.27820595648606,87.91038640026457,3.0907248840205597,165,15.99999999999996,80.0,27.0,0.0,27.0,99.0,0.0,0.44999999999999996,2.0,1.0,0.1.0,0,sublinear,consensus,none,24,12,1,5.636363636363637,7.0,8.5,165,1,0.040313820550175225,-0.049248255697377716
7.0,47.0,1.0,183.6044111993645,157.16646976884874,89.88895870902522,3.6071184442248776,67,23.600000000000065,0.0,42.0,0.0,42.0,185.0,0.0,0.6,4.0,1.0,0.1.0,0,hierarchy,central,none,24,12,1,2.6,3.0,6.0,65,2,0.13109651958862345,0.12734601092012587
7.0,47.0,1.0,184.25735537677028,156.71275725173666,88.64884463739344,3.6071184442248776,120,20.000000000000014,40.00000000000003,33.0,0.0,33.0,139.0,0.0,0.6,3.0,1.0,0.1.0,0,hierarchy,witness,none,24,12,1,4.16546762589928,5.0,7.333333333333333,120,0,0.13763157992052155,0.13553147668751458
9.0,47.0,1.0,184.17307432842904,156.4001370580094,88.01238444493696,4.130613137798405,166,15.99999999999996,80.0,25.0,0.0,25.0,100.0,0.0,0.44999999999999996,2.0,1.0,0.1.0,0,hierarchy,consensus,none,24,12,1,5.65,7.0,8.5,166,1,0.13531815030469735,0.13772015681108904
8.0,47.0,1.0,184.8640917603303,158.44685600974358,92.23022119322225,3.378610979443799,67,23.600000000000065,0.0,40.0,0.0,40.0,187.0,0.0,0.6,4.0,1.0,0.1.0,0,hierarchy_tenure,central,none,24,12,1,2.593582887700535,3.0,6.0,65,2,0.374732755238391,0.15825751777579916
8.0,47.0,1.0,183.78643542178085,157.42635237414413,90.71341660025476,3.378610979443799,119,20.000000000000014,40.00000000000003,32.0,0.0,32.0,141.0,0.0,0.6,3.0,1.0,0.1.0,0,hierarchy_tenure,witness,none,24,12,1,4.156028368794326,5.0,7.333333333333333,119,0,0.36816268623585807,0.16797898940725067
8.0,47.0,1.0,182.87932713441108,156.63829068800894,89.49688171025365,3.378610979443799,165,15.99999999999996,80.0,25.0,0.0,25.0,101.0,0.0,0.44999999999999996,2.0,1.0,0.1.0,0,hierarchy_tenure,consensus,none,24,12,1,5.633663366336633,7.0,8.5,165,1,0.3616957661076864,0.14864716285955504
7.0,48.0,0.9590424007904113,180.81264173307324,155.25727885341846,80.13456861237466,2.165786312837611,71,23.600000000000065,0.0,40.0,0.0,40.0,181.0,0.0,0.6,4.0,,0.1.0,1,equal,central,none,24,12,1,2.574585635359116,3.0,5.75,71,1,0.18004161499506544,-0.2238257500173606
7.0,48.0,0.9429256261431126,179.9952806891782,154.25528473833995,78.93765745291215,2.165786312837611,121,20.000000000000014,40.00000000000003,38.0,0.0,38.0,133.0,0.0,0.6,2.0,,0.1.0,1,equal,witness,none,24,12,1,4.112781954887218,5.0,7.0,121,0,0.18911206257144253,-0.23417606546917163
7.0,48.0,0.9314177596134166,179.44183759211379,153.5686965075076,78.14046010142344,2.165786312837611,166,15.99999999999996,80.0,31.0,0.0,31.0,94.0,0.0,0.44999999999999996,1.0,,0.1.0,1,equal,consensus,none,24,12,1,5.585106382978723,7.0,9.0,166,1,0.21515141993952322,-0.2603775712383361
8.0,48.0,1.0,178.34562810491119,155.11488626358948,79.28051130888427,2.6024177696110318,70,23.600000000000065,0.0,45.0,0.0,45.0,177.0,0.0,0.6,4.0,,0.1.0,1,linear,central,none,24,12,1,2.5706214689265536,3.0,5.75,70,1,0.0,6.938893903907228e-18
8.0,48.0,1.0,178.85295772311866,154.36199393720054,78.55464334076177,2.5001995992065025,121,20.000000000000014,40.00000000000003,40.0,0.0,40.0,131.0,0.0,0.6,2.0,,0.1.0,1,linear,witness,none,24,12,1,4.099236641221374,5.0,7.0,121,0,0.0,-6.938893903907228e-18
6.0,48.0,1.0,178.75932795478653,153.773330510048,77.50777153437491,1.457536691822345,164,15.99999999999996,80.0,32.0,0.0,32.0,95.0,0.0,0.44999999999999996,1.0,,0.1.0,1,linear,consensus,none,24,12,1,5.6,7.0,9.0,164,1,0.0,1.3877787807814457e-17
8.0,48.0,1.0,178.81591403397925,155.3168523634879,79.58195709456945,2.6024177696110318,71,23.600000000000065,0.0,43.0,0.0,43.0,178.0,0.0,0.6,4.0,,0.1.0,1,sublinear,central,none,24,12,1,2.567415730337079,3.0,5.75,71,1,0.03440077037923007,-0.04131846968716611
7.0,48.0,1.0,179.21305034307056,154.53759454005154,78.5839704268894,1.8358916994601953,121,20.000000000000014,40.00000000000003,39.0,0.0,39.0,132.0,0.0,0.6,2.0,,0.1.0,1,sublinear,witness,none,24,12,1,4.106060606060606,5.0,7.0,121,0,0.03703375207087557,-0.04192783476245114
6.0,48.0,1.0,178.844434763666,153.93262084120948,77.47511274479827,1.457536691822345,164,15.99999999999996,80.0,32.0,0.0,32.0,95.0,0.0,0.44999999999999996,1.0,,0.1.0,1,sublinear,consensus,none,24,12,1,5.6,7.0,9.0,164,1,0.04049883208267693,-0.045516684396605694
8.0,48.0,1.0,178.73404399302044,153.92797890974404,79.84009150395931,2.6024177696110318,69,23.600000000000065,0.0,45.0,0.0,45.0,178.0,0.0,0.6,4.0,,0.1.0,1,hierarchy,central,none,24,12,1,2.567415730337079,3.0,5.75,69,1,0.16308858098536436,0.14519536581921963
8.0,48.0,1.0,178.36757351840106,153.52366588548543,79.12229902702312,1.9223836833737962,121,20.000000000000014,40.00000000000003,37.0,0.0,37.0,134.0,0.0,0.6,2.0,,0.1.0,1,hierarchy,witness,none,24,12,1,4.111940298507463,5.0,7.0,121,0,0.17495450031634768,0.14042772385775476
6.0,48.0,1.0,178.73223050321397,153.1423170463022,77.62540440789067,1.457536691822345,165,15.99999999999996,80.0,32.0,0.0,32.0,94.0,0.0,0.44999999999999996,1.0,,0.1.0,1,hierarchy,consensus,none,24,12,1,5.585106382978723,7.0,9.0,165,1,0.15039217168067398,0.1178285892546308
5.0,48.0,1.0,175.69587307526947,153.83750541575893,79.4199904545219,1.925742360642166,70,23.600000000000065,0.0,46.0,0.0,46.0,176.0,0.0,0.6,4.0,,0.1.0,1,hierarchy_tenure,central,none,24,12,1,2.5738636363636362,3.0,5.75,70,1,0.2839144820723708,0.14769134864513353
5.0,48.0,1.0000000000000002,174.91902196530506,153.01158352495995,78.37532393895772,1.925742360642166,121,20.000000000000014,40.00000000000003,41.0,0.0,41.0,130.0,0.0,0.6,2.0,,0.1.0,1,hierarchy_tenure,witness,none,24,12,1,4.1,5.0,7.0,121,0,0.28949357739403364,0.14012496249893508
5.0,48.0,1.0000000000000002,174.34883913590824,152.46342940600175,77.65847896598258,1.925742360642166,163,15.99999999999996,80.0,34.0,0.0,34.0,94.0,0.0,0.44999999999999996,1.0,,0.1.0,1,hierarchy_tenure,consensus,none,24,12,1,5.585106382978723,7.0,9.0,163,1,0.2768574028083752,0.12056890766572495
